!FRM4SOC_CP
!ANGDATA
# angular responsivity characterization results

# comments start with # (ignored by the processor)
# no empty lines between the parameter signatures in [] and the parameter values
# parameters are case insensitive
# parameters can be inserted in any order, except the first two signatures
# columns are tab- or space-delimited

[VERSION]
0.1

[CALDATE]
2024-11-07 12:33:44

[CALLAB]
Tartu Observatory

[USER]
Ilmar Ansko

[DEVICE]
SAM_8831

[AMBIENT_TEMP]
21.0

[DEVICE_TEMP]
23.00

[AZIMUTH_ANGLE]
0

[COLUMN_NAMES]
px	wl\angle	-90.00	-85.00	-80.00	-75.00	-70.00	-65.00	-60.00	-55.00	-50.00	-45.00	-40.00	-35.00	-30.00	-25.00	-20.00	-17.50	-15.00	-12.50	-10.00	-7.50	-5.00	-2.50	0.00	2.50	5.00	7.50	10.00	12.50	15.00	17.50	20.00	25.00	30.00	35.00	40.00	45.00	50.00	55.00	60.00	65.00	70.00	75.00	80.00	85.00	90.00

[COSERROR]
0	303.26	3.00	3.00	3.00	3.00	3.00	3.00	3.00	3.00	3.00	3.00	3.00	3.00	3.00	3.00	3.00	3.00	3.00	3.00	3.00	3.00	3.00	3.00	3.00	3.00	3.00	3.00	3.00	3.00	3.00	3.00	3.00	3.00	3.00	3.00	3.00	3.00	3.00	3.00	3.00	3.00	3.00	3.00	3.00	3.00	3.00
1	306.57	9.82	9.82	-7.09	-2.19	-1.74	-0.38	0.26	-0.23	0.81	0.72	0.60	0.54	-0.25	0.83	0.54	0.61	0.55	1.32	0.58	0.87	0.72	-0.34	0.00	0.24	1.10	1.58	1.02	1.21	1.71	1.62	1.16	0.85	1.87	2.01	2.23	2.46	2.35	3.75	4.14	1.39	1.23	-1.10	-0.33	19.81	19.81
2	309.88	17.35	17.35	2.64	-0.80	-0.35	0.99	1.26	1.73	1.50	0.74	0.26	0.68	0.19	0.25	0.54	0.59	0.62	0.68	-0.04	0.83	0.37	0.41	0.00	0.17	0.77	0.26	0.50	0.44	0.78	0.47	1.13	1.31	1.42	1.50	0.90	1.49	2.14	2.88	2.30	2.31	2.43	0.45	0.63	22.05	22.05
3	313.20	16.80	16.80	-0.51	-2.78	-0.23	0.43	0.98	0.87	0.92	0.24	0.41	0.28	0.42	0.69	0.49	0.37	0.46	0.64	0.27	0.76	0.34	-0.08	0.00	0.05	0.96	0.74	0.89	0.92	0.91	0.84	0.84	1.07	1.46	1.33	1.38	1.34	1.61	1.69	2.41	1.42	0.53	0.81	3.30	21.94	21.94
4	316.51	15.93	15.93	0.68	-0.52	0.14	0.57	1.65	1.44	1.55	1.12	0.98	0.87	0.56	0.49	0.68	0.87	0.79	0.85	0.69	0.87	0.48	0.28	0.00	0.45	0.72	0.66	0.94	1.00	0.68	0.91	0.85	1.05	1.24	1.33	1.39	1.64	2.12	2.70	2.42	2.23	1.65	2.16	3.90	20.14	20.14
5	319.82	17.34	17.34	1.61	0.17	0.76	1.11	1.30	1.08	0.96	0.67	0.47	0.48	0.40	0.60	0.13	0.54	0.36	0.64	0.27	0.60	0.31	-0.04	0.00	-0.13	0.81	0.48	0.90	0.60	0.91	0.71	0.73	0.83	1.41	1.20	1.56	1.87	2.38	2.72	2.35	2.83	2.41	1.82	4.67	21.97	21.97
6	323.14	18.21	18.21	1.25	-0.20	0.33	1.01	1.29	1.30	1.11	1.05	0.47	0.68	0.35	0.66	0.30	0.51	0.39	0.64	0.46	0.64	0.46	0.09	0.00	0.25	0.62	0.59	0.71	0.55	0.82	0.73	0.98	0.70	1.54	1.16	1.56	1.84	2.68	2.85	3.04	2.53	2.22	2.89	5.06	24.35	24.35
7	326.45	22.09	22.09	2.55	0.44	0.73	1.13	1.69	1.40	1.39	1.41	0.83	0.59	0.31	0.65	0.39	0.78	0.42	0.79	0.45	0.51	0.21	0.05	0.00	0.06	0.74	0.55	0.78	0.83	0.91	0.98	0.90	0.93	1.49	1.32	1.73	1.78	2.18	2.85	3.17	2.84	2.32	2.43	5.14	27.66	27.66
8	329.77	23.78	23.78	3.13	0.80	0.74	1.13	1.63	1.60	1.33	1.05	0.72	0.91	0.69	0.64	0.49	0.80	0.75	0.74	0.45	0.67	0.50	0.19	0.00	0.22	0.94	0.60	0.86	0.88	1.09	1.02	1.01	1.37	1.54	1.42	1.80	2.02	2.54	3.11	3.13	3.25	2.94	2.32	5.37	25.96	25.96
9	333.09	21.46	21.46	2.90	0.70	1.06	1.52	2.11	1.55	1.38	1.14	0.90	0.81	0.61	0.66	0.54	0.77	0.70	0.62	0.56	0.78	0.38	0.09	0.00	0.41	0.67	0.57	0.86	0.86	1.05	0.97	0.89	1.18	1.57	1.35	1.84	2.24	2.69	2.95	3.16	3.21	2.88	3.04	6.23	26.60	26.60
10	336.40	22.50	22.50	3.27	0.72	1.04	1.65	1.81	1.68	1.37	1.28	0.96	0.81	0.61	0.71	0.50	0.75	0.59	0.75	0.60	0.62	0.47	0.06	0.00	0.22	0.70	0.69	0.93	0.89	1.05	1.02	1.09	1.14	1.62	1.59	2.07	2.20	2.58	3.02	3.27	3.37	2.79	3.34	6.30	28.67	28.67
11	339.72	22.42	22.42	3.02	1.18	1.19	1.63	1.94	1.77	1.53	1.26	0.85	0.92	0.74	0.72	0.53	0.84	0.75	0.75	0.52	0.69	0.43	0.14	0.00	0.27	0.71	0.66	0.90	0.90	1.04	0.99	1.06	1.19	1.68	1.53	1.97	2.38	2.76	3.13	3.29	3.37	3.43	3.04	6.40	27.60	27.60
12	343.04	22.46	22.46	3.61	1.28	1.43	1.89	2.11	1.98	1.56	1.43	0.99	1.05	0.79	0.85	0.58	0.82	0.68	0.69	0.55	0.71	0.39	0.07	0.00	0.19	0.58	0.61	0.80	0.92	1.02	1.04	1.04	1.26	1.67	1.45	1.92	2.35	2.85	3.32	3.41	3.41	3.31	3.66	6.79	27.50	27.50
13	346.36	22.50	22.50	3.88	1.39	1.42	1.66	2.10	1.84	1.66	1.44	1.02	0.98	0.74	0.77	0.60	0.81	0.66	0.75	0.52	0.67	0.38	0.07	0.00	0.15	0.62	0.61	0.83	0.85	1.06	1.02	1.10	1.31	1.66	1.64	2.01	2.32	2.79	3.27	3.59	3.80	3.35	3.67	7.00	28.90	28.90
14	349.68	23.33	23.33	3.93	1.20	1.35	1.75	2.08	1.84	1.59	1.45	1.05	1.08	0.76	0.79	0.62	0.79	0.72	0.77	0.53	0.58	0.41	0.03	0.00	0.16	0.70	0.66	0.86	0.88	1.08	1.09	1.11	1.32	1.70	1.69	1.99	2.40	2.95	3.24	3.57	3.73	3.48	3.71	7.14	28.19	28.19
15	353.00	23.05	23.05	3.85	1.48	1.33	1.84	2.12	1.90	1.61	1.41	1.07	1.06	0.76	0.78	0.62	0.80	0.71	0.74	0.51	0.63	0.38	0.07	0.00	0.14	0.62	0.56	0.81	0.84	1.00	0.98	1.03	1.21	1.65	1.57	2.04	2.36	2.81	3.37	3.48	3.57	3.38	3.56	6.92	27.75	27.75
16	356.33	23.15	23.15	4.12	1.40	1.49	1.90	2.26	1.90	1.65	1.46	1.09	1.05	0.87	0.86	0.66	0.82	0.80	0.87	0.56	0.68	0.45	0.13	0.00	0.25	0.69	0.66	0.93	0.95	1.15	1.12	1.13	1.31	1.77	1.67	2.05	2.36	2.95	3.38	3.63	3.66	3.45	3.92	7.28	28.32	28.32
17	359.65	23.41	23.41	3.78	1.32	1.38	1.80	2.12	1.91	1.68	1.54	1.13	1.07	0.79	0.87	0.65	0.84	0.73	0.80	0.53	0.66	0.44	0.12	0.00	0.22	0.65	0.66	0.91	0.96	1.18	1.12	1.16	1.32	1.72	1.67	2.06	2.46	2.87	3.32	3.62	3.76	3.52	3.92	7.11	28.71	28.71
18	362.97	23.32	23.32	3.82	1.44	1.38	1.86	2.11	1.81	1.63	1.46	1.09	1.02	0.81	0.84	0.63	0.79	0.72	0.74	0.52	0.62	0.41	0.07	0.00	0.17	0.63	0.63	0.82	0.86	1.10	1.02	1.09	1.27	1.66	1.68	2.08	2.40	2.91	3.32	3.62	3.70	3.51	3.84	7.24	28.84	28.84
19	366.30	23.03	23.03	3.76	1.31	1.38	1.80	2.17	1.89	1.64	1.49	1.11	1.01	0.83	0.83	0.64	0.78	0.79	0.84	0.55	0.65	0.43	0.13	0.00	0.22	0.62	0.63	0.85	0.94	1.08	1.06	1.11	1.31	1.70	1.69	2.00	2.45	2.95	3.35	3.60	3.70	3.45	3.93	7.09	28.61	28.61
20	369.62	23.03	23.03	3.67	1.14	1.22	1.80	2.12	1.84	1.58	1.46	1.07	1.00	0.79	0.77	0.61	0.79	0.68	0.78	0.50	0.60	0.40	0.09	0.00	0.19	0.58	0.58	0.82	0.90	1.09	1.04	1.07	1.28	1.68	1.59	1.99	2.36	2.89	3.27	3.52	3.70	3.39	3.94	7.14	29.17	29.17
21	372.95	22.95	22.95	3.72	1.15	1.20	1.73	2.04	1.78	1.65	1.42	1.03	0.98	0.77	0.75	0.58	0.75	0.70	0.76	0.49	0.56	0.39	0.09	0.00	0.17	0.56	0.60	0.79	0.87	1.07	1.08	1.03	1.23	1.70	1.63	2.03	2.39	2.89	3.30	3.58	3.68	3.46	3.96	7.28	28.95	28.95
22	376.27	23.17	23.17	3.73	1.21	1.30	1.77	2.00	1.82	1.55	1.46	1.02	0.97	0.80	0.74	0.59	0.74	0.73	0.72	0.53	0.58	0.36	0.06	0.00	0.15	0.57	0.62	0.78	0.84	1.07	1.05	1.05	1.24	1.62	1.69	2.04	2.40	2.86	3.30	3.56	3.71	3.61	3.95	7.45	29.15	29.15
23	379.60	23.13	23.13	3.97	1.13	1.42	1.78	2.03	1.83	1.60	1.39	1.01	0.98	0.78	0.73	0.59	0.74	0.75	0.75	0.49	0.58	0.37	0.07	0.00	0.18	0.56	0.59	0.74	0.89	1.06	1.04	1.05	1.29	1.65	1.67	2.03	2.43	2.90	3.34	3.64	3.76	3.58	3.93	7.47	29.19	29.19
24	382.93	23.11	23.11	3.93	1.27	1.38	1.89	2.12	1.92	1.64	1.46	1.12	1.02	0.83	0.78	0.64	0.81	0.77	0.83	0.50	0.65	0.43	0.15	0.00	0.20	0.57	0.63	0.85	0.95	1.11	1.08	1.13	1.30	1.68	1.69	2.08	2.46	2.94	3.36	3.63	3.86	3.52	4.09	7.61	29.35	29.35
25	386.26	23.42	23.42	3.89	1.19	1.32	1.81	2.12	1.82	1.64	1.47	1.06	1.04	0.81	0.76	0.62	0.81	0.81	0.78	0.51	0.60	0.40	0.14	0.00	0.18	0.56	0.63	0.78	0.91	1.14	1.11	1.11	1.31	1.71	1.73	2.09	2.44	2.88	3.36	3.67	3.75	3.59	4.06	7.78	29.49	29.49
26	389.58	23.60	23.60	4.03	1.31	1.43	1.90	2.19	1.94	1.65	1.54	1.14	1.06	0.88	0.84	0.67	0.82	0.80	0.82	0.56	0.59	0.41	0.11	0.00	0.21	0.57	0.63	0.78	0.94	1.14	1.13	1.17	1.34	1.75	1.75	2.11	2.48	2.95	3.41	3.71	3.86	3.73	4.11	7.57	29.85	29.85
27	392.91	23.84	23.84	4.12	1.27	1.52	1.90	2.21	1.93	1.67	1.50	1.14	1.03	0.84	0.81	0.65	0.82	0.79	0.83	0.57	0.59	0.42	0.15	0.00	0.18	0.56	0.60	0.77	0.93	1.14	1.11	1.15	1.37	1.72	1.74	2.11	2.48	2.95	3.42	3.76	3.88	3.65	4.03	7.85	29.59	29.59
28	396.24	23.39	23.39	4.14	1.34	1.41	1.90	2.18	1.96	1.65	1.50	1.16	1.03	0.84	0.82	0.67	0.82	0.80	0.85	0.53	0.59	0.45	0.13	0.00	0.18	0.56	0.64	0.80	0.93	1.14	1.16	1.15	1.37	1.77	1.74	2.15	2.52	2.98	3.42	3.76	3.89	3.71	4.18	7.86	29.80	29.80
29	399.57	23.94	23.94	4.38	1.44	1.48	1.90	2.23	1.93	1.68	1.50	1.14	1.00	0.85	0.81	0.64	0.80	0.81	0.82	0.53	0.57	0.40	0.12	0.00	0.18	0.54	0.62	0.77	0.93	1.15	1.13	1.13	1.33	1.72	1.77	2.15	2.50	3.00	3.45	3.76	3.93	3.74	4.27	8.01	30.10	30.10
30	402.90	24.21	24.21	4.39	1.48	1.55	2.01	2.19	1.96	1.68	1.53	1.17	1.06	0.86	0.84	0.68	0.83	0.83	0.85	0.56	0.58	0.42	0.12	0.00	0.16	0.54	0.62	0.78	0.96	1.18	1.16	1.19	1.35	1.75	1.83	2.15	2.54	2.99	3.45	3.81	3.95	3.79	4.29	8.07	30.48	30.48
31	406.24	24.16	24.16	4.45	1.54	1.44	1.98	2.21	1.97	1.71	1.51	1.11	1.00	0.86	0.80	0.67	0.82	0.79	0.83	0.54	0.56	0.40	0.10	0.00	0.17	0.51	0.59	0.77	0.93	1.14	1.15	1.18	1.36	1.75	1.78	2.13	2.48	2.96	3.44	3.83	3.99	3.79	4.30	8.27	30.15	30.15
32	409.57	24.19	24.19	4.52	1.54	1.54	2.03	2.24	1.99	1.70	1.51	1.13	1.04	0.87	0.84	0.68	0.83	0.82	0.86	0.53	0.55	0.41	0.10	0.00	0.18	0.48	0.63	0.79	0.94	1.15	1.16	1.18	1.37	1.74	1.80	2.15	2.50	2.97	3.50	3.82	3.95	3.83	4.26	8.22	30.34	30.34
33	412.90	24.43	24.43	4.45	1.51	1.50	2.01	2.24	1.98	1.67	1.49	1.17	1.03	0.87	0.82	0.68	0.84	0.83	0.84	0.56	0.56	0.40	0.11	0.00	0.15	0.49	0.61	0.76	0.93	1.16	1.15	1.18	1.36	1.76	1.79	2.16	2.51	2.98	3.45	3.82	3.96	3.76	4.40	8.24	30.45	30.45
34	416.23	24.50	24.50	4.63	1.46	1.49	1.99	2.21	1.97	1.71	1.51	1.17	1.02	0.86	0.83	0.65	0.81	0.83	0.84	0.54	0.56	0.39	0.09	0.00	0.15	0.47	0.61	0.75	0.92	1.17	1.17	1.19	1.37	1.75	1.81	2.19	2.56	2.99	3.48	3.84	4.01	3.80	4.37	8.37	30.74	30.74
35	419.57	24.55	24.55	4.57	1.53	1.48	1.98	2.21	1.96	1.69	1.47	1.15	1.00	0.86	0.80	0.66	0.82	0.80	0.84	0.55	0.56	0.40	0.10	0.00	0.13	0.46	0.59	0.74	0.93	1.14	1.15	1.17	1.35	1.72	1.80	2.17	2.56	2.97	3.50	3.85	4.02	3.81	4.35	8.37	30.69	30.69
36	422.90	24.48	24.48	4.59	1.53	1.49	2.04	2.24	1.98	1.70	1.48	1.15	1.00	0.86	0.80	0.66	0.83	0.82	0.85	0.56	0.56	0.41	0.11	0.00	0.16	0.46	0.60	0.75	0.94	1.16	1.15	1.18	1.36	1.72	1.80	2.15	2.52	2.99	3.50	3.84	4.05	3.83	4.41	8.45	30.69	30.69
37	426.23	24.33	24.33	4.64	1.49	1.47	2.01	2.19	1.93	1.67	1.45	1.13	1.00	0.84	0.80	0.66	0.80	0.81	0.83	0.53	0.52	0.38	0.08	0.00	0.12	0.44	0.58	0.72	0.92	1.13	1.15	1.16	1.34	1.70	1.78	2.15	2.51	2.97	3.48	3.85	4.01	3.81	4.42	8.50	30.77	30.77
38	429.57	24.51	24.51	4.55	1.46	1.43	1.99	2.19	1.93	1.65	1.43	1.10	0.97	0.83	0.80	0.65	0.81	0.80	0.84	0.53	0.53	0.39	0.09	0.00	0.13	0.45	0.59	0.73	0.92	1.14	1.15	1.18	1.34	1.70	1.78	2.15	2.50	2.95	3.49	3.83	4.01	3.80	4.39	8.48	30.85	30.85
39	432.90	24.50	24.50	4.54	1.41	1.38	1.95	2.15	1.88	1.61	1.39	1.09	0.93	0.81	0.78	0.64	0.78	0.79	0.83	0.54	0.53	0.39	0.10	0.00	0.14	0.43	0.58	0.72	0.91	1.13	1.15	1.16	1.34	1.67	1.77	2.13	2.51	2.94	3.48	3.82	4.02	3.80	4.35	8.49	30.81	30.81
40	436.24	24.34	24.34	4.51	1.34	1.34	1.92	2.11	1.85	1.58	1.37	1.06	0.90	0.79	0.75	0.63	0.77	0.77	0.80	0.52	0.52	0.39	0.08	0.00	0.12	0.42	0.56	0.72	0.90	1.10	1.12	1.16	1.31	1.65	1.75	2.09	2.47	2.92	3.43	3.81	4.02	3.75	4.37	8.55	30.84	30.84
41	439.58	24.32	24.32	4.46	1.30	1.34	1.91	2.11	1.85	1.57	1.33	1.06	0.88	0.77	0.75	0.62	0.76	0.77	0.81	0.51	0.51	0.37	0.09	0.00	0.12	0.43	0.56	0.69	0.88	1.10	1.12	1.14	1.30	1.63	1.75	2.08	2.47	2.90	3.43	3.80	4.01	3.76	4.32	8.49	30.92	30.92
42	442.91	24.40	24.40	4.51	1.37	1.36	1.92	2.11	1.84	1.57	1.34	1.06	0.88	0.78	0.74	0.63	0.77	0.78	0.83	0.54	0.52	0.38	0.11	0.00	0.13	0.43	0.56	0.71	0.91	1.11	1.13	1.15	1.32	1.63	1.76	2.11	2.49	2.92	3.43	3.81	4.03	3.75	4.33	8.57	31.02	31.02
43	446.25	24.37	24.37	4.43	1.37	1.30	1.92	2.10	1.81	1.55	1.32	1.04	0.87	0.77	0.72	0.61	0.75	0.77	0.82	0.52	0.50	0.38	0.07	0.00	0.12	0.41	0.56	0.69	0.89	1.11	1.14	1.16	1.31	1.61	1.75	2.10	2.47	2.89	3.45	3.83	4.03	3.79	4.39	8.63	31.23	31.23
44	449.59	24.21	24.21	4.37	1.27	1.23	1.86	2.04	1.77	1.50	1.27	1.02	0.84	0.73	0.71	0.61	0.74	0.76	0.81	0.52	0.50	0.38	0.08	0.00	0.12	0.40	0.56	0.69	0.90	1.09	1.12	1.14	1.30	1.58	1.73	2.07	2.44	2.90	3.44	3.82	4.04	3.80	4.37	8.63	31.08	31.08
45	452.92	24.18	24.18	4.38	1.27	1.25	1.87	2.04	1.77	1.48	1.24	1.01	0.83	0.72	0.69	0.59	0.73	0.75	0.80	0.52	0.48	0.36	0.06	0.00	0.11	0.38	0.54	0.68	0.88	1.09	1.11	1.13	1.27	1.58	1.71	2.06	2.43	2.86	3.42	3.78	4.01	3.76	4.34	8.62	31.05	31.05
46	456.26	24.24	24.24	4.43	1.30	1.31	1.90	2.05	1.78	1.50	1.27	1.02	0.83	0.73	0.71	0.61	0.75	0.75	0.81	0.52	0.49	0.37	0.06	0.00	0.09	0.38	0.55	0.69	0.88	1.10	1.12	1.13	1.29	1.58	1.72	2.06	2.44	2.85	3.42	3.80	4.03	3.77	4.38	8.62	31.26	31.26
47	459.60	24.30	24.30	4.36	1.30	1.27	1.87	2.06	1.75	1.49	1.26	1.02	0.82	0.73	0.70	0.61	0.74	0.75	0.81	0.53	0.49	0.37	0.08	0.00	0.10	0.38	0.56	0.69	0.88	1.10	1.13	1.14	1.29	1.56	1.71	2.06	2.44	2.84	3.41	3.79	4.00	3.75	4.36	8.60	31.21	31.21
48	462.94	24.26	24.26	4.37	1.28	1.27	1.88	2.04	1.75	1.47	1.24	1.01	0.80	0.72	0.69	0.61	0.72	0.75	0.79	0.51	0.48	0.36	0.07	0.00	0.10	0.37	0.54	0.67	0.88	1.07	1.12	1.14	1.28	1.54	1.71	2.07	2.43	2.85	3.41	3.82	4.03	3.77	4.40	8.65	31.34	31.34
49	466.28	23.98	23.98	4.22	1.22	1.21	1.83	2.00	1.71	1.43	1.19	0.97	0.76	0.68	0.65	0.58	0.69	0.71	0.78	0.49	0.47	0.35	0.05	0.00	0.09	0.34	0.53	0.66	0.86	1.04	1.09	1.12	1.25	1.50	1.68	2.01	2.39	2.82	3.37	3.77	4.01	3.77	4.39	8.62	31.21	31.21
50	469.62	24.08	24.08	4.25	1.25	1.24	1.82	2.00	1.72	1.43	1.19	0.98	0.76	0.66	0.65	0.58	0.70	0.71	0.78	0.51	0.46	0.35	0.06	0.00	0.09	0.36	0.54	0.67	0.86	1.05	1.09	1.13	1.25	1.51	1.68	2.04	2.41	2.86	3.42	3.82	4.08	3.81	4.48	8.69	31.43	31.43
51	472.96	24.52	24.52	4.47	1.42	1.39	1.94	2.08	1.77	1.51	1.24	1.01	0.81	0.71	0.69	0.62	0.73	0.76	0.81	0.51	0.47	0.37	0.06	0.00	0.10	0.36	0.55	0.68	0.89	1.10	1.13	1.15	1.29	1.54	1.72	2.06	2.46	2.89	3.45	3.87	4.12	3.86	4.55	8.77	31.56	31.56
52	476.29	24.90	24.90	4.58	1.53	1.44	2.02	2.15	1.83	1.55	1.28	1.07	0.83	0.75	0.72	0.65	0.76	0.79	0.85	0.53	0.49	0.38	0.07	0.00	0.10	0.37	0.55	0.69	0.90	1.12	1.14	1.19	1.32	1.56	1.76	2.10	2.49	2.93	3.50	3.91	4.19	4.00	4.65	8.94	31.92	31.92
53	479.63	24.79	24.79	4.56	1.52	1.40	1.96	2.11	1.82	1.51	1.24	1.04	0.82	0.72	0.71	0.63	0.75	0.78	0.84	0.53	0.48	0.38	0.05	0.00	0.10	0.36	0.55	0.69	0.90	1.10	1.14	1.17	1.30	1.54	1.74	2.08	2.47	2.91	3.48	3.91	4.12	3.96	4.64	8.87	31.82	31.82
54	482.98	24.61	24.61	4.32	1.41	1.35	1.93	2.06	1.76	1.49	1.20	1.00	0.79	0.71	0.68	0.63	0.74	0.76	0.83	0.53	0.46	0.37	0.06	0.00	0.11	0.36	0.54	0.68	0.90	1.09	1.11	1.16	1.28	1.52	1.72	2.06	2.44	2.86	3.45	3.84	4.09	3.90	4.56	8.76	31.72	31.72
55	486.32	24.86	24.86	4.48	1.51	1.43	2.00	2.11	1.82	1.50	1.23	1.07	0.82	0.74	0.71	0.65	0.76	0.79	0.85	0.54	0.47	0.38	0.05	0.00	0.09	0.35	0.54	0.69	0.89	1.10	1.14	1.16	1.29	1.53	1.74	2.06	2.46	2.87	3.45	3.87	4.11	3.94	4.62	8.75	31.85	31.85
56	489.66	24.80	24.80	4.42	1.51	1.41	1.98	2.11	1.78	1.52	1.22	1.05	0.83	0.73	0.70	0.66	0.76	0.80	0.86	0.55	0.47	0.39	0.06	0.00	0.09	0.35	0.55	0.70	0.90	1.10	1.15	1.17	1.29	1.53	1.74	2.07	2.46	2.86	3.46	3.87	4.13	3.95	4.63	8.78	31.88	31.88
57	493.00	24.71	24.71	4.36	1.48	1.37	1.96	2.06	1.76	1.47	1.19	1.02	0.78	0.69	0.66	0.63	0.73	0.77	0.83	0.53	0.46	0.36	0.05	0.00	0.09	0.32	0.52	0.68	0.89	1.08	1.13	1.15	1.27	1.50	1.71	2.05	2.43	2.84	3.45	3.87	4.13	3.92	4.65	8.82	32.01	32.01
58	496.34	24.90	24.90	4.41	1.54	1.40	1.99	2.10	1.79	1.50	1.21	1.03	0.80	0.70	0.68	0.63	0.74	0.78	0.84	0.54	0.46	0.37	0.04	0.00	0.10	0.33	0.53	0.68	0.90	1.09	1.13	1.15	1.28	1.51	1.72	2.08	2.44	2.87	3.47	3.89	4.17	3.97	4.69	8.80	32.00	32.00
59	499.68	25.16	25.16	4.46	1.64	1.45	2.03	2.13	1.80	1.50	1.21	1.06	0.80	0.71	0.69	0.65	0.74	0.80	0.86	0.53	0.48	0.36	0.05	0.00	0.09	0.34	0.54	0.69	0.90	1.10	1.14	1.16	1.29	1.52	1.74	2.08	2.46	2.89	3.50	3.90	4.20	4.01	4.77	8.90	32.27	32.27
60	503.02	25.18	25.18	4.49	1.69	1.42	2.03	2.15	1.81	1.50	1.20	1.05	0.79	0.70	0.68	0.66	0.74	0.79	0.86	0.55	0.47	0.37	0.04	0.00	0.09	0.33	0.52	0.69	0.92	1.11	1.13	1.16	1.28	1.51	1.73	2.09	2.47	2.90	3.49	3.90	4.20	3.99	4.79	8.86	32.37	32.37
61	506.36	25.29	25.29	4.51	1.69	1.44	2.05	2.14	1.81	1.49	1.21	1.06	0.80	0.72	0.69	0.66	0.75	0.81	0.87	0.55	0.46	0.38	0.04	0.00	0.07	0.35	0.54	0.70	0.92	1.11	1.14	1.17	1.28	1.51	1.74	2.08	2.45	2.88	3.49	3.93	4.20	4.00	4.83	8.81	32.37	32.37
62	509.70	25.28	25.28	4.42	1.67	1.43	2.04	2.15	1.82	1.52	1.21	1.06	0.81	0.71	0.69	0.66	0.76	0.81	0.88	0.54	0.47	0.38	0.05	0.00	0.08	0.34	0.52	0.70	0.92	1.12	1.15	1.17	1.29	1.50	1.74	2.08	2.46	2.89	3.50	3.93	4.23	4.00	4.81	8.81	32.34	32.34
63	513.05	25.31	25.31	4.53	1.74	1.45	2.06	2.16	1.84	1.53	1.21	1.07	0.82	0.72	0.70	0.68	0.77	0.82	0.90	0.56	0.47	0.39	0.04	0.00	0.09	0.35	0.53	0.72	0.93	1.12	1.15	1.18	1.28	1.50	1.75	2.08	2.47	2.90	3.51	3.96	4.23	4.00	4.91	8.88	32.50	32.50
64	516.39	25.24	25.24	4.48	1.75	1.43	2.04	2.15	1.84	1.52	1.22	1.08	0.81	0.72	0.69	0.66	0.76	0.82	0.89	0.57	0.47	0.38	0.04	0.00	0.10	0.34	0.53	0.70	0.93	1.12	1.16	1.19	1.29	1.50	1.74	2.08	2.48	2.89	3.50	3.94	4.25	4.00	4.92	8.85	32.56	32.56
65	519.73	25.36	25.36	4.47	1.75	1.48	2.06	2.15	1.82	1.52	1.20	1.07	0.80	0.71	0.69	0.67	0.73	0.81	0.89	0.54	0.45	0.37	0.02	0.00	0.07	0.33	0.52	0.70	0.91	1.10	1.15	1.18	1.29	1.50	1.75	2.08	2.47	2.91	3.51	3.96	4.24	4.03	4.94	8.88	32.70	32.70
66	523.07	25.39	25.39	4.50	1.77	1.46	2.04	2.16	1.81	1.51	1.20	1.06	0.80	0.70	0.68	0.66	0.74	0.81	0.88	0.53	0.45	0.37	0.03	0.00	0.07	0.32	0.52	0.70	0.91	1.10	1.15	1.17	1.29	1.49	1.76	2.08	2.49	2.91	3.53	3.97	4.25	4.03	4.99	8.91	32.79	32.79
67	526.42	25.45	25.45	4.56	1.79	1.48	2.05	2.17	1.84	1.53	1.20	1.07	0.80	0.70	0.68	0.65	0.73	0.80	0.87	0.55	0.44	0.37	0.03	0.00	0.07	0.32	0.52	0.70	0.91	1.09	1.12	1.15	1.27	1.47	1.74	2.07	2.46	2.91	3.53	3.97	4.25	4.06	5.02	8.89	32.74	32.74
68	529.76	25.57	25.57	4.59	1.85	1.53	2.09	2.20	1.84	1.52	1.21	1.07	0.81	0.69	0.67	0.65	0.73	0.80	0.88	0.54	0.44	0.39	0.04	0.00	0.08	0.33	0.52	0.70	0.91	1.10	1.13	1.15	1.27	1.48	1.74	2.09	2.48	2.92	3.53	3.99	4.28	4.09	5.07	8.98	32.99	32.99
69	533.10	25.50	25.50	4.58	1.85	1.54	2.10	2.21	1.84	1.54	1.21	1.07	0.80	0.69	0.67	0.66	0.73	0.81	0.88	0.53	0.43	0.38	0.04	0.00	0.08	0.33	0.51	0.69	0.91	1.09	1.12	1.15	1.26	1.48	1.75	2.08	2.48	2.91	3.53	4.00	4.28	4.13	5.05	8.99	33.08	33.08
70	536.44	25.61	25.61	4.61	1.86	1.57	2.13	2.21	1.86	1.54	1.22	1.07	0.80	0.69	0.66	0.64	0.72	0.80	0.87	0.53	0.44	0.38	0.04	0.00	0.07	0.31	0.50	0.69	0.90	1.09	1.12	1.14	1.25	1.47	1.74	2.08	2.48	2.93	3.56	4.03	4.32	4.15	5.14	9.01	33.12	33.12
71	539.79	25.67	25.67	4.62	1.88	1.58	2.14	2.21	1.86	1.53	1.21	1.06	0.79	0.67	0.65	0.65	0.70	0.80	0.86	0.54	0.44	0.38	0.04	0.00	0.07	0.31	0.49	0.68	0.90	1.07	1.11	1.14	1.25	1.45	1.75	2.08	2.49	2.93	3.58	4.04	4.35	4.19	5.16	9.09	33.24	33.24
72	543.13	25.72	25.72	4.69	1.88	1.60	2.15	2.23	1.85	1.52	1.20	1.06	0.78	0.66	0.64	0.64	0.69	0.80	0.86	0.54	0.43	0.38	0.04	0.00	0.07	0.32	0.49	0.69	0.89	1.08	1.11	1.14	1.25	1.46	1.74	2.09	2.50	2.94	3.58	4.05	4.38	4.23	5.17	9.14	33.41	33.41
73	546.47	25.67	25.67	4.68	1.85	1.60	2.13	2.21	1.83	1.51	1.18	1.04	0.77	0.65	0.64	0.63	0.69	0.79	0.85	0.54	0.43	0.38	0.04	0.00	0.06	0.31	0.50	0.70	0.90	1.09	1.11	1.13	1.24	1.45	1.74	2.08	2.49	2.94	3.57	4.06	4.37	4.26	5.20	9.20	33.51	33.51
74	549.82	25.75	25.75	4.64	1.83	1.57	2.09	2.18	1.82	1.49	1.17	1.02	0.76	0.63	0.62	0.62	0.68	0.78	0.85	0.52	0.41	0.37	0.04	0.00	0.06	0.31	0.49	0.69	0.89	1.07	1.11	1.13	1.22	1.44	1.72	2.07	2.48	2.92	3.56	4.05	4.37	4.23	5.18	9.18	33.54	33.54
75	553.16	25.72	25.72	4.64	1.78	1.54	2.08	2.16	1.80	1.46	1.14	1.01	0.75	0.64	0.61	0.62	0.67	0.78	0.84	0.53	0.42	0.36	0.04	0.00	0.05	0.30	0.49	0.68	0.89	1.06	1.09	1.12	1.22	1.43	1.72	2.05	2.46	2.89	3.54	4.02	4.32	4.22	5.13	9.16	33.50	33.50
76	556.50	25.61	25.61	4.58	1.72	1.54	2.05	2.14	1.78	1.45	1.12	0.99	0.75	0.62	0.61	0.61	0.66	0.78	0.84	0.53	0.41	0.37	0.02	0.00	0.06	0.30	0.48	0.68	0.88	1.06	1.08	1.11	1.21	1.42	1.70	2.04	2.44	2.86	3.52	4.01	4.30	4.19	5.08	9.12	33.42	33.42
77	559.84	25.60	25.60	4.59	1.70	1.51	2.03	2.14	1.78	1.44	1.12	0.99	0.73	0.61	0.60	0.61	0.66	0.77	0.84	0.53	0.41	0.35	0.03	0.00	0.05	0.30	0.48	0.66	0.87	1.05	1.07	1.09	1.19	1.39	1.68	2.01	2.43	2.85	3.48	3.94	4.25	4.14	5.01	9.03	33.30	33.30
78	563.19	25.47	25.47	4.54	1.64	1.49	2.00	2.12	1.74	1.42	1.10	0.98	0.71	0.60	0.59	0.59	0.65	0.77	0.83	0.52	0.40	0.35	0.02	0.00	0.05	0.30	0.47	0.65	0.86	1.04	1.06	1.08	1.17	1.38	1.67	2.00	2.39	2.83	3.46	3.93	4.23	4.14	4.97	9.06	33.40	33.40
79	566.53	25.42	25.42	4.50	1.58	1.46	1.96	2.07	1.71	1.40	1.09	0.95	0.70	0.58	0.57	0.58	0.63	0.75	0.81	0.52	0.40	0.35	0.01	0.00	0.04	0.29	0.46	0.64	0.85	1.02	1.05	1.07	1.16	1.36	1.65	1.98	2.38	2.81	3.43	3.92	4.18	4.14	4.93	9.06	33.30	33.30
80	569.87	25.32	25.32	4.45	1.53	1.44	1.93	2.04	1.71	1.38	1.07	0.94	0.69	0.57	0.55	0.58	0.61	0.74	0.81	0.52	0.40	0.36	0.03	0.00	0.06	0.30	0.45	0.65	0.84	1.02	1.03	1.06	1.15	1.35	1.64	1.97	2.37	2.79	3.42	3.91	4.16	4.11	4.91	9.03	33.45	33.45
81	573.22	25.20	25.20	4.36	1.44	1.36	1.86	1.99	1.64	1.32	1.02	0.90	0.64	0.54	0.52	0.54	0.59	0.73	0.80	0.52	0.39	0.37	0.03	0.00	0.06	0.30	0.46	0.64	0.85	1.00	1.02	1.04	1.14	1.33	1.62	1.94	2.34	2.79	3.41	3.89	4.18	4.11	4.90	9.11	33.52	33.52
82	576.56	24.84	24.84	4.25	1.34	1.27	1.78	1.91	1.58	1.25	0.94	0.84	0.60	0.48	0.48	0.50	0.56	0.69	0.77	0.49	0.38	0.35	0.03	0.00	0.05	0.29	0.45	0.63	0.82	0.98	1.00	1.01	1.09	1.29	1.58	1.92	2.33	2.75	3.38	3.85	4.12	4.11	4.87	9.13	33.52	33.52
83	579.90	24.72	24.72	4.13	1.22	1.17	1.70	1.83	1.50	1.20	0.88	0.79	0.55	0.43	0.43	0.47	0.53	0.65	0.74	0.46	0.37	0.35	0.01	0.00	0.04	0.28	0.44	0.62	0.80	0.95	0.97	0.98	1.06	1.25	1.54	1.86	2.25	2.68	3.32	3.79	4.07	4.02	4.76	9.04	33.45	33.45
84	583.24	24.53	24.53	4.00	1.12	1.08	1.67	1.76	1.44	1.13	0.84	0.74	0.51	0.41	0.42	0.44	0.49	0.64	0.74	0.46	0.37	0.34	0.03	0.00	0.04	0.29	0.43	0.61	0.79	0.93	0.95	0.97	1.05	1.24	1.51	1.83	2.23	2.64	3.28	3.74	4.03	3.99	4.73	9.00	33.27	33.27
85	586.58	24.69	24.69	4.09	1.18	1.12	1.68	1.79	1.47	1.16	0.87	0.75	0.53	0.42	0.42	0.46	0.52	0.66	0.75	0.47	0.38	0.35	0.03	0.00	0.06	0.30	0.44	0.63	0.79	0.95	0.95	0.98	1.06	1.24	1.53	1.83	2.22	2.65	3.28	3.73	4.04	3.96	4.70	9.00	33.23	33.23
86	589.93	25.20	25.20	4.41	1.39	1.26	1.80	1.89	1.53	1.23	0.93	0.81	0.58	0.47	0.47	0.50	0.54	0.68	0.76	0.49	0.38	0.35	0.02	0.00	0.05	0.29	0.44	0.63	0.80	0.95	0.99	1.00	1.07	1.26	1.55	1.86	2.25	2.66	3.29	3.76	4.07	3.98	4.76	9.01	33.33	33.33
87	593.27	25.75	25.75	4.73	1.55	1.42	1.94	1.97	1.64	1.31	1.01	0.87	0.65	0.53	0.52	0.54	0.59	0.73	0.80	0.51	0.40	0.36	0.03	0.00	0.05	0.29	0.45	0.65	0.83	0.99	1.01	1.02	1.11	1.31	1.61	1.91	2.31	2.73	3.36	3.84	4.15	4.07	4.82	9.19	33.66	33.66
88	596.61	26.15	26.15	4.92	1.74	1.53	2.04	2.05	1.69	1.36	1.05	0.93	0.70	0.58	0.56	0.59	0.62	0.77	0.82	0.53	0.42	0.37	0.03	0.00	0.05	0.32	0.47	0.67	0.86	1.03	1.04	1.07	1.15	1.36	1.65	1.96	2.36	2.78	3.42	3.90	4.24	4.18	4.98	9.39	33.93	33.93
89	599.95	26.29	26.29	5.01	1.74	1.52	2.05	2.07	1.72	1.37	1.06	0.94	0.70	0.60	0.58	0.61	0.62	0.78	0.83	0.54	0.42	0.38	0.03	0.00	0.05	0.31	0.47	0.67	0.86	1.01	1.04	1.08	1.17	1.36	1.65	1.96	2.36	2.79	3.43	3.91	4.27	4.21	5.03	9.49	34.15	34.15
90	603.29	26.25	26.25	4.99	1.74	1.55	2.04	2.06	1.71	1.39	1.06	0.96	0.72	0.59	0.61	0.60	0.63	0.78	0.85	0.55	0.42	0.39	0.05	0.00	0.07	0.31	0.48	0.68	0.87	1.03	1.05	1.09	1.17	1.39	1.67	1.97	2.36	2.80	3.43	3.91	4.28	4.23	5.06	9.57	34.32	34.32
91	606.64	26.22	26.22	4.95	1.73	1.51	2.03	2.04	1.68	1.36	1.05	0.93	0.71	0.59	0.60	0.61	0.63	0.80	0.85	0.57	0.43	0.38	0.05	0.00	0.07	0.32	0.49	0.69	0.88	1.05	1.07	1.10	1.18	1.39	1.67	1.97	2.39	2.80	3.44	3.92	4.29	4.23	5.06	9.64	34.46	34.46
92	609.98	25.99	25.99	4.88	1.64	1.45	1.95	1.97	1.64	1.31	1.01	0.90	0.66	0.56	0.56	0.56	0.60	0.76	0.81	0.53	0.40	0.37	0.03	0.00	0.06	0.31	0.45	0.67	0.85	1.00	1.04	1.07	1.16	1.35	1.65	1.94	2.35	2.75	3.42	3.89	4.25	4.22	5.08	9.58	34.37	34.37
93	613.32	25.87	25.87	4.80	1.59	1.38	1.89	1.92	1.58	1.26	0.97	0.85	0.65	0.53	0.52	0.55	0.57	0.73	0.79	0.53	0.41	0.37	0.03	0.00	0.08	0.32	0.45	0.65	0.84	0.99	1.01	1.03	1.12	1.32	1.62	1.91	2.32	2.73	3.36	3.85	4.19	4.16	5.01	9.58	34.18	34.18
94	616.66	25.62	25.62	4.70	1.52	1.32	1.81	1.87	1.54	1.22	0.92	0.80	0.60	0.47	0.48	0.50	0.54	0.71	0.76	0.51	0.39	0.36	0.04	0.00	0.07	0.32	0.43	0.62	0.82	0.96	0.98	1.01	1.08	1.27	1.57	1.88	2.26	2.67	3.32	3.78	4.14	4.10	4.96	9.47	34.06	34.06
95	620.00	25.29	25.29	4.52	1.41	1.23	1.70	1.80	1.48	1.15	0.87	0.76	0.54	0.44	0.43	0.47	0.50	0.67	0.73	0.48	0.38	0.36	0.03	0.00	0.07	0.29	0.42	0.61	0.79	0.91	0.94	0.97	1.04	1.24	1.53	1.81	2.21	2.63	3.25	3.74	4.07	4.02	4.91	9.40	33.92	33.92
96	623.34	24.97	24.97	4.37	1.27	1.12	1.60	1.70	1.40	1.08	0.79	0.69	0.49	0.39	0.39	0.42	0.44	0.62	0.69	0.46	0.34	0.34	0.03	0.00	0.06	0.29	0.41	0.58	0.75	0.88	0.90	0.92	0.99	1.19	1.48	1.77	2.15	2.56	3.19	3.64	3.97	3.96	4.80	9.25	33.64	33.64
97	626.68	24.72	24.72	4.24	1.19	1.07	1.53	1.64	1.35	1.01	0.75	0.65	0.44	0.34	0.34	0.37	0.40	0.59	0.66	0.44	0.34	0.33	0.02	0.00	0.06	0.29	0.39	0.56	0.72	0.84	0.85	0.89	0.95	1.13	1.43	1.71	2.09	2.50	3.12	3.59	3.88	3.92	4.74	9.22	33.43	33.43
98	630.02	24.55	24.55	4.14	1.09	0.97	1.44	1.56	1.26	0.97	0.69	0.59	0.41	0.30	0.30	0.35	0.37	0.57	0.65	0.42	0.33	0.34	0.04	0.00	0.08	0.28	0.38	0.54	0.71	0.83	0.83	0.86	0.92	1.12	1.41	1.67	2.06	2.47	3.08	3.55	3.83	3.85	4.67	9.12	33.43	33.43
99	633.36	24.26	24.26	3.98	1.02	0.89	1.36	1.51	1.22	0.91	0.64	0.56	0.38	0.27	0.28	0.31	0.36	0.55	0.64	0.42	0.33	0.33	0.04	0.00	0.07	0.29	0.39	0.55	0.71	0.82	0.83	0.85	0.90	1.09	1.36	1.63	2.01	2.43	3.03	3.50	3.77	3.84	4.64	9.08	33.36	33.36
100	636.70	24.14	24.14	3.94	0.95	0.83	1.31	1.44	1.15	0.87	0.58	0.51	0.33	0.24	0.26	0.29	0.32	0.53	0.61	0.40	0.31	0.32	0.04	0.00	0.05	0.28	0.38	0.53	0.69	0.80	0.81	0.83	0.88	1.07	1.34	1.60	1.98	2.37	3.00	3.45	3.72	3.81	4.64	9.12	33.37	33.37
101	640.04	24.33	24.33	4.11	0.97	0.91	1.34	1.47	1.17	0.89	0.60	0.53	0.37	0.26	0.28	0.31	0.35	0.55	0.63	0.42	0.31	0.32	0.03	0.00	0.05	0.29	0.38	0.53	0.68	0.81	0.82	0.84	0.90	1.09	1.36	1.62	2.00	2.41	3.03	3.49	3.78	3.87	4.76	9.29	33.80	33.80
102	643.37	24.70	24.70	4.28	1.10	0.96	1.41	1.54	1.22	0.92	0.64	0.55	0.38	0.29	0.31	0.33	0.37	0.57	0.64	0.42	0.30	0.34	0.02	0.00	0.06	0.28	0.38	0.52	0.71	0.82	0.84	0.87	0.93	1.12	1.40	1.66	2.04	2.46	3.10	3.57	3.86	3.99	4.91	9.56	34.15	34.15
103	646.71	25.08	25.08	4.49	1.24	1.04	1.46	1.60	1.29	0.97	0.68	0.60	0.42	0.33	0.35	0.35	0.40	0.60	0.66	0.42	0.32	0.34	0.02	0.00	0.04	0.27	0.37	0.53	0.71	0.82	0.84	0.89	0.95	1.15	1.42	1.68	2.06	2.48	3.13	3.61	3.91	4.04	4.95	9.70	34.44	34.44
104	650.05	25.55	25.55	4.66	1.36	1.13	1.54	1.66	1.33	1.01	0.73	0.62	0.46	0.35	0.37	0.38	0.41	0.60	0.67	0.43	0.32	0.33	0.03	0.00	0.05	0.27	0.38	0.54	0.71	0.84	0.87	0.91	0.98	1.18	1.45	1.70	2.09	2.51	3.16	3.65	3.95	4.07	5.01	9.76	34.57	34.57
105	653.39	25.69	25.69	4.81	1.37	1.14	1.58	1.66	1.33	1.04	0.74	0.64	0.49	0.39	0.39	0.40	0.43	0.62	0.69	0.44	0.32	0.31	0.03	0.00	0.03	0.28	0.39	0.54	0.70	0.84	0.86	0.90	0.98	1.18	1.44	1.69	2.08	2.47	3.11	3.61	3.88	3.97	4.88	9.60	34.33	34.33
106	656.73	25.49	25.49	4.65	1.30	1.06	1.53	1.63	1.31	0.99	0.72	0.62	0.46	0.37	0.38	0.38	0.41	0.61	0.68	0.42	0.32	0.32	0.02	0.00	0.03	0.27	0.37	0.52	0.71	0.83	0.85	0.89	0.96	1.15	1.40	1.67	2.05	2.44	3.08	3.52	3.82	3.90	4.85	9.60	34.10	34.10
107	660.06	25.23	25.23	4.59	1.19	0.98	1.45	1.55	1.26	0.95	0.67	0.57	0.42	0.34	0.35	0.37	0.39	0.61	0.67	0.41	0.32	0.32	0.03	0.00	0.04	0.26	0.36	0.51	0.69	0.81	0.83	0.87	0.93	1.12	1.38	1.64	2.00	2.40	3.01	3.49	3.77	3.83	4.79	9.47	34.05	34.05
108	663.40	24.92	24.92	4.41	1.08	0.88	1.39	1.52	1.21	0.91	0.64	0.55	0.40	0.30	0.33	0.34	0.37	0.59	0.63	0.39	0.29	0.31	0.03	0.00	0.04	0.26	0.34	0.50	0.66	0.80	0.81	0.87	0.92	1.11	1.37	1.61	1.97	2.36	2.99	3.49	3.75	3.80	4.71	9.45	34.03	34.03
109	666.73	24.83	24.83	4.36	1.03	0.84	1.34	1.46	1.14	0.88	0.60	0.51	0.37	0.29	0.29	0.32	0.35	0.55	0.63	0.39	0.28	0.30	0.02	0.00	0.03	0.27	0.34	0.49	0.64	0.79	0.80	0.85	0.92	1.10	1.36	1.60	1.97	2.35	2.98	3.45	3.72	3.80	4.68	9.55	34.10	34.10
110	670.07	25.00	25.00	4.33	0.93	0.82	1.32	1.47	1.17	0.87	0.60	0.52	0.36	0.26	0.29	0.30	0.34	0.53	0.62	0.36	0.27	0.30	0.00	0.00	0.04	0.24	0.34	0.47	0.65	0.77	0.78	0.84	0.89	1.06	1.35	1.58	1.96	2.35	2.96	3.45	3.70	3.81	4.69	9.54	34.12	34.12
111	673.41	24.93	24.93	4.40	0.96	0.79	1.32	1.46	1.17	0.86	0.60	0.50	0.36	0.26	0.29	0.32	0.34	0.55	0.62	0.38	0.28	0.31	0.03	0.00	0.04	0.25	0.34	0.48	0.64	0.77	0.79	0.82	0.91	1.09	1.36	1.59	1.96	2.35	2.96	3.46	3.72	3.78	4.69	9.60	34.26	34.26
112	676.74	25.04	25.04	4.54	1.03	0.84	1.33	1.47	1.18	0.89	0.60	0.50	0.37	0.27	0.30	0.30	0.32	0.53	0.60	0.36	0.26	0.29	-0.00	0.00	0.02	0.24	0.31	0.47	0.63	0.76	0.78	0.84	0.90	1.10	1.35	1.59	1.97	2.37	2.99	3.48	3.76	3.81	4.71	9.78	34.40	34.40
113	680.07	25.12	25.12	4.50	0.97	0.81	1.32	1.48	1.16	0.86	0.58	0.50	0.35	0.28	0.28	0.29	0.33	0.52	0.59	0.38	0.27	0.33	0.04	0.00	0.05	0.26	0.33	0.49	0.64	0.77	0.77	0.82	0.91	1.10	1.34	1.60	1.98	2.37	3.01	3.51	3.75	3.85	4.74	9.77	34.56	34.56
114	683.41	24.96	24.96	4.44	0.88	0.74	1.30	1.42	1.09	0.81	0.54	0.46	0.30	0.22	0.24	0.26	0.29	0.48	0.55	0.35	0.25	0.29	0.01	0.00	0.02	0.23	0.32	0.45	0.61	0.73	0.75	0.79	0.88	1.05	1.31	1.59	1.93	2.35	2.99	3.49	3.74	3.81	4.70	9.79	34.56	34.56
115	686.74	24.83	24.83	4.32	0.79	0.70	1.22	1.37	1.06	0.75	0.49	0.39	0.25	0.20	0.21	0.24	0.26	0.47	0.52	0.33	0.24	0.28	0.01	0.00	0.05	0.23	0.30	0.43	0.59	0.71	0.73	0.77	0.84	1.02	1.28	1.53	1.91	2.30	2.94	3.44	3.71	3.75	4.65	9.79	34.52	34.52
116	690.07	24.83	24.83	4.36	0.79	0.72	1.21	1.38	1.08	0.77	0.50	0.39	0.27	0.18	0.21	0.23	0.26	0.46	0.52	0.33	0.24	0.28	0.01	0.00	0.05	0.22	0.30	0.44	0.59	0.71	0.71	0.77	0.84	1.03	1.27	1.53	1.89	2.30	2.93	3.45	3.70	3.71	4.67	9.81	34.55	34.55
117	693.41	25.05	25.05	4.47	0.83	0.73	1.23	1.39	1.08	0.74	0.48	0.40	0.26	0.20	0.23	0.24	0.27	0.46	0.54	0.34	0.24	0.27	0.01	0.00	0.04	0.23	0.29	0.43	0.59	0.72	0.74	0.76	0.85	1.02	1.27	1.52	1.88	2.30	2.93	3.44	3.67	3.73	4.63	9.77	34.50	34.50
118	696.74	25.16	25.16	4.50	0.82	0.74	1.23	1.42	1.06	0.75	0.49	0.39	0.28	0.20	0.23	0.24	0.26	0.48	0.54	0.34	0.24	0.27	0.00	0.00	0.03	0.21	0.29	0.41	0.58	0.73	0.74	0.78	0.84	1.01	1.26	1.51	1.88	2.27	2.89	3.40	3.63	3.71	4.54	9.81	34.61	34.61
119	700.07	25.24	25.24	4.46	0.80	0.70	1.20	1.36	1.04	0.73	0.46	0.38	0.27	0.20	0.22	0.23	0.24	0.48	0.54	0.32	0.24	0.27	0.01	0.00	0.03	0.22	0.29	0.41	0.57	0.70	0.72	0.76	0.83	1.01	1.26	1.48	1.85	2.24	2.91	3.39	3.60	3.67	4.50	9.80	34.52	34.52
120	703.40	25.19	25.19	4.46	0.72	0.69	1.19	1.34	1.05	0.75	0.47	0.36	0.27	0.20	0.23	0.24	0.27	0.46	0.55	0.33	0.23	0.27	0.02	0.00	0.05	0.22	0.27	0.43	0.58	0.71	0.73	0.78	0.84	1.03	1.25	1.48	1.85	2.24	2.88	3.41	3.63	3.69	4.54	9.84	34.62	34.62
121	706.73	24.98	24.98	4.40	0.74	0.67	1.15	1.35	1.02	0.74	0.44	0.36	0.25	0.19	0.23	0.23	0.26	0.47	0.52	0.31	0.23	0.28	0.02	0.00	0.04	0.21	0.28	0.41	0.57	0.70	0.70	0.77	0.83	1.02	1.24	1.46	1.83	2.21	2.87	3.38	3.60	3.67	4.46	9.75	34.61	34.61
122	710.06	24.61	24.61	4.11	0.51	0.55	1.03	1.23	0.92	0.62	0.35	0.28	0.17	0.12	0.16	0.19	0.20	0.41	0.47	0.29	0.22	0.26	-0.01	0.00	0.02	0.20	0.25	0.39	0.52	0.67	0.70	0.73	0.80	0.97	1.19	1.42	1.78	2.18	2.82	3.33	3.55	3.66	4.41	9.72	34.64	34.64
123	713.39	24.44	24.44	4.01	0.43	0.49	0.99	1.20	0.87	0.59	0.33	0.24	0.15	0.13	0.18	0.16	0.20	0.41	0.48	0.28	0.20	0.26	-0.02	0.00	0.03	0.18	0.25	0.38	0.53	0.66	0.68	0.72	0.78	0.94	1.17	1.40	1.75	2.15	2.78	3.31	3.51	3.56	4.34	9.67	34.39	34.39
124	716.72	24.68	24.68	4.19	0.53	0.53	1.05	1.23	0.94	0.64	0.38	0.28	0.19	0.15	0.18	0.20	0.23	0.45	0.50	0.30	0.23	0.28	0.01	0.00	0.03	0.21	0.26	0.40	0.56	0.67	0.69	0.73	0.80	0.95	1.17	1.40	1.75	2.14	2.78	3.30	3.48	3.59	4.31	9.68	34.44	34.44
125	720.05	24.98	24.98	4.39	0.65	0.65	1.14	1.31	1.02	0.72	0.42	0.34	0.25	0.20	0.24	0.24	0.27	0.49	0.53	0.32	0.24	0.27	0.00	0.00	0.03	0.21	0.26	0.41	0.56	0.69	0.73	0.76	0.82	1.01	1.22	1.42	1.81	2.21	2.84	3.36	3.57	3.63	4.39	9.76	34.67	34.67
126	723.37	25.08	25.08	4.39	0.68	0.68	1.15	1.33	1.00	0.70	0.43	0.35	0.24	0.21	0.24	0.24	0.27	0.46	0.52	0.30	0.22	0.24	-0.03	0.00	-0.01	0.21	0.24	0.39	0.56	0.70	0.73	0.78	0.84	1.03	1.23	1.45	1.82	2.20	2.86	3.36	3.59	3.70	4.40	9.76	34.79	34.79
127	726.70	24.97	24.97	4.19	0.57	0.60	1.11	1.26	0.95	0.66	0.40	0.32	0.23	0.19	0.22	0.23	0.26	0.47	0.51	0.30	0.21	0.25	0.00	0.00	0.02	0.20	0.26	0.39	0.57	0.72	0.72	0.78	0.84	1.02	1.23	1.45	1.81	2.22	2.84	3.38	3.62	3.73	4.40	9.77	34.79	34.79
128	730.03	24.46	24.46	3.95	0.39	0.49	1.01	1.16	0.89	0.57	0.33	0.26	0.16	0.13	0.18	0.19	0.21	0.41	0.47	0.28	0.18	0.25	-0.00	0.00	0.03	0.19	0.23	0.39	0.54	0.66	0.69	0.74	0.80	0.97	1.17	1.39	1.77	2.15	2.78	3.30	3.54	3.63	4.34	9.66	34.58	34.58
129	733.35	24.39	24.39	3.98	0.40	0.48	1.01	1.18	0.89	0.59	0.34	0.24	0.16	0.14	0.16	0.20	0.21	0.41	0.49	0.29	0.20	0.25	0.01	0.00	0.04	0.20	0.24	0.40	0.54	0.67	0.68	0.73	0.80	0.95	1.16	1.36	1.73	2.13	2.75	3.28	3.50	3.61	4.29	9.66	34.59	34.59
130	736.68	24.48	24.48	4.03	0.47	0.53	1.03	1.23	0.90	0.61	0.33	0.26	0.17	0.15	0.18	0.19	0.22	0.42	0.49	0.28	0.20	0.23	0.01	0.00	0.05	0.19	0.24	0.39	0.53	0.68	0.70	0.75	0.80	0.95	1.17	1.38	1.75	2.18	2.80	3.32	3.58	3.64	4.36	9.70	34.74	34.74
131	740.00	24.75	24.75	4.02	0.46	0.56	1.07	1.20	0.88	0.61	0.36	0.25	0.16	0.13	0.18	0.20	0.23	0.43	0.49	0.26	0.19	0.25	0.00	0.00	0.03	0.19	0.23	0.39	0.55	0.68	0.69	0.75	0.79	0.94	1.17	1.39	1.75	2.16	2.80	3.32	3.59	3.66	4.37	9.69	34.89	34.89
132	743.32	24.61	24.61	4.01	0.45	0.48	1.01	1.16	0.86	0.57	0.32	0.21	0.15	0.11	0.17	0.20	0.20	0.40	0.48	0.27	0.19	0.24	-0.01	0.00	0.03	0.17	0.22	0.38	0.53	0.66	0.68	0.74	0.80	0.93	1.16	1.37	1.76	2.14	2.80	3.32	3.58	3.64	4.38	9.78	34.77	34.77
133	746.65	24.68	24.68	3.97	0.53	0.49	1.07	1.19	0.90	0.58	0.32	0.23	0.16	0.11	0.18	0.21	0.23	0.43	0.48	0.26	0.20	0.24	0.01	0.00	0.03	0.18	0.21	0.39	0.56	0.68	0.69	0.75	0.82	0.95	1.17	1.39	1.75	2.16	2.79	3.32	3.60	3.68	4.41	9.82	34.97	34.97
134	749.97	24.48	24.48	3.84	0.37	0.45	1.00	1.12	0.85	0.56	0.28	0.20	0.12	0.10	0.14	0.19	0.20	0.40	0.48	0.24	0.18	0.22	-0.01	0.00	0.03	0.17	0.20	0.37	0.53	0.64	0.68	0.72	0.80	0.93	1.14	1.35	1.72	2.13	2.76	3.27	3.59	3.64	4.37	9.66	34.76	34.76
135	753.29	24.66	24.66	3.91	0.47	0.49	1.01	1.15	0.86	0.56	0.30	0.19	0.12	0.08	0.16	0.20	0.21	0.42	0.46	0.26	0.20	0.23	0.01	0.00	0.03	0.18	0.22	0.39	0.53	0.69	0.69	0.76	0.79	0.93	1.14	1.38	1.72	2.11	2.76	3.29	3.56	3.66	4.35	9.67	34.86	34.86
136	756.61	25.19	25.19	4.23	0.68	0.62	1.17	1.27	0.94	0.66	0.39	0.28	0.19	0.15	0.21	0.24	0.24	0.46	0.50	0.29	0.21	0.23	-0.01	0.00	0.03	0.18	0.24	0.39	0.55	0.70	0.74	0.78	0.84	0.97	1.20	1.42	1.78	2.20	2.88	3.40	3.70	3.78	4.56	9.90	35.11	35.11
137	759.93	24.68	24.68	3.92	0.45	0.49	1.04	1.18	0.85	0.55	0.26	0.18	0.09	0.07	0.14	0.18	0.22	0.40	0.44	0.26	0.20	0.21	0.01	0.00	0.03	0.18	0.23	0.38	0.55	0.67	0.70	0.75	0.80	0.93	1.15	1.40	1.77	2.19	2.87	3.42	3.69	3.78	4.59	9.97	35.43	35.43
138	763.25	23.58	23.58	3.36	0.11	0.16	0.76	0.93	0.66	0.36	0.10	0.01	-0.06	-0.09	0.00	0.08	0.11	0.28	0.36	0.18	0.15	0.18	-0.03	0.00	0.01	0.14	0.18	0.32	0.47	0.58	0.59	0.64	0.69	0.82	1.01	1.24	1.61	2.03	2.68	3.21	3.56	3.60	4.40	9.68	35.02	35.02
139	766.57	23.59	23.59	3.30	0.06	0.14	0.73	0.89	0.61	0.32	0.06	-0.01	-0.10	-0.09	-0.00	0.06	0.10	0.29	0.36	0.18	0.14	0.18	-0.03	0.00	0.02	0.15	0.19	0.31	0.45	0.58	0.59	0.63	0.65	0.77	0.97	1.18	1.55	1.97	2.61	3.16	3.42	3.51	4.24	9.49	34.65	34.65
140	769.89	25.00	25.00	4.03	0.50	0.47	1.00	1.15	0.84	0.53	0.25	0.14	0.09	0.05	0.13	0.19	0.22	0.42	0.46	0.25	0.17	0.21	-0.03	0.00	0.01	0.15	0.21	0.35	0.53	0.69	0.68	0.73	0.76	0.90	1.11	1.33	1.72	2.10	2.77	3.32	3.61	3.69	4.45	9.78	35.26	35.26
141	773.20	25.52	25.52	4.12	0.67	0.58	1.09	1.26	0.90	0.62	0.33	0.21	0.16	0.15	0.22	0.27	0.28	0.48	0.53	0.31	0.22	0.22	0.01	0.00	0.05	0.18	0.24	0.42	0.60	0.74	0.76	0.82	0.84	0.97	1.18	1.40	1.77	2.18	2.85	3.36	3.69	3.71	4.62	10.02	35.68	35.68
142	776.52	25.10	25.10	3.98	0.56	0.39	0.95	1.11	0.83	0.54	0.26	0.18	0.12	0.09	0.20	0.26	0.25	0.48	0.51	0.30	0.18	0.23	0.01	0.00	0.03	0.14	0.22	0.41	0.58	0.71	0.74	0.78	0.79	0.92	1.12	1.32	1.71	2.07	2.74	3.27	3.55	3.64	4.45	9.80	35.35	35.35
143	779.84	24.59	24.59	3.70	0.30	0.34	0.86	1.05	0.73	0.48	0.20	0.13	0.08	0.07	0.17	0.21	0.26	0.47	0.51	0.28	0.22	0.23	0.02	0.00	0.06	0.17	0.23	0.41	0.57	0.72	0.74	0.77	0.76	0.91	1.07	1.30	1.65	2.04	2.70	3.22	3.49	3.52	4.27	9.63	35.27	35.27
144	783.15	24.55	24.55	3.58	0.34	0.27	0.85	1.01	0.70	0.45	0.16	0.11	0.06	0.06	0.18	0.22	0.25	0.45	0.49	0.29	0.21	0.25	0.02	0.00	0.04	0.18	0.26	0.40	0.56	0.73	0.75	0.77	0.77	0.90	1.07	1.27	1.63	1.99	2.68	3.19	3.41	3.52	4.26	9.51	35.02	35.02
145	786.46	23.93	23.93	3.24	0.03	0.07	0.67	0.84	0.63	0.35	0.12	0.03	0.01	-0.01	0.13	0.20	0.20	0.41	0.46	0.26	0.17	0.22	-0.02	0.00	0.03	0.16	0.20	0.37	0.56	0.69	0.68	0.74	0.74	0.83	1.03	1.23	1.56	1.93	2.58	3.08	3.33	3.40	4.20	9.33	34.79	34.79
146	789.78	23.69	23.69	3.09	-0.03	0.05	0.61	0.83	0.57	0.33	0.07	0.02	-0.02	-0.04	0.12	0.17	0.23	0.41	0.46	0.27	0.20	0.23	0.01	0.00	0.05	0.18	0.23	0.38	0.56	0.68	0.72	0.73	0.74	0.82	1.01	1.19	1.54	1.90	2.55	3.03	3.21	3.28	4.19	9.27	34.67	34.67
147	793.09	23.80	23.80	3.15	0.06	0.06	0.63	0.86	0.62	0.34	0.11	0.02	-0.00	-0.00	0.14	0.18	0.25	0.43	0.48	0.28	0.21	0.25	0.00	0.00	0.05	0.19	0.25	0.41	0.57	0.71	0.71	0.76	0.75	0.86	1.04	1.23	1.57	1.97	2.59	3.07	3.28	3.40	4.24	9.26	34.84	34.84
148	796.40	23.72	23.72	3.15	0.07	0.10	0.65	0.85	0.63	0.38	0.14	0.05	0.03	0.04	0.17	0.23	0.26	0.47	0.52	0.30	0.21	0.26	0.02	0.00	0.05	0.22	0.27	0.43	0.59	0.76	0.76	0.80	0.77	0.88	1.05	1.26	1.57	1.98	2.60	3.08	3.28	3.38	4.16	9.19	34.84	34.84
149	799.71	23.71	23.71	3.06	-0.06	0.04	0.65	0.82	0.60	0.34	0.12	0.02	-0.01	0.02	0.13	0.21	0.24	0.46	0.51	0.30	0.21	0.25	-0.01	0.00	0.04	0.19	0.25	0.41	0.59	0.75	0.76	0.78	0.77	0.86	1.04	1.23	1.55	1.95	2.59	3.02	3.25	3.35	4.17	9.27	34.84	34.84
150	803.02	24.04	24.04	3.27	0.13	0.14	0.69	0.91	0.68	0.44	0.16	0.11	0.07	0.07	0.21	0.29	0.31	0.49	0.55	0.34	0.24	0.28	0.03	0.00	0.06	0.22	0.28	0.45	0.62	0.80	0.78	0.82	0.80	0.88	1.07	1.27	1.60	1.98	2.57	3.11	3.27	3.39	4.25	9.21	34.78	34.78
151	806.33	23.96	23.96	3.21	0.13	0.16	0.72	0.89	0.69	0.38	0.15	0.08	0.06	0.08	0.21	0.28	0.30	0.51	0.54	0.33	0.22	0.24	0.01	0.00	0.02	0.20	0.26	0.46	0.64	0.78	0.77	0.81	0.81	0.90	1.07	1.27	1.58	1.98	2.63	3.06	3.26	3.38	4.22	9.18	34.87	34.87
152	809.64	23.90	23.90	3.27	0.13	0.14	0.69	0.90	0.73	0.47	0.19	0.15	0.10	0.11	0.24	0.32	0.37	0.55	0.57	0.39	0.26	0.28	0.02	0.00	0.04	0.24	0.31	0.52	0.67	0.83	0.83	0.86	0.84	0.94	1.10	1.31	1.65	1.99	2.65	3.14	3.36	3.43	4.30	9.23	34.98	34.98
153	812.94	25.06	25.06	3.75	0.60	0.50	1.01	1.19	0.94	0.64	0.39	0.30	0.26	0.27	0.36	0.42	0.44	0.64	0.67	0.43	0.30	0.31	0.02	0.00	0.04	0.24	0.33	0.53	0.73	0.90	0.89	0.97	0.94	1.06	1.25	1.46	1.77	2.19	2.84	3.27	3.50	3.61	4.47	9.42	35.23	35.23
154	816.25	26.35	26.35	4.48	1.15	0.93	1.42	1.55	1.26	0.92	0.63	0.49	0.41	0.39	0.47	0.53	0.54	0.71	0.73	0.50	0.32	0.31	0.03	0.00	0.05	0.25	0.37	0.59	0.82	0.98	1.00	1.06	1.08	1.20	1.41	1.65	2.02	2.43	3.11	3.63	3.86	4.09	5.05	10.13	36.45	36.45
155	819.55	24.19	24.19	3.50	0.51	0.50	1.02	1.18	0.93	0.65	0.37	0.21	0.15	0.16	0.25	0.33	0.39	0.53	0.57	0.39	0.28	0.26	0.06	0.00	0.06	0.24	0.35	0.55	0.70	0.86	0.88	0.92	0.95	1.06	1.24	1.48	1.88	2.33	2.99	3.56	3.86	4.06	5.04	10.11	36.26	36.26
156	822.86	22.93	22.93	2.94	0.21	0.33	0.85	1.06	0.80	0.50	0.22	0.07	-0.00	-0.00	0.09	0.20	0.25	0.42	0.47	0.31	0.23	0.22	0.05	0.00	0.04	0.21	0.31	0.49	0.62	0.76	0.79	0.83	0.84	0.93	1.14	1.39	1.81	2.28	2.96	3.56	3.86	4.08	5.02	10.00	35.96	35.96
157	826.16	22.98	22.98	2.95	0.22	0.33	0.87	1.06	0.80	0.50	0.22	0.06	-0.02	-0.01	0.08	0.20	0.24	0.41	0.46	0.31	0.23	0.22	0.05	0.00	0.04	0.21	0.30	0.47	0.62	0.75	0.76	0.80	0.82	0.90	1.11	1.36	1.79	2.25	2.94	3.55	3.83	4.01	4.93	9.86	35.67	35.67
158	829.46	24.48	24.48	3.65	0.60	0.62	1.11	1.25	0.96	0.65	0.34	0.19	0.10	0.11	0.22	0.30	0.34	0.52	0.55	0.37	0.26	0.25	0.03	0.00	0.04	0.23	0.32	0.51	0.68	0.82	0.83	0.87	0.88	0.98	1.18	1.44	1.85	2.31	3.01	3.57	3.87	4.08	5.03	10.06	36.05	36.05
159	832.76	24.96	24.96	3.89	0.75	0.68	1.13	1.28	1.01	0.68	0.40	0.24	0.17	0.17	0.29	0.36	0.40	0.59	0.61	0.43	0.31	0.27	0.05	0.00	0.06	0.26	0.36	0.57	0.74	0.89	0.90	0.94	0.94	1.04	1.24	1.49	1.89	2.34	3.02	3.59	3.90	4.09	5.09	10.15	36.46	36.46
160	836.06	24.64	24.64	3.68	0.55	0.53	1.03	1.19	0.88	0.61	0.32	0.20	0.14	0.14	0.25	0.36	0.40	0.58	0.63	0.45	0.31	0.28	0.05	0.00	0.06	0.24	0.35	0.57	0.74	0.90	0.89	0.94	0.93	1.02	1.21	1.44	1.83	2.27	2.94	3.48	3.78	3.96	4.90	9.92	36.19	36.19
161	839.36	24.71	24.71	3.51	0.43	0.39	0.94	1.09	0.79	0.54	0.26	0.14	0.09	0.11	0.25	0.37	0.40	0.63	0.68	0.45	0.29	0.28	0.05	0.00	0.08	0.26	0.35	0.57	0.74	0.90	0.88	0.93	0.88	0.98	1.17	1.41	1.77	2.17	2.86	3.37	3.62	3.80	4.68	9.71	36.05	36.05
162	842.66	25.07	25.07	3.60	0.46	0.44	0.90	1.09	0.79	0.53	0.24	0.17	0.13	0.12	0.28	0.39	0.42	0.62	0.70	0.46	0.31	0.29	0.04	0.00	0.05	0.24	0.33	0.56	0.75	0.91	0.89	0.95	0.89	0.98	1.17	1.37	1.75	2.18	2.81	3.35	3.55	3.73	4.71	9.79	35.96	35.96
163	845.96	25.70	25.70	3.96	0.62	0.48	1.01	1.18	0.89	0.61	0.31	0.23	0.20	0.19	0.37	0.46	0.47	0.73	0.76	0.50	0.34	0.32	0.03	0.00	0.08	0.27	0.37	0.60	0.79	0.99	0.92	1.00	0.93	1.02	1.23	1.40	1.77	2.18	2.90	3.33	3.64	3.78	4.70	9.88	36.20	36.20
164	849.25	25.50	25.50	3.80	0.51	0.53	0.93	1.19	0.88	0.60	0.35	0.27	0.21	0.22	0.42	0.44	0.51	0.77	0.78	0.51	0.38	0.34	0.06	0.00	0.11	0.32	0.41	0.68	0.87	1.03	0.99	1.00	0.92	1.03	1.24	1.40	1.78	2.14	2.90	3.32	3.52	3.69	4.69	9.64	36.66	36.66
165	852.55	24.48	24.48	3.35	0.13	0.11	0.64	0.90	0.66	0.47	0.11	0.09	0.08	0.06	0.25	0.34	0.43	0.66	0.70	0.43	0.25	0.24	0.00	0.00	0.05	0.30	0.32	0.53	0.73	0.91	0.87	0.91	0.89	0.99	1.04	1.32	1.65	2.08	2.72	3.23	3.37	3.62	4.41	9.29	35.97	35.97
166	855.84	23.66	23.66	2.92	-0.15	-0.06	0.53	0.72	0.52	0.29	0.04	-0.05	-0.09	0.03	0.19	0.36	0.35	0.63	0.67	0.49	0.29	0.31	0.04	0.00	0.07	0.30	0.33	0.55	0.78	0.93	0.88	0.95	0.76	0.85	1.03	1.24	1.57	1.96	2.56	3.09	3.18	3.45	4.19	9.17	35.19	35.19
167	859.13	23.26	23.26	2.89	-0.32	-0.12	0.43	0.70	0.48	0.31	0.00	-0.07	-0.00	-0.01	0.19	0.32	0.39	0.66	0.72	0.47	0.33	0.28	0.07	0.00	0.10	0.32	0.36	0.64	0.80	0.90	0.84	0.90	0.80	0.85	1.07	1.18	1.57	1.84	2.58	2.96	3.25	3.28	4.25	8.93	35.33	35.33
168	862.42	23.28	23.28	2.52	-0.27	-0.14	0.41	0.71	0.51	0.25	0.03	-0.12	-0.01	-0.01	0.19	0.37	0.40	0.63	0.70	0.46	0.33	0.33	0.10	0.00	0.12	0.36	0.38	0.63	0.84	0.95	0.88	0.92	0.82	0.87	1.06	1.20	1.48	1.89	2.52	3.02	3.26	3.46	4.22	8.86	35.33	35.33
169	865.71	22.62	22.62	2.52	-0.34	-0.22	0.34	0.64	0.39	0.22	0.01	-0.05	-0.08	-0.05	0.12	0.30	0.41	0.59	0.61	0.45	0.27	0.28	0.04	0.00	0.04	0.29	0.38	0.60	0.71	0.88	0.83	0.87	0.75	0.88	0.94	1.15	1.49	1.87	2.49	3.01	3.13	3.38	4.08	8.85	35.37	35.37
170	869.00	22.97	22.97	2.31	-0.34	-0.18	0.33	0.67	0.39	0.22	-0.01	-0.10	-0.04	-0.01	0.17	0.31	0.36	0.64	0.63	0.42	0.25	0.26	0.03	0.00	0.06	0.28	0.33	0.58	0.75	0.89	0.83	0.86	0.78	0.81	0.96	1.14	1.50	1.79	2.49	2.97	3.17	3.27	4.00	9.07	35.03	35.03
171	872.29	23.84	23.84	3.05	-0.07	0.07	0.59	0.84	0.62	0.34	0.10	0.05	0.06	0.08	0.23	0.36	0.46	0.69	0.70	0.49	0.31	0.28	0.03	0.00	0.08	0.28	0.38	0.63	0.81	0.95	0.91	0.93	0.88	0.90	1.08	1.23	1.59	1.93	2.65	3.09	3.29	3.39	4.31	8.99	35.32	35.32
172	875.58	23.82	23.82	2.94	-0.00	0.12	0.64	0.84	0.64	0.38	0.17	0.05	0.03	0.09	0.22	0.38	0.46	0.65	0.69	0.49	0.32	0.27	0.04	0.00	0.08	0.29	0.38	0.65	0.82	0.95	0.94	0.94	0.90	0.94	1.07	1.31	1.62	2.03	2.69	3.17	3.44	3.63	4.47	9.43	35.88	35.88
173	878.86	22.07	22.07	2.08	-0.46	-0.25	0.30	0.58	0.43	0.18	-0.05	-0.14	-0.17	-0.11	0.06	0.26	0.35	0.55	0.58	0.42	0.31	0.25	0.07	0.00	0.09	0.28	0.40	0.62	0.77	0.89	0.87	0.85	0.80	0.85	0.97	1.18	1.53	1.94	2.54	3.06	3.30	3.51	4.33	9.13	35.35	35.35
174	882.15	21.52	21.52	1.83	-0.61	-0.40	0.22	0.47	0.32	0.11	-0.13	-0.21	-0.22	-0.16	0.01	0.22	0.33	0.52	0.57	0.43	0.30	0.25	0.08	0.00	0.10	0.27	0.41	0.59	0.72	0.84	0.82	0.80	0.73	0.77	0.91	1.10	1.44	1.82	2.43	3.00	3.18	3.38	4.17	8.92	34.76	34.76
175	885.43	22.10	22.10	2.06	-0.46	-0.20	0.36	0.56	0.41	0.18	-0.04	-0.15	-0.18	-0.10	0.06	0.25	0.35	0.54	0.60	0.44	0.30	0.26	0.08	0.00	0.09	0.27	0.41	0.59	0.74	0.85	0.81	0.84	0.75	0.80	0.92	1.11	1.47	1.86	2.44	3.01	3.24	3.38	4.18	8.86	34.76	34.76
176	888.71	23.89	23.89	3.01	0.17	0.23	0.69	0.90	0.68	0.41	0.17	0.07	0.04	0.09	0.23	0.39	0.46	0.65	0.68	0.50	0.32	0.27	0.04	0.00	0.07	0.28	0.41	0.63	0.80	0.92	0.90	0.93	0.85	0.92	1.07	1.27	1.62	2.02	2.66	3.17	3.41	3.61	4.51	9.21	35.53	35.53
177	892.00	23.24	23.24	2.69	-0.00	0.11	0.59	0.80	0.62	0.38	0.13	0.02	-0.03	0.04	0.20	0.36	0.46	0.65	0.69	0.50	0.37	0.26	0.07	0.00	0.09	0.30	0.45	0.67	0.84	0.95	0.94	0.95	0.89	0.96	1.11	1.28	1.69	2.07	2.71	3.22	3.50	3.71	4.54	9.45	35.82	35.82
178	895.27	22.54	22.54	2.26	-0.31	-0.12	0.37	0.63	0.41	0.19	-0.01	-0.11	-0.12	-0.01	0.11	0.33	0.41	0.61	0.66	0.49	0.35	0.27	0.07	0.00	0.12	0.30	0.46	0.64	0.79	0.92	0.90	0.89	0.83	0.90	1.01	1.23	1.55	1.95	2.57	3.11	3.34	3.58	4.35	9.12	35.43	35.43
179	898.55	22.98	22.98	2.37	-0.25	-0.04	0.45	0.63	0.45	0.23	0.01	-0.09	-0.09	-0.04	0.15	0.33	0.41	0.61	0.64	0.48	0.33	0.27	0.06	0.00	0.09	0.29	0.42	0.61	0.80	0.92	0.88	0.90	0.79	0.88	1.01	1.18	1.51	1.92	2.54	3.02	3.31	3.48	4.29	9.04	34.95	34.95
180	901.83	22.58	22.58	2.15	-0.37	-0.15	0.32	0.59	0.44	0.19	-0.02	-0.11	-0.11	-0.07	0.11	0.31	0.40	0.59	0.62	0.46	0.33	0.23	0.05	0.00	0.07	0.30	0.39	0.61	0.78	0.89	0.85	0.88	0.77	0.82	0.98	1.17	1.48	1.89	2.51	3.02	3.30	3.47	4.31	9.06	35.34	35.34
181	905.11	22.40	22.40	2.21	-0.45	-0.23	0.24	0.54	0.38	0.20	-0.06	-0.13	-0.16	-0.09	0.10	0.29	0.39	0.59	0.60	0.47	0.34	0.22	0.05	0.00	0.09	0.30	0.41	0.62	0.78	0.91	0.87	0.90	0.78	0.82	0.94	1.15	1.50	1.82	2.50	2.95	3.26	3.48	4.27	8.97	35.30	35.30
182	908.38	23.48	23.48	2.44	-0.10	0.04	0.50	0.72	0.55	0.32	0.03	-0.06	-0.08	0.02	0.18	0.35	0.47	0.68	0.68	0.52	0.33	0.25	0.07	0.00	0.08	0.31	0.45	0.65	0.81	0.94	0.92	0.91	0.84	0.88	1.02	1.24	1.55	1.95	2.57	3.09	3.31	3.58	4.32	9.06	35.30	35.30
183	911.65	23.25	23.25	2.56	-0.06	0.06	0.52	0.72	0.54	0.29	0.06	-0.08	-0.06	-0.02	0.17	0.34	0.48	0.67	0.66	0.50	0.35	0.22	0.07	0.00	0.06	0.28	0.43	0.66	0.83	0.95	0.92	0.93	0.82	0.91	1.02	1.26	1.56	2.01	2.59	3.18	3.37	3.66	4.54	9.25	35.80	35.80
184	914.93	21.62	21.62	1.74	-0.74	-0.39	0.07	0.37	0.25	0.01	-0.18	-0.27	-0.29	-0.21	-0.01	0.21	0.33	0.52	0.57	0.42	0.29	0.20	0.02	0.00	0.06	0.23	0.39	0.59	0.76	0.86	0.83	0.83	0.72	0.73	0.91	1.10	1.42	1.80	2.44	2.93	3.21	3.49	4.33	8.98	35.04	35.04
185	918.20	21.21	21.21	1.39	-0.80	-0.52	-0.01	0.25	0.15	-0.05	-0.24	-0.33	-0.31	-0.27	-0.05	0.21	0.32	0.51	0.56	0.44	0.32	0.18	0.04	0.00	0.09	0.29	0.42	0.64	0.77	0.82	0.81	0.82	0.70	0.71	0.86	0.99	1.36	1.75	2.32	2.85	3.10	3.37	4.09	8.71	34.94	34.94
186	921.47	22.10	22.10	1.94	-0.46	-0.32	0.18	0.52	0.24	0.11	-0.20	-0.26	-0.27	-0.15	0.00	0.24	0.37	0.56	0.57	0.42	0.30	0.18	0.03	0.00	0.05	0.27	0.41	0.58	0.73	0.84	0.86	0.80	0.72	0.78	0.83	1.08	1.40	1.82	2.37	2.90	3.17	3.45	4.10	8.87	34.78	34.78
187	924.74	23.48	23.48	2.48	-0.08	0.11	0.48	0.73	0.50	0.32	0.06	-0.12	-0.08	-0.05	0.13	0.36	0.42	0.72	0.70	0.50	0.35	0.27	-0.00	0.00	0.07	0.32	0.45	0.67	0.83	0.99	0.96	0.97	0.79	0.91	0.97	1.23	1.55	2.00	2.69	3.12	3.23	3.78	4.55	9.20	35.98	35.98
188	928.00	24.45	24.45	2.97	-0.01	0.28	0.55	0.78	0.66	0.32	0.07	0.02	0.05	0.02	0.19	0.43	0.52	0.69	0.79	0.57	0.36	0.24	0.02	0.00	0.06	0.29	0.46	0.73	0.87	0.99	0.94	1.00	0.88	0.90	1.06	1.32	1.63	2.01	2.76	3.21	3.37	3.72	4.54	9.20	36.17	36.17
189	931.27	23.37	23.37	2.59	-0.19	-0.05	0.31	0.55	0.60	0.25	0.05	-0.05	-0.09	-0.04	0.22	0.39	0.48	0.67	0.74	0.51	0.40	0.22	0.04	0.00	0.12	0.29	0.43	0.71	0.88	0.95	0.85	0.92	0.83	0.89	1.00	1.13	1.49	1.91	2.47	2.96	3.39	3.58	4.48	9.14	35.91	35.91
190	934.53	21.67	21.67	1.93	-0.79	-0.27	0.09	0.42	0.29	0.03	-0.17	-0.28	-0.32	-0.24	-0.03	0.21	0.40	0.56	0.66	0.47	0.29	0.23	0.06	0.00	0.08	0.34	0.46	0.62	0.78	0.89	0.89	0.82	0.68	0.72	0.88	1.06	1.37	1.78	2.36	2.93	3.03	3.40	4.29	9.05	35.56	35.56
191	937.80	21.20	21.20	1.37	-0.85	-0.59	-0.11	0.23	0.07	-0.05	-0.31	-0.38	-0.35	-0.25	-0.07	0.18	0.36	0.57	0.62	0.47	0.34	0.22	0.02	0.00	0.00	0.31	0.45	0.64	0.77	0.92	0.82	0.82	0.68	0.69	0.81	0.97	1.32	1.66	2.31	2.77	2.83	3.35	4.04	8.76	34.95	34.95
192	941.06	20.83	20.83	1.23	-0.77	-0.50	-0.05	0.28	0.07	-0.10	-0.32	-0.33	-0.37	-0.31	-0.07	0.15	0.36	0.54	0.66	0.51	0.32	0.25	0.04	0.00	0.06	0.29	0.44	0.66	0.83	0.87	0.80	0.78	0.64	0.64	0.83	0.97	1.31	1.70	2.27	2.87	2.99	3.29	4.16	8.48	34.75	34.75
193	944.32	21.49	21.49	1.67	-0.63	-0.44	-0.13	0.27	0.10	-0.11	-0.28	-0.33	-0.32	-0.28	-0.02	0.22	0.34	0.56	0.60	0.45	0.37	0.28	0.04	0.00	0.10	0.33	0.46	0.68	0.80	0.84	0.83	0.77	0.67	0.72	0.82	0.96	1.27	1.66	2.30	2.75	2.93	3.42	4.24	8.72	34.35	34.35
194	947.58	21.50	21.50	1.48	-0.77	-0.38	-0.15	0.14	0.17	-0.06	-0.28	-0.36	-0.36	-0.30	-0.08	0.20	0.36	0.52	0.65	0.46	0.32	0.24	0.05	0.00	0.06	0.33	0.47	0.67	0.75	0.85	0.82	0.82	0.63	0.70	0.72	0.99	1.28	1.76	2.25	2.70	2.98	3.30	4.11	8.71	35.34	35.34
195	950.83	21.08	21.08	1.35	-0.89	-0.60	0.03	0.21	0.12	-0.09	-0.29	-0.39	-0.36	-0.28	-0.04	0.20	0.35	0.52	0.62	0.50	0.35	0.26	0.12	0.00	0.11	0.35	0.54	0.71	0.81	0.87	0.83	0.78	0.69	0.68	0.74	1.00	1.30	1.75	2.30	2.81	2.95	3.36	4.01	8.58	34.85	34.85
196	954.09	22.39	22.39	1.67	-0.56	-0.50	-0.01	0.31	0.11	-0.11	-0.38	-0.33	-0.36	-0.26	-0.05	0.21	0.36	0.56	0.56	0.50	0.35	0.26	0.08	0.00	0.10	0.34	0.46	0.63	0.77	0.86	0.82	0.79	0.65	0.64	0.76	0.93	1.31	1.75	2.43	2.91	2.93	3.25	4.06	8.56	35.12	35.12
197	957.34	23.13	23.13	2.55	-0.28	-0.12	0.19	0.36	0.36	0.04	-0.11	-0.26	-0.18	-0.19	0.06	0.31	0.36	0.58	0.70	0.51	0.32	0.24	0.05	0.00	0.07	0.32	0.45	0.69	0.79	0.89	0.80	0.75	0.61	0.69	0.86	1.02	1.32	1.64	2.38	2.83	3.14	3.28	4.20	8.99	35.07	35.07
198	960.60	22.37	22.37	2.41	-0.37	0.08	0.44	0.49	0.36	0.26	-0.15	-0.09	-0.29	-0.06	0.14	0.26	0.49	0.67	0.79	0.58	0.41	0.27	0.07	0.00	0.12	0.34	0.44	0.77	0.95	0.92	0.92	0.88	0.78	0.80	0.93	1.07	1.31	1.71	2.52	2.88	3.08	3.41	4.32	9.02	36.26	36.26
199	963.85	21.39	21.39	1.88	-0.53	-0.49	-0.00	0.43	0.16	0.14	-0.30	-0.20	-0.30	-0.18	-0.01	0.20	0.47	0.69	0.73	0.55	0.35	0.26	0.10	0.00	0.12	0.36	0.61	0.65	0.78	1.08	1.00	0.85	0.77	0.76	0.90	1.02	1.39	1.86	2.56	2.89	2.98	3.74	4.26	8.54	35.84	35.84
200	967.10	20.91	20.91	1.28	-0.86	-0.73	-0.13	0.03	0.02	-0.23	-0.41	-0.56	-0.49	-0.47	-0.16	0.14	0.34	0.63	0.60	0.36	0.26	0.18	-0.02	0.00	-0.03	0.19	0.44	0.53	0.72	0.91	0.86	0.73	0.59	0.65	0.77	0.97	1.31	1.59	2.19	2.95	2.98	3.53	4.02	8.70	35.19	35.19
201	970.35	20.79	20.79	1.02	-1.04	-0.41	-0.06	0.09	0.08	-0.35	-0.39	-0.45	-0.43	-0.48	-0.16	0.05	0.22	0.41	0.61	0.27	0.12	0.10	-0.09	0.00	0.03	0.22	0.29	0.54	0.66	0.67	0.67	0.60	0.55	0.42	0.73	0.73	0.98	1.47	2.18	2.50	2.76	3.14	3.75	8.69	34.80	34.80
202	973.59	21.33	21.33	1.42	-0.83	-0.60	-0.23	0.05	-0.00	-0.23	-0.38	-0.48	-0.46	-0.35	-0.11	0.14	0.31	0.53	0.60	0.41	0.39	0.20	0.03	0.00	0.14	0.33	0.37	0.65	0.68	0.82	0.67	0.72	0.60	0.56	0.69	0.75	1.17	1.60	2.08	2.47	2.89	2.81	4.27	8.12	34.57	34.57
203	976.84	19.61	19.61	0.62	-1.14	-1.15	-0.61	-0.22	-0.25	-0.33	-0.62	-0.62	-0.65	-0.54	-0.33	-0.01	0.17	0.42	0.56	0.39	0.27	0.21	-0.00	0.00	0.04	0.32	0.38	0.55	0.70	0.81	0.75	0.65	0.45	0.54	0.54	0.76	1.02	1.49	2.04	2.51	2.66	3.03	3.86	8.13	34.63	34.63
204	980.08	20.14	20.14	0.14	-1.44	-1.15	-0.37	-0.16	-0.23	-0.41	-0.60	-0.75	-0.61	-0.57	-0.26	0.07	0.21	0.41	0.53	0.38	0.23	0.20	0.07	0.00	0.01	0.21	0.35	0.54	0.64	0.82	0.72	0.63	0.49	0.46	0.60	0.76	1.03	1.54	2.14	2.49	2.54	3.08	3.71	8.12	34.40	34.40
205	983.32	21.08	21.08	1.21	-0.89	-0.74	-0.07	-0.05	0.05	-0.29	-0.50	-0.58	-0.56	-0.50	-0.30	0.03	0.10	0.46	0.56	0.37	0.22	0.23	-0.03	0.00	0.02	0.17	0.37	0.55	0.70	0.79	0.63	0.65	0.50	0.42	0.58	0.74	1.16	1.45	2.07	2.57	2.73	2.95	3.82	8.14	34.47	34.47
206	986.56	22.85	22.85	1.67	-0.55	-0.55	-0.10	0.06	0.02	-0.24	-0.41	-0.48	-0.45	-0.24	-0.10	0.10	0.33	0.53	0.58	0.46	0.31	0.22	0.09	0.00	0.15	0.40	0.44	0.67	0.78	0.82	0.76	0.73	0.63	0.62	0.75	0.81	1.12	1.45	2.15	2.55	3.10	3.25	4.26	9.07	35.37	35.37
207	989.80	19.83	19.83	0.21	-1.39	-1.12	-0.68	-0.09	-0.19	-0.42	-0.57	-0.68	-0.73	-0.43	-0.29	-0.03	0.20	0.38	0.48	0.49	0.30	0.14	-0.01	0.00	0.09	0.34	0.32	0.60	0.63	0.75	0.70	0.63	0.43	0.52	0.55	0.73	1.12	1.56	2.08	2.42	2.72	2.73	3.73	8.21	34.53	34.53
208	993.04	19.31	19.31	0.57	-1.37	-1.49	-0.58	-0.39	-0.40	-0.49	-0.70	-0.78	-0.60	-0.58	-0.40	-0.08	0.08	0.37	0.40	0.34	0.21	0.08	0.04	0.00	0.02	0.17	0.39	0.52	0.63	0.70	0.64	0.57	0.30	0.33	0.50	0.68	0.97	1.34	1.92	2.31	2.47	2.84	3.35	7.54	33.79	33.79
209	996.28	21.43	21.43	0.61	-1.33	-1.19	-0.26	-0.29	-0.39	-0.36	-0.78	-0.73	-0.74	-0.65	-0.30	-0.02	0.14	0.47	0.46	0.42	0.23	0.20	0.06	0.00	-0.06	0.24	0.38	0.59	0.71	0.75	0.66	0.68	0.42	0.32	0.43	0.76	0.99	1.34	1.87	2.36	2.62	2.40	3.66	7.92	34.27	34.27
210	999.51	20.85	20.85	1.22	-1.00	-1.13	-0.48	-0.03	0.06	-0.13	-0.46	-0.55	-0.41	-0.50	-0.26	0.19	0.19	0.50	0.58	0.33	0.31	0.24	0.09	0.00	0.19	0.32	0.23	0.52	0.73	0.83	0.67	0.56	0.43	0.47	0.51	0.84	0.92	1.30	1.98	2.41	2.73	2.93	4.30	7.84	34.70	34.70
211	1002.74	20.01	20.01	1.30	-0.97	-1.06	-0.63	-0.26	-0.13	-0.47	-0.52	-0.58	-0.62	-0.58	-0.09	-0.12	0.24	0.45	0.52	0.39	0.26	0.10	-0.21	0.00	0.04	0.37	0.28	0.54	0.57	0.66	0.61	0.67	0.38	0.61	0.50	0.75	1.08	1.49	1.97	2.48	2.82	2.66	4.12	8.96	35.60	35.60
212	1005.98	20.23	20.23	0.13	-1.33	-1.63	-0.23	-0.28	-0.61	-0.30	-0.70	-0.90	-0.75	-0.80	-0.53	-0.29	0.26	0.11	0.58	0.29	0.22	0.10	-0.04	0.00	-0.02	0.25	0.39	0.40	0.72	0.70	0.70	0.79	0.49	0.56	0.48	0.81	1.23	1.62	2.19	2.57	2.35	2.97	3.09	9.60	37.98	37.98
213	1009.21	17.34	17.34	-0.42	-1.91	-1.65	-1.09	-0.62	-0.14	-0.92	-1.19	-0.83	-0.78	-0.99	-0.48	-0.21	0.03	0.29	0.47	0.48	0.24	0.37	-0.01	0.00	0.09	0.41	0.45	0.50	0.77	0.80	0.60	0.45	0.40	0.29	0.17	0.51	0.83	1.06	1.74	1.98	2.06	2.36	3.76	7.21	35.14	35.14
214	1012.43	18.20	18.20	0.37	-2.46	-2.14	-0.86	-0.86	-0.52	-0.78	-0.92	-1.22	-0.87	-0.82	-0.57	-0.16	0.09	0.08	0.25	0.14	0.24	0.21	0.01	0.00	0.00	-0.03	0.29	0.41	0.58	0.70	0.44	0.15	0.10	0.12	0.29	0.26	0.74	0.91	1.31	1.64	2.10	1.41	3.18	6.80	34.04	34.04
215	1015.66	15.40	15.40	0.75	-2.67	-1.83	-1.08	-0.72	-0.79	-1.07	-0.64	-0.95	-0.67	-0.58	-0.51	-0.02	0.07	0.40	0.67	0.38	0.55	0.26	0.21	0.00	0.21	0.59	0.30	0.50	0.47	0.68	0.56	0.66	0.37	0.76	0.48	0.47	0.75	0.96	1.51	1.35	2.18	3.10	2.80	6.16	33.34	33.34
216	1018.88	18.60	18.60	-0.46	-2.65	-1.84	-1.40	-1.65	-0.49	-0.88	-0.87	-1.38	-0.67	-0.83	-0.69	-0.34	0.60	0.29	0.73	0.41	0.91	0.33	0.33	0.00	0.28	0.41	0.70	0.76	1.04	0.92	0.92	0.88	0.20	0.59	0.38	0.56	0.82	1.34	2.24	2.05	1.86	2.34	3.95	5.56	33.32	33.32
217	1022.11	19.83	19.83	-0.29	-1.68	-2.47	-0.06	-0.25	-0.80	-0.67	-0.61	-1.29	-0.87	-0.88	-0.14	0.19	0.17	0.64	0.24	0.86	0.07	0.33	0.13	0.00	-0.06	0.39	0.87	0.44	1.14	0.97	1.00	0.53	0.73	0.64	0.75	1.13	1.44	1.16	1.87	2.50	2.83	2.74	5.34	10.46	33.12	33.12
218	1025.33	21.20	21.20	1.79	-3.73	-0.58	-0.89	-0.73	-1.23	-0.65	-1.48	-2.39	-0.92	-1.27	-1.19	-0.50	-0.68	-0.55	0.21	0.40	0.22	0.37	-0.58	0.00	-0.24	-0.12	0.16	0.04	-0.23	0.14	-0.10	-0.97	-0.66	-0.52	0.56	-0.20	0.51	0.71	0.86	1.90	1.55	1.81	4.29	7.80	38.03	38.03
219	1028.55	22.50	22.50	0.41	-1.79	-2.16	-0.84	-0.75	0.07	-0.96	-0.30	-1.12	-0.49	-0.94	0.62	-0.15	1.07	0.90	0.50	0.71	1.32	-0.23	0.67	0.00	0.30	1.23	0.31	0.94	0.31	1.11	0.24	1.15	0.24	1.56	2.15	0.06	-0.75	0.28	1.77	1.22	3.22	1.91	4.36	3.23	38.12	38.12
220	1031.77	6.73	6.73	3.81	-1.32	-2.22	0.28	1.11	0.83	2.43	0.47	0.69	-0.78	0.16	0.62	0.16	1.75	1.32	1.40	1.17	1.68	1.16	1.37	0.00	1.91	0.84	2.06	0.90	1.72	1.81	2.90	1.61	1.05	1.82	0.98	1.95	2.17	4.34	3.06	2.51	2.98	4.41	6.78	6.60	30.01	30.01
221	1034.98	33.00	33.00	-0.08	0.91	-0.34	-0.33	-1.37	-0.60	1.12	0.24	-1.11	-0.72	-1.63	-1.78	1.07	0.40	-0.12	0.13	0.82	1.01	0.72	0.97	0.00	0.36	-0.09	-0.28	0.03	0.69	1.36	1.00	1.37	-0.35	0.59	0.03	2.36	1.58	2.61	4.21	2.98	-0.37	7.61	2.76	13.92	35.80	35.80
222	1038.20	20.43	20.43	-2.24	-2.64	0.74	3.11	2.26	1.04	-0.44	-0.40	0.42	-0.80	0.44	-1.16	0.01	-0.78	-1.31	-0.00	-0.27	1.47	0.77	-0.37	0.00	-0.44	0.70	-0.34	-0.00	1.01	0.01	0.39	0.38	1.86	2.31	-0.20	0.99	1.41	2.24	0.75	2.93	5.14	6.87	1.85	10.82	30.83	30.83
223	1041.41	23.07	23.07	6.58	-1.17	5.34	2.57	-0.07	-0.87	-0.22	1.24	0.13	1.13	1.49	2.46	1.11	3.32	0.94	1.62	1.22	2.03	2.66	2.92	0.00	3.32	2.16	0.83	2.95	2.68	2.67	1.11	1.17	1.46	1.83	-0.01	1.62	0.56	-0.45	2.40	1.93	5.79	-1.01	4.80	14.11	34.37	34.37
224	1044.62	40.97	40.97	11.58	-0.06	7.99	0.64	4.90	1.80	-0.97	2.00	2.34	0.76	-0.43	-0.17	-0.08	-0.85	0.62	-0.57	0.39	-0.25	-2.84	-2.83	0.00	-0.65	-1.04	-1.36	0.40	-0.09	0.86	2.07	1.86	1.06	-1.01	2.49	-0.82	-0.86	4.47	5.07	4.89	6.48	3.93	3.83	10.73	46.85	46.85
225	1047.83	32.91	32.91	-1.17	-6.05	-2.04	7.93	-4.65	1.60	0.97	-0.94	-3.73	-0.29	-1.61	0.55	-2.16	-0.09	-1.76	0.42	-0.16	-1.20	-2.69	0.30	0.00	-3.96	-0.90	-1.18	0.29	1.23	0.46	1.09	-1.37	-2.86	0.94	2.21	1.81	1.11	2.00	3.68	4.24	2.05	11.81	-8.26	13.23	30.85	30.85
226	1051.04	32.12	32.12	12.10	5.02	0.53	10.96	-1.16	3.85	-4.00	1.63	0.95	3.55	0.78	-2.96	2.18	3.10	3.35	4.11	3.44	4.17	4.03	3.09	0.00	1.52	3.16	3.03	6.11	2.76	5.07	2.91	2.55	2.65	2.04	3.75	2.85	2.25	3.43	2.79	9.93	10.78	-0.04	9.30	29.18	53.01	53.01
227	1054.24	49.72	49.72	14.13	-2.52	-1.39	10.67	-1.70	0.30	1.48	-2.06	0.83	4.20	0.53	0.30	1.43	1.99	-2.51	-0.89	-0.47	3.40	-3.32	-3.17	0.00	-2.59	-0.71	-2.48	-0.61	-2.25	-1.74	-3.17	-3.66	-1.23	-1.45	-1.04	2.87	2.34	-3.19	-0.17	-5.86	3.05	-7.80	8.39	9.26	55.03	55.03
228	1057.44	17.73	17.73	17.02	12.97	4.23	-11.40	6.82	-0.31	2.45	0.38	-3.07	-2.11	-2.34	-2.78	1.81	1.69	3.09	3.69	1.03	1.03	-0.78	-0.14	0.00	-1.64	0.88	-1.47	0.69	3.95	1.27	7.13	5.66	4.53	8.45	7.44	5.39	2.69	5.43	1.82	0.94	2.88	2.97	4.36	28.55	46.43	46.43
229	1060.65	21.06	21.06	-10.30	-9.91	12.35	0.16	8.08	1.19	13.68	6.11	1.54	1.48	3.15	0.23	2.27	5.61	2.81	4.52	3.73	1.07	1.13	2.29	0.00	0.74	4.23	0.65	-2.90	1.08	6.06	1.99	2.48	5.26	2.35	-2.48	10.55	3.20	10.93	12.94	1.27	-9.16	10.74	18.80	-5.10	130.98	130.98
230	1063.85	28.21	28.21	21.34	23.05	-15.21	6.93	-1.35	14.27	0.70	-1.71	-4.80	3.81	1.91	12.09	4.37	4.52	2.58	6.16	5.87	7.79	1.66	10.18	0.00	6.41	8.83	4.66	4.95	10.86	5.21	12.11	16.39	1.21	-3.83	8.59	1.02	7.29	6.71	19.98	18.35	14.06	6.75	-3.71	33.88	19.80	19.80
231	1067.04	109.06	109.06	-15.07	-31.93	35.26	-5.25	0.31	3.23	7.56	-2.60	-3.35	-5.69	1.80	-1.11	7.34	4.87	-5.13	0.72	-9.85	0.51	4.26	-0.28	0.00	-6.81	4.04	-2.37	-5.54	6.34	4.05	-7.93	-4.03	-1.06	-5.60	-4.67	-0.97	2.63	-7.50	-3.27	-3.16	1.99	-9.83	-38.95	90.53	51.28	51.28
232	1070.24	-50.58	-50.58	0.98	-17.00	34.18	16.18	-2.54	20.38	7.39	21.53	14.16	4.64	13.75	14.17	11.66	28.68	1.04	21.15	19.74	36.70	17.63	12.03	0.00	24.27	27.76	24.49	18.23	29.85	5.75	21.09	24.17	6.85	44.01	21.29	8.04	8.68	16.03	17.01	15.82	42.41	29.36	54.13	46.74	34.30	34.30
233	1073.43	51.94	51.94	20.12	28.74	-1.55	29.97	33.29	36.74	6.96	9.29	3.31	-1.63	22.26	4.55	-0.19	21.76	7.01	-2.43	3.72	1.00	1.94	12.66	0.00	-12.28	-4.51	4.64	19.35	5.35	7.78	-0.69	15.57	8.12	26.95	-5.51	2.14	12.42	28.22	15.52	4.43	-26.31	23.07	-15.26	9.05	132.00	132.00
234	1076.63	64.44	64.44	20.91	16.70	27.39	19.86	26.58	-12.39	10.51	-13.15	-1.89	-31.36	-9.30	-9.97	-18.25	2.21	-10.40	-0.94	-6.84	7.76	0.89	-1.50	0.00	-5.16	14.54	0.92	-8.21	6.85	10.94	-19.52	-16.37	-4.48	-14.13	-7.52	-12.10	-21.36	22.58	16.86	25.83	2.66	-5.16	-3.89	57.48	-29.32	-29.32
235	1079.82	433.33	433.33	153.75	-10.79	70.47	1.33	-8.82	2.10	8.66	-11.32	-3.70	6.31	13.03	2.82	-14.67	10.64	-0.28	2.46	-5.65	-0.11	-3.21	-10.40	0.00	-0.63	4.68	-2.34	-13.58	-14.79	-10.67	-11.80	-24.26	-4.46	-13.93	28.40	17.28	29.89	3.85	-8.01	-13.44	8.15	-6.27	18.92	174.65	191.68	191.68
236	1083.01	3819.64	3819.64	69.61	-357.26	244.92	197.39	160.17	258.28	164.18	119.08	121.02	140.17	55.95	88.97	46.43	119.15	30.15	124.03	34.11	76.45	84.85	88.22	0.00	118.09	151.84	53.97	120.14	52.90	42.25	-2.95	91.00	62.11	126.08	89.71	42.43	30.91	126.88	42.76	50.31	98.16	45.14	261.45	-280.94	-152.39	-152.39
237	1086.19	-172.16	-172.16	-201.22	-141.59	-118.78	-47.65	2.43	-47.84	-2.68	-33.17	21.50	61.87	84.30	-33.84	-24.41	2.42	-47.60	1.75	-20.11	-17.43	26.40	20.91	0.00	22.06	17.85	11.89	-25.35	-40.37	14.04	16.97	4.98	-2.79	12.81	8.26	102.85	-32.52	6.39	-91.70	28.14	31.30	-84.97	51.34	-57.62	316.42	316.42
238	1089.38	1032.66	1032.66	-279.84	-106.09	271.79	-42.32	56.78	102.61	-44.58	0.29	-131.48	-120.81	-5.19	127.04	-31.51	6.55	108.55	-5.55	155.24	16.94	62.90	-25.41	0.00	-39.61	-44.32	18.65	5.45	46.55	23.08	43.40	-28.78	26.61	-58.47	14.65	-16.64	20.22	53.94	68.90	80.45	68.40	150.31	94.61	-392.19	431.13	431.13
239	1092.56	1377.70	1377.70	151.38	141.02	294.42	213.01	128.79	258.31	121.87	39.58	61.36	96.00	90.52	5.16	66.40	107.49	24.16	149.82	90.31	-102.33	161.81	137.96	0.00	70.68	6.84	89.56	-2.89	113.43	48.54	56.46	-19.06	92.08	-3.07	-0.98	19.93	-23.01	-21.49	93.35	40.92	-12.58	-30.16	312.29	397.88	-1023.24	-1023.24
240	1095.74	-529.49	-529.49	211.92	-96.32	85.12	-64.97	-110.73	13.14	-113.26	-25.04	-40.36	-41.13	-127.16	9.95	31.50	-1.22	-11.03	-31.09	-42.82	22.35	69.14	127.01	0.00	137.41	48.10	-116.44	-18.18	2.42	130.31	69.18	245.95	253.24	85.77	8.57	18.58	297.20	78.93	-145.39	-524.06	544.82	1407.16	337.06	3833.69	-12398.30	-12398.30
241	1098.92	-239.82	-239.82	-546.56	133.20	51.69	243.99	102.54	8.42	231.37	108.97	39.05	23.96	11.85	159.27	68.91	30.08	131.77	18.04	-143.65	173.68	-104.82	370.30	0.00	-831.75	-12215.91	-110.97	-148.57	-30.58	157.77	104.08	332.72	79.31	143.39	136.08	44.03	-206.73	-1.85	64.14	84.24	-92.01	85.40	95.86	110.86	1291.67	1291.67
242	1102.10	1884.49	1884.49	-75.92	-332.90	907.34	-10.86	383.06	-302.44	-344.83	171.46	-218.03	-574.61	-144.42	-154.04	-126.25	-84.61	-168.09	-39.40	-304.97	-145.44	-1.71	-56.53	0.00	-114.34	-134.17	-201.89	-224.99	-189.92	-237.77	-87.20	-236.15	-256.71	-50.62	-176.00	-40.91	-170.53	-176.84	-153.27	442.91	-2617.11	-13846.38	-151.41	313.83	613.76	613.76
243	1105.27	3293.18	3293.18	438.07	422.27	-721.01	-3616.75	-5824.99	-2629.39	-1628.90	-672.68	118.00	217.11	-706.15	-312.11	1259.82	525.83	1110.83	1621.52	-749.61	-391.60	109.18	-324.12	0.00	131.49	-7.63	-840.85	141.80	-623.54	841.02	-169.42	-44.00	-67.99	-197.58	-174.27	-25.09	-315.80	-36.33	-939.06	-1063.45	946.97	-8656.49	-299.17	3102.78	2903.49	2903.49
244	1108.45	707.72	707.72	1033.27	-127.88	212.03	-108.22	180.30	196.92	163.18	-134.47	-47.19	-297.32	-132.91	-84.76	-148.11	-27.39	-99.83	-85.24	-172.38	-118.00	-175.59	-19.46	0.00	-107.66	-160.72	-134.64	-27.60	-127.41	-51.39	30.83	76.12	-456.19	-1742.45	-144.25	-186.82	-142.81	-101.12	-138.39	-144.16	-87.31	-61.24	101.68	143.80	49.95	49.95
245	1111.62	1052.11	1052.11	-334.47	-2256.26	2257636.04	1074.33	-975.57	-147.05	-2243.88	-243.93	-333.66	-278.35	47.08	-60.81	-282.64	-119.41	-106.54	46.97	-68.72	8.67	38.80	-143.22	0.00	-64.09	-114.44	-46.00	-123.42	-34.54	4.50	-88.81	-59.71	-137.58	-174.27	-104.72	46.27	-104.28	-107.70	-127.07	135.60	-59.75	-114.33	-113.83	-91.51	-44.84	-44.84
246	1114.78	-3949.33	-3949.33	-1128.06	52.66	1351.22	78.97	-332.66	-271.15	48.11	-2945.86	-627.26	-712.32	-483.38	-338.71	-20.47	-407.87	-232.45	-303.02	-208.78	-41.10	-9.16	171.87	0.00	-126.08	-659.37	477.42	170.29	-146.24	-5.89	-36.65	-140.49	-75.45	-83.59	38.25	-84.86	-139.48	-188.96	108.02	-108.13	-168.72	-176.53	6.58	162.34	215.37	215.37
247	1117.95	3859.51	3859.51	372.63	-1639.83	190.00	-234.43	-259.45	-251.45	90.01	-401.58	-674.63	-528.65	-390.58	-321.34	54.27	-286.52	509.43	270.35	752.77	-190.33	-404.91	-61.26	0.00	-254.90	-636.43	-337.29	-818.84	115.81	658.87	-506.27	-326.39	-271.66	-440.75	143.95	-450.92	-672.30	-20.03	19.05	204.87	-239.37	-131.99	-140.67	1060.02	-1236.13	-1236.13
248	1121.12	78.90	78.90	518.53	71.66	102.42	-115.02	175.78	174.12	161.38	1109.70	-359.21	-26.32	-90.84	-293.83	-53.90	-85.63	13.44	28.67	680.84	137.65	-368.80	75.28	0.00	-174.68	-215.48	-798.59	127.75	189.44	-454.85	-0.27	-169.04	-12.61	-341.82	85.29	-197.81	-78.46	125.16	36.90	127.41	124.61	603.27	-62.09	169.83	478.50	478.50
249	1124.28	-2900.54	-2900.54	415.76	317.02	21.24	721.48	57.77	-112.88	-437.60	-171.01	-672.33	481.60	72.10	-79.97	-275.11	294.23	266.98	69.26	-389.08	-18.55	-1094.98	697.40	0.00	-1410.28	28.86	-582.02	578.59	-762.04	-271.10	-711.93	-116.53	-270.01	9.76	-0.92	389.42	90.03	-52.66	34.79	54.93	-223.96	4.45	15.65	-1417.09	-1300.24	-1300.24
250	1127.44	465.01	465.01	-527.55	130.26	-171.05	-381.28	111.71	-259.54	-73.65	-1671.72	808.57	127.94	110.03	-69.60	93.76	-112.60	1.38	40.92	45.77	61.88	-49.19	-5.00	0.00	-39.60	30.45	-72.62	-46.33	30.15	-95.02	-42.00	115.20	126.20	-38.11	52.30	57.67	455.30	1734.92	807.36	231.25	-53.46	-177.16	-418.11	202.50	-1071.57	-1071.57
251	1130.60	934.34	934.34	-237.97	55.57	-45.22	-6.01	-89.88	-9.11	-37.35	-68.89	-21.04	-1.29	58.55	20.56	76.49	253.28	-334.65	356.90	-126.58	-28.48	-150.96	-143.13	0.00	-128.29	81.51	-87.30	15.95	-111.27	67.63	-28.61	-332.93	27.64	-105.62	-38.90	-26.33	-687.03	162.82	169.65	-372.11	-579.35	572.89	3240.89	3767.62	3363.13	3363.13
252	1133.76	-100.89	-100.89	-736.70	-211.06	-518.04	-557.46	-275.13	543.32	2152.05	-103.08	-845.07	-77.73	-70.00	-318.88	-76.34	-169.22	57.54	68.01	73.41	-145.57	-20.01	-37.50	0.00	-45.09	-21.04	14.43	-45.67	-122.37	1.80	-67.24	26.79	-195.93	-4.50	-262.55	-307.66	-679.03	1111.08	386.37	-259.73	-277.72	297.68	-343.92	-397.71	1360.64	1360.64
253	1136.91	3332.99	3332.99	-37.53	605.32	-2.15	149.33	188.57	106.69	-53.40	199.94	50.80	67.31	21.76	-2.71	119.49	-3.78	-27.12	54.89	48.64	30.99	4.48	13.89	0.00	38.58	23.11	74.06	-75.90	26.56	30.04	21.22	78.74	-24.50	-36.11	50.83	98.03	72.18	101.94	177.89	293.07	-83.30	-4360.14	-1380.95	297.30	998.97	998.97
254	1140.06	462.20	462.20	-737.09	39.26	-351.75	-323.34	97.41	43.24	-92.81	194.06	-116.55	205.91	-47.02	489.72	-311.07	312.49	-4028.18	-736.54	-371.35	-286.18	-91.37	8.68	0.00	148.53	-509.19	382.07	351.27	53.37	56.63	-34.22	10.85	268.35	129.50	14.40	269.78	-10.51	95.99	253.89	-79.30	-187.06	237.88	-174.10	-655.96	-782.39	-782.39
255	1143.21	758.33	758.33	100.66	182.43	117.22	84.57	17.23	50.79	48.71	9.01	45.52	37.43	19.75	3.94	56.65	-14.83	12.14	-3.86	-12.57	18.48	32.18	33.65	0.00	53.23	23.40	18.44	41.84	-7.85	25.14	4.05	9.14	-1.30	-11.59	19.44	-0.25	16.30	22.45	31.51	41.43	118.80	49.50	175.93	218.67	594.71	594.71
[END_OF_COSERROR]

[COLUMN_NAMES]
px	wl\angle	-90.00	-85.00	-80.00	-75.00	-70.00	-65.00	-60.00	-55.00	-50.00	-45.00	-40.00	-35.00	-30.00	-25.00	-20.00	-17.50	-15.00	-12.50	-10.00	-7.50	-5.00	-2.50	0.00	2.50	5.00	7.50	10.00	12.50	15.00	17.50	20.00	25.00	30.00	35.00	40.00	45.00	50.00	55.00	60.00	65.00	70.00	75.00	80.00	85.00	90.00

[UNCERTAINTY]
0	303.26	0.00	0.00	0.00	0.00	0.00	0.00	0.00	0.00	0.00	0.00	0.00	0.00	0.00	0.00	0.00	0.00	0.00	0.00	0.00	0.00	0.00	0.00	0.00	0.00	0.00	0.00	0.00	0.00	0.00	0.00	0.00	0.00	0.00	0.00	0.00	0.00	0.00	0.00	0.00	0.00	0.00	0.00	0.00	0.00	0.00
1	306.57	23.99	23.99	12.16	12.41	8.97	8.31	5.28	6.35	4.54	4.40	5.07	4.38	4.70	4.69	3.56	4.01	3.86	5.30	4.02	3.84	3.84	4.58	0.03	4.29	4.39	4.49	4.42	5.42	4.43	3.37	4.11	4.40	3.90	3.90	4.25	4.39	5.27	5.11	6.79	8.34	9.09	8.03	20.58	20.96	20.96
2	309.88	22.22	22.22	8.09	7.28	7.02	3.37	3.33	3.37	3.99	3.07	2.47	2.04	3.68	4.02	2.97	2.26	3.05	3.19	2.83	2.33	2.81	2.59	0.01	2.57	3.16	3.85	2.10	3.48	3.35	3.36	2.83	2.05	2.24	2.35	3.74	3.30	4.72	4.11	4.28	4.17	6.68	6.79	11.21	19.80	19.80
3	313.20	16.26	16.26	10.60	4.46	3.97	3.78	3.34	3.03	3.35	3.15	2.34	2.81	2.16	2.51	2.80	2.77	2.19	2.69	2.74	2.12	2.27	3.16	0.02	2.43	2.68	2.68	2.59	2.30	2.38	2.50	2.77	2.26	3.45	3.15	2.65	3.17	3.22	3.33	3.09	4.72	5.58	5.00	8.19	24.08	24.08
4	316.51	13.01	13.01	9.27	6.58	2.82	2.97	2.45	3.10	3.25	2.07	1.65	1.87	2.12	2.37	1.79	1.69	1.66	1.93	2.64	1.62	1.72	2.01	0.01	1.40	1.51	1.84	1.83	1.61	1.90	1.33	1.79	2.06	2.19	1.76	1.81	2.17	2.57	2.24	3.01	3.63	3.86	5.90	10.96	11.47	11.47
5	319.82	12.60	12.60	5.79	5.26	3.76	2.79	2.48	2.69	2.86	1.99	2.53	1.70	2.55	1.87	1.72	1.92	1.95	1.84	2.27	1.75	1.68	2.09	0.01	1.80	1.52	1.94	2.02	1.81	1.90	2.07	2.50	1.69	2.17	2.51	2.44	2.23	2.64	2.41	2.81	3.28	3.88	5.11	6.96	9.34	9.34
6	323.14	10.64	10.64	6.44	3.05	2.71	2.99	2.09	2.43	2.43	1.83	1.92	1.56	1.77	2.03	1.57	1.64	1.32	1.60	1.35	1.85	1.53	1.78	0.01	1.38	1.80	1.83	1.74	1.39	1.66	1.55	1.76	1.86	2.47	1.86	1.56	1.86	2.23	2.13	2.81	2.45	2.49	3.29	5.59	8.23	8.23
7	326.45	8.63	8.63	6.74	3.46	2.17	2.67	2.19	1.81	1.47	1.41	1.27	1.38	1.58	1.75	1.34	1.40	1.80	1.35	1.41	1.13	1.41	1.46	0.01	1.34	1.89	1.41	1.37	1.64	1.49	1.40	1.61	1.28	2.35	1.45	1.66	1.39	2.00	1.69	2.49	1.89	2.31	3.12	4.95	11.59	11.59
8	329.77	8.58	8.58	4.13	3.19	2.53	1.72	1.68	2.06	2.01	1.32	1.80	1.52	1.56	1.57	1.53	1.46	1.50	1.60	2.09	1.22	1.52	1.39	0.01	1.61	1.56	1.79	1.77	1.67	1.46	1.37	2.21	1.44	1.87	1.71	1.85	1.76	2.36	1.73	2.09	2.29	2.83	3.07	4.93	9.30	9.30
9	333.09	5.79	5.79	3.07	3.29	2.36	1.70	1.21	1.61	1.59	1.35	1.36	1.30	1.34	1.60	1.05	1.32	1.50	1.25	1.75	1.20	1.37	1.41	0.01	1.21	1.37	1.49	1.44	1.36	1.42	1.50	1.73	1.47	1.72	1.37	1.78	1.28	1.70	1.69	2.65	1.88	2.90	2.75	3.26	8.56	8.56
10	336.40	6.00	6.00	2.18	2.48	1.74	1.92	1.33	1.58	1.88	1.58	1.23	1.20	1.52	1.40	1.26	1.44	1.72	1.15	1.49	1.10	1.28	1.24	0.01	1.12	1.68	1.57	1.62	1.32	1.47	1.47	1.71	1.21	1.80	1.54	1.74	1.67	1.80	1.65	1.80	1.93	1.71	2.37	3.69	7.42	7.42
11	339.72	4.08	4.08	3.17	2.46	1.98	1.30	1.43	1.55	1.50	1.30	1.39	1.51	1.38	1.48	1.27	1.29	1.48	1.40	1.50	1.21	1.37	1.42	0.01	1.40	1.59	1.66	1.60	1.29	1.47	1.55	1.79	1.43	1.64	1.55	1.66	1.54	1.64	1.66	1.75	2.01	2.33	2.02	2.83	4.72	4.72
12	343.04	4.65	4.65	2.49	1.58	1.63	1.34	1.09	1.59	1.31	1.30	1.33	1.06	1.21	1.33	1.27	1.30	1.52	1.16	1.44	0.98	1.31	1.29	0.01	0.99	1.19	1.60	1.32	1.24	1.21	1.34	1.64	1.20	1.65	1.39	1.43	1.33	1.56	1.77	1.69	1.73	2.22	2.36	2.69	7.18	7.18
13	346.36	3.87	3.87	1.54	1.49	1.41	1.17	1.11	1.09	1.08	0.91	1.00	0.96	1.05	0.98	1.18	1.10	1.40	0.99	1.35	0.94	1.12	1.08	0.01	0.98	1.22	1.33	1.26	1.11	1.22	1.25	1.58	0.92	1.60	1.22	1.26	1.34	1.31	1.30	1.37	1.60	1.58	2.16	2.27	5.94	5.94
14	349.68	3.74	3.74	1.90	1.72	1.33	1.24	1.11	1.44	1.35	1.10	1.18	1.11	1.19	1.11	1.10	1.23	1.39	1.18	1.57	1.05	1.19	1.13	0.01	1.11	1.14	1.51	1.36	1.15	1.18	1.23	1.52	1.16	1.45	1.29	1.38	1.30	1.39	1.27	1.76	1.97	1.60	1.97	3.14	4.41	4.41
15	353.00	3.58	3.58	1.88	1.56	1.14	1.09	1.10	1.15	1.25	0.94	1.09	1.01	1.10	1.26	1.08	1.04	1.31	1.19	1.36	0.95	1.19	1.14	0.01	1.03	1.21	1.44	1.36	1.11	1.22	1.13	1.36	1.09	1.57	1.23	1.18	1.19	1.36	1.17	1.25	1.39	2.02	1.63	2.05	4.86	4.86
16	356.33	2.95	2.95	2.24	1.33	1.16	1.06	1.12	1.38	1.09	1.02	1.05	1.00	1.04	1.00	0.96	0.99	1.33	0.96	1.42	0.91	1.08	1.14	0.01	1.01	1.15	1.35	1.28	0.99	1.13	1.18	1.34	1.08	1.47	1.15	1.29	1.17	1.26	1.36	1.25	1.43	1.62	1.61	2.26	4.55	4.55
17	359.65	3.69	3.69	1.96	1.33	1.31	1.14	0.98	1.28	1.12	0.99	1.01	1.05	1.00	1.10	1.12	1.15	1.39	1.02	1.30	0.91	1.18	1.03	0.01	0.96	1.12	1.34	1.22	1.09	1.12	1.11	1.36	1.01	1.47	1.12	1.28	1.21	1.28	1.17	1.24	1.46	1.60	1.82	1.89	3.71	3.71
18	362.97	3.12	3.12	1.96	1.46	1.26	1.09	0.97	1.26	1.14	0.97	1.16	1.10	1.14	1.15	1.02	1.13	1.29	1.10	1.33	0.99	1.19	1.11	0.01	1.10	1.18	1.47	1.27	1.04	1.16	1.14	1.41	1.16	1.60	1.15	1.32	1.13	1.28	1.20	1.40	1.58	1.47	1.58	2.22	3.85	3.85
19	366.30	2.64	2.64	1.50	1.52	1.02	1.05	0.87	1.16	1.07	0.87	1.07	0.94	0.98	1.02	0.94	1.04	1.20	0.99	1.23	0.92	1.19	0.99	0.01	0.96	1.07	1.25	1.15	1.00	1.04	1.11	1.22	0.97	1.53	1.13	1.20	1.10	1.10	1.17	1.19	1.37	1.59	1.53	1.75	4.01	4.01
20	369.62	2.76	2.76	1.97	1.29	1.31	1.10	1.06	1.37	1.10	1.05	1.09	1.04	1.05	1.06	0.99	1.00	1.32	1.08	1.31	0.90	1.11	1.04	0.01	1.05	1.19	1.22	1.19	1.04	1.13	1.05	1.25	1.07	1.42	1.11	1.26	1.22	1.28	1.28	1.23	1.51	1.57	1.66	2.02	3.48	3.48
21	372.95	2.80	2.80	1.54	1.58	1.11	0.93	0.82	1.13	0.99	0.90	0.99	0.97	1.00	1.00	1.04	0.99	1.23	1.06	1.29	0.89	1.10	1.01	0.01	1.01	1.13	1.26	1.12	1.08	1.11	1.02	1.17	1.00	1.47	1.00	1.28	1.03	1.13	1.19	1.31	1.50	1.63	1.71	1.93	3.80	3.80
22	376.27	3.02	3.02	1.58	1.51	1.03	1.06	0.94	1.21	1.01	0.95	1.05	0.99	0.98	1.00	1.01	0.99	1.23	1.03	1.33	0.93	1.08	0.98	0.01	1.03	1.17	1.32	1.09	1.05	1.00	1.02	1.17	1.04	1.51	1.02	1.22	1.16	1.26	1.01	1.24	1.42	1.63	1.57	2.05	4.22	4.22
23	379.60	2.91	2.91	1.53	1.39	1.13	0.90	0.72	1.06	1.05	0.88	0.99	0.88	0.98	0.94	0.88	0.92	1.09	0.98	1.20	0.89	1.08	0.91	0.01	0.97	1.00	1.15	1.08	0.91	0.97	0.97	1.13	0.96	1.48	0.90	1.10	0.97	1.14	0.99	1.06	1.43	1.66	1.42	1.92	3.92	3.92
24	382.93	2.83	2.83	1.77	1.35	1.15	1.05	0.78	1.01	0.93	0.84	1.01	0.84	0.92	0.99	0.93	0.93	1.16	0.95	1.20	0.83	1.08	1.01	0.01	0.97	1.08	1.09	1.09	0.91	1.06	0.98	1.04	0.95	1.44	0.90	1.11	1.07	1.21	1.17	1.06	1.36	1.45	1.51	1.59	3.79	3.79
25	386.26	2.83	2.83	1.53	1.20	1.01	0.98	0.77	1.10	0.97	0.83	1.04	0.96	0.85	0.89	0.97	0.81	1.17	0.96	1.29	0.80	1.12	0.94	0.01	0.94	0.99	1.21	1.03	0.91	0.99	0.92	1.10	0.92	1.35	0.82	1.17	1.06	1.16	1.10	1.16	1.22	1.41	1.86	1.83	3.77	3.77
26	389.58	3.00	3.00	1.31	1.18	0.97	0.85	0.82	1.08	0.86	0.78	0.94	0.90	0.82	0.94	0.87	0.88	1.06	0.92	1.32	0.89	1.04	0.93	0.01	0.91	1.03	1.08	0.99	0.89	0.92	0.93	1.00	0.99	1.35	0.93	1.12	0.99	1.04	1.04	1.09	1.29	1.32	1.27	1.87	4.03	4.03
27	392.91	2.52	2.52	1.22	1.32	0.96	0.90	0.70	1.00	0.86	0.82	1.00	0.92	0.94	0.90	0.87	0.85	1.06	0.93	1.20	0.85	1.07	0.90	0.01	0.94	1.05	1.07	0.98	0.89	0.99	0.95	1.02	0.98	1.27	0.82	1.03	1.00	1.08	1.03	0.94	1.31	1.47	1.44	1.71	3.69	3.69
28	396.24	2.71	2.71	1.59	1.21	0.94	0.81	0.70	1.00	0.81	0.80	0.89	0.82	0.82	0.86	0.86	0.77	1.03	0.80	1.16	0.75	1.03	0.84	0.01	0.93	0.94	1.10	0.92	0.82	0.86	0.92	0.91	0.85	1.21	0.71	1.06	0.96	1.05	0.96	0.88	1.27	1.46	1.37	1.78	3.23	3.23
29	399.57	2.80	2.80	1.45	1.38	0.98	0.81	0.73	1.00	0.90	0.80	1.02	0.86	0.84	0.90	0.88	0.80	1.02	0.90	1.22	0.81	1.01	0.91	0.01	0.93	1.04	1.06	0.93	0.84	0.90	0.94	0.89	0.98	1.35	0.82	1.08	0.99	1.03	1.11	1.06	1.23	1.37	1.49	1.66	3.58	3.58
30	402.90	2.36	2.36	1.14	1.07	0.85	0.74	0.74	1.01	0.83	0.74	0.93	0.91	0.81	0.83	0.87	0.74	0.97	0.86	1.20	0.81	1.00	0.90	0.01	0.97	0.98	1.07	0.88	0.77	0.87	0.92	0.90	0.87	1.26	0.73	1.03	0.90	0.94	0.90	0.95	1.21	1.34	1.25	1.67	3.13	3.13
31	406.24	2.86	2.86	1.20	1.22	0.95	0.75	0.67	0.98	0.86	0.73	0.92	0.87	0.84	0.85	0.85	0.75	0.99	0.86	1.15	0.77	1.02	0.89	0.01	0.95	1.07	1.04	0.93	0.82	0.88	0.92	0.88	0.89	1.28	0.74	1.05	0.97	1.04	0.96	0.97	1.15	1.35	1.33	1.45	3.33	3.33
32	409.57	2.31	2.31	1.10	0.96	0.88	0.80	0.67	0.90	0.82	0.74	0.87	0.81	0.78	0.81	0.77	0.67	0.97	0.83	1.05	0.72	0.96	0.86	0.00	0.91	0.97	1.00	0.84	0.78	0.84	0.88	0.83	0.84	1.22	0.70	1.05	0.87	0.97	0.90	0.82	1.17	1.37	1.23	1.70	3.51	3.51
33	412.90	2.40	2.40	1.40	0.97	0.89	0.73	0.65	0.89	0.80	0.73	0.87	0.79	0.73	0.77	0.75	0.63	0.91	0.73	1.03	0.68	0.95	0.81	0.00	0.88	0.92	0.93	0.78	0.76	0.80	0.86	0.81	0.82	1.12	0.62	0.94	0.83	0.89	0.90	0.84	1.10	1.25	1.25	1.56	3.37	3.37
34	416.23	2.42	2.42	1.28	0.95	0.73	0.66	0.63	0.86	0.86	0.68	0.93	0.77	0.78	0.77	0.74	0.61	0.88	0.75	1.03	0.69	0.92	0.87	0.00	0.88	0.90	0.93	0.82	0.72	0.78	0.82	0.84	0.79	1.14	0.67	0.95	0.80	0.87	0.90	0.89	1.11	1.25	1.23	1.42	3.07	3.07
35	419.57	2.28	2.28	1.17	1.01	0.81	0.70	0.60	0.91	0.83	0.70	0.90	0.79	0.76	0.72	0.72	0.61	0.92	0.75	1.03	0.67	0.97	0.81	0.00	0.88	0.92	0.98	0.80	0.72	0.76	0.81	0.82	0.79	1.10	0.61	0.92	0.80	0.89	0.84	0.83	1.06	1.23	1.28	1.59	3.27	3.27
36	422.90	2.22	2.22	1.18	0.89	0.82	0.69	0.62	0.85	0.78	0.72	0.92	0.80	0.75	0.78	0.71	0.58	0.87	0.72	1.03	0.64	0.96	0.81	0.00	0.88	0.87	0.95	0.79	0.75	0.79	0.83	0.75	0.81	1.10	0.61	0.92	0.77	0.83	0.96	0.75	1.09	1.22	1.37	1.46	2.98	2.98
37	426.23	2.14	2.14	1.27	1.04	0.74	0.71	0.58	0.85	0.82	0.66	0.91	0.72	0.72	0.71	0.66	0.57	0.85	0.69	0.94	0.61	0.94	0.74	0.00	0.88	0.85	0.88	0.71	0.70	0.75	0.82	0.79	0.73	1.04	0.61	0.89	0.80	0.85	0.86	0.77	1.10	1.19	1.19	1.50	3.06	3.06
38	429.57	2.17	2.17	1.13	0.96	0.76	0.64	0.57	0.81	0.81	0.67	0.94	0.72	0.75	0.74	0.64	0.56	0.82	0.71	0.93	0.68	0.92	0.76	0.00	0.89	0.88	0.87	0.72	0.68	0.74	0.80	0.76	0.77	1.05	0.57	0.90	0.79	0.83	0.87	0.78	1.05	1.08	1.27	1.49	2.81	2.81
39	432.90	2.11	2.11	1.12	0.98	0.83	0.70	0.56	0.82	0.83	0.68	0.93	0.74	0.68	0.68	0.62	0.57	0.83	0.67	0.94	0.64	0.90	0.79	0.00	0.87	0.85	0.90	0.75	0.69	0.74	0.79	0.75	0.74	1.05	0.57	0.86	0.77	0.82	0.84	0.75	1.07	1.18	1.24	1.46	2.93	2.93
40	436.24	2.07	2.07	1.14	0.95	0.71	0.63	0.55	0.77	0.81	0.68	0.90	0.71	0.68	0.68	0.62	0.52	0.78	0.69	0.90	0.61	0.89	0.73	0.00	0.86	0.83	0.86	0.71	0.67	0.70	0.76	0.73	0.70	0.99	0.56	0.83	0.76	0.75	0.77	0.74	1.08	1.17	1.11	1.56	2.86	2.86
41	439.58	2.13	2.13	1.05	0.87	0.74	0.62	0.55	0.74	0.75	0.64	0.89	0.68	0.67	0.66	0.57	0.48	0.79	0.64	0.86	0.54	0.90	0.73	0.00	0.83	0.82	0.83	0.69	0.63	0.68	0.75	0.70	0.65	0.99	0.54	0.79	0.74	0.73	0.81	0.73	0.98	1.17	1.18	1.38	3.08	3.08
42	442.91	1.91	1.91	1.04	0.92	0.67	0.62	0.53	0.75	0.80	0.67	0.89	0.70	0.70	0.65	0.58	0.53	0.76	0.64	0.83	0.57	0.87	0.71	0.00	0.84	0.81	0.81	0.67	0.65	0.66	0.76	0.72	0.68	0.95	0.54	0.83	0.76	0.70	0.79	0.70	0.98	1.13	1.07	1.48	2.86	2.86
43	446.25	1.93	1.93	0.95	0.78	0.72	0.65	0.56	0.78	0.79	0.68	0.90	0.70	0.66	0.65	0.58	0.52	0.76	0.63	0.83	0.56	0.87	0.70	0.00	0.80	0.83	0.81	0.67	0.59	0.66	0.77	0.70	0.66	0.94	0.52	0.80	0.71	0.72	0.80	0.75	0.95	1.09	1.08	1.44	2.73	2.73
44	449.59	1.90	1.90	1.01	0.92	0.73	0.58	0.55	0.72	0.78	0.69	0.90	0.66	0.62	0.65	0.57	0.52	0.75	0.61	0.79	0.57	0.84	0.73	0.00	0.81	0.78	0.81	0.66	0.58	0.67	0.71	0.69	0.62	0.94	0.51	0.77	0.66	0.65	0.73	0.68	0.94	1.12	1.04	1.43	2.72	2.72
45	452.92	1.95	1.95	1.12	0.77	0.69	0.59	0.54	0.79	0.81	0.71	0.90	0.67	0.65	0.64	0.56	0.47	0.74	0.61	0.78	0.54	0.84	0.68	0.00	0.78	0.76	0.79	0.62	0.58	0.63	0.72	0.70	0.65	0.91	0.50	0.76	0.70	0.68	0.77	0.65	0.91	1.03	1.05	1.39	2.78	2.78
46	456.26	1.75	1.75	0.99	0.76	0.65	0.58	0.54	0.73	0.76	0.68	0.89	0.65	0.66	0.64	0.54	0.47	0.75	0.58	0.76	0.54	0.77	0.70	0.00	0.80	0.74	0.77	0.64	0.58	0.65	0.72	0.67	0.62	0.89	0.49	0.75	0.69	0.61	0.73	0.63	0.94	1.01	0.98	1.34	2.78	2.78
47	459.60	1.93	1.93	1.04	0.79	0.66	0.60	0.52	0.74	0.78	0.70	0.89	0.62	0.64	0.63	0.52	0.47	0.72	0.56	0.72	0.53	0.79	0.67	0.00	0.77	0.74	0.74	0.61	0.56	0.65	0.70	0.65	0.58	0.89	0.52	0.71	0.70	0.60	0.69	0.66	0.87	1.01	1.02	1.36	2.73	2.73
48	462.94	1.83	1.83	1.02	0.78	0.63	0.59	0.49	0.69	0.75	0.65	0.87	0.60	0.60	0.58	0.48	0.46	0.72	0.51	0.68	0.50	0.77	0.63	0.00	0.73	0.69	0.72	0.58	0.54	0.63	0.66	0.67	0.54	0.88	0.50	0.66	0.63	0.59	0.67	0.59	0.82	0.97	0.97	1.39	2.59	2.59
49	466.28	1.69	1.69	0.96	0.78	0.64	0.55	0.48	0.66	0.73	0.64	0.86	0.61	0.60	0.60	0.45	0.42	0.66	0.52	0.67	0.50	0.73	0.60	0.00	0.68	0.62	0.73	0.52	0.50	0.57	0.62	0.66	0.53	0.85	0.46	0.62	0.64	0.55	0.62	0.58	0.86	0.93	0.92	1.37	2.56	2.56
50	469.62	1.82	1.82	0.94	0.75	0.68	0.57	0.48	0.69	0.78	0.70	0.86	0.59	0.61	0.61	0.47	0.43	0.67	0.52	0.67	0.52	0.74	0.63	0.00	0.69	0.66	0.71	0.57	0.53	0.59	0.66	0.64	0.51	0.81	0.47	0.61	0.65	0.60	0.67	0.59	0.91	0.91	0.91	1.45	2.68	2.68
51	472.96	1.78	1.78	1.01	0.72	0.63	0.53	0.50	0.72	0.78	0.66	0.89	0.60	0.58	0.57	0.46	0.43	0.65	0.50	0.66	0.50	0.72	0.65	0.00	0.72	0.69	0.71	0.54	0.50	0.62	0.65	0.63	0.53	0.87	0.47	0.65	0.65	0.51	0.64	0.58	0.86	0.93	0.98	1.46	2.66	2.66
52	476.29	1.75	1.75	1.02	0.68	0.75	0.58	0.57	0.66	0.80	0.72	0.88	0.65	0.66	0.63	0.52	0.46	0.73	0.53	0.68	0.55	0.74	0.68	0.00	0.74	0.72	0.73	0.62	0.54	0.63	0.63	0.66	0.52	0.85	0.50	0.70	0.67	0.57	0.66	0.57	0.91	0.92	0.89	1.46	2.66	2.66
53	479.63	1.70	1.70	0.94	0.70	0.64	0.58	0.50	0.67	0.75	0.72	0.87	0.62	0.61	0.62	0.46	0.44	0.71	0.54	0.65	0.49	0.71	0.67	0.00	0.69	0.69	0.70	0.56	0.53	0.60	0.67	0.64	0.54	0.85	0.48	0.64	0.65	0.51	0.61	0.55	0.86	0.90	0.84	1.50	2.51	2.51
54	482.98	1.74	1.74	1.02	0.70	0.66	0.61	0.52	0.71	0.80	0.71	0.90	0.57	0.61	0.63	0.49	0.46	0.68	0.53	0.65	0.51	0.72	0.66	0.00	0.68	0.69	0.69	0.55	0.56	0.60	0.63	0.65	0.50	0.84	0.49	0.64	0.63	0.50	0.64	0.57	0.85	0.91	0.99	1.53	2.67	2.67
55	486.32	1.80	1.80	0.96	0.63	0.63	0.63	0.52	0.69	0.77	0.73	0.88	0.60	0.60	0.62	0.48	0.43	0.67	0.48	0.65	0.50	0.70	0.66	0.00	0.68	0.68	0.71	0.54	0.50	0.61	0.65	0.65	0.49	0.84	0.44	0.65	0.62	0.47	0.63	0.60	0.85	0.90	0.91	1.42	2.64	2.64
56	489.66	1.78	1.78	0.99	0.60	0.62	0.61	0.53	0.69	0.77	0.74	0.90	0.58	0.59	0.61	0.48	0.43	0.68	0.51	0.62	0.54	0.70	0.63	0.00	0.66	0.69	0.70	0.55	0.52	0.60	0.62	0.64	0.51	0.84	0.46	0.68	0.64	0.47	0.62	0.56	0.78	0.90	0.87	1.45	2.61	2.61
57	493.00	1.57	1.57	0.93	0.71	0.67	0.58	0.49	0.68	0.79	0.75	0.88	0.62	0.62	0.61	0.48	0.45	0.66	0.51	0.60	0.49	0.69	0.63	0.00	0.68	0.67	0.69	0.53	0.47	0.57	0.60	0.62	0.47	0.83	0.45	0.61	0.62	0.48	0.55	0.59	0.80	0.82	0.80	1.45	2.37	2.37
58	496.34	1.66	1.66	0.98	0.62	0.57	0.57	0.52	0.67	0.81	0.77	0.93	0.59	0.61	0.63	0.48	0.45	0.67	0.51	0.59	0.52	0.68	0.63	0.00	0.69	0.66	0.67	0.55	0.50	0.58	0.61	0.65	0.49	0.85	0.45	0.64	0.65	0.46	0.61	0.53	0.80	0.99	0.92	1.49	2.59	2.59
59	499.68	1.70	1.70	0.97	0.66	0.60	0.59	0.52	0.65	0.81	0.76	0.93	0.56	0.61	0.63	0.46	0.45	0.65	0.49	0.61	0.48	0.67	0.61	0.00	0.69	0.64	0.67	0.53	0.50	0.59	0.61	0.63	0.46	0.84	0.44	0.61	0.60	0.46	0.61	0.50	0.82	0.89	0.77	1.41	2.54	2.54
60	503.02	1.71	1.71	0.89	0.58	0.60	0.63	0.56	0.68	0.77	0.75	0.93	0.61	0.61	0.65	0.50	0.44	0.68	0.52	0.62	0.57	0.68	0.61	0.00	0.68	0.65	0.65	0.57	0.50	0.60	0.64	0.66	0.49	0.84	0.43	0.65	0.64	0.44	0.59	0.52	0.83	0.86	0.84	1.44	2.46	2.46
61	506.36	1.48	1.48	0.90	0.54	0.65	0.58	0.54	0.68	0.78	0.77	0.95	0.60	0.61	0.62	0.48	0.44	0.67	0.53	0.59	0.54	0.61	0.62	0.00	0.65	0.65	0.67	0.55	0.51	0.59	0.62	0.63	0.47	0.82	0.49	0.61	0.62	0.44	0.57	0.57	0.78	0.89	0.87	1.47	2.51	2.51
62	509.70	1.59	1.59	0.86	0.59	0.63	0.65	0.59	0.70	0.82	0.78	0.95	0.59	0.62	0.66	0.51	0.43	0.70	0.51	0.58	0.53	0.68	0.59	0.00	0.67	0.68	0.66	0.52	0.53	0.59	0.59	0.63	0.49	0.82	0.43	0.63	0.63	0.46	0.59	0.51	0.83	0.93	0.83	1.43	2.71	2.71
63	513.05	1.62	1.62	0.86	0.60	0.61	0.65	0.55	0.66	0.80	0.75	0.95	0.55	0.62	0.65	0.51	0.45	0.68	0.49	0.59	0.55	0.66	0.61	0.00	0.64	0.63	0.66	0.53	0.50	0.56	0.61	0.60	0.42	0.79	0.42	0.59	0.61	0.41	0.57	0.50	0.77	0.81	0.84	1.43	2.45	2.45
64	516.39	1.63	1.63	0.94	0.61	0.64	0.67	0.60	0.73	0.84	0.79	0.93	0.60	0.61	0.64	0.49	0.44	0.67	0.47	0.59	0.54	0.63	0.60	0.00	0.63	0.64	0.65	0.49	0.51	0.58	0.61	0.58	0.44	0.82	0.42	0.58	0.59	0.40	0.59	0.55	0.76	0.80	0.83	1.31	2.39	2.39
65	519.73	1.49	1.49	0.75	0.58	0.59	0.62	0.55	0.68	0.79	0.78	0.93	0.64	0.61	0.65	0.49	0.46	0.67	0.49	0.54	0.57	0.61	0.60	0.00	0.63	0.65	0.64	0.52	0.48	0.58	0.61	0.61	0.47	0.80	0.42	0.64	0.61	0.41	0.56	0.50	0.79	0.82	0.81	1.28	2.52	2.52
66	523.07	1.50	1.50	0.69	0.60	0.65	0.65	0.60	0.69	0.82	0.82	0.97	0.61	0.63	0.64	0.53	0.46	0.64	0.47	0.57	0.56	0.64	0.60	0.00	0.64	0.63	0.65	0.51	0.52	0.59	0.63	0.62	0.46	0.83	0.44	0.62	0.61	0.41	0.57	0.52	0.78	0.77	0.83	1.31	2.48	2.48
67	526.42	1.53	1.53	0.72	0.58	0.66	0.68	0.63	0.70	0.79	0.80	0.93	0.61	0.64	0.65	0.52	0.46	0.67	0.50	0.57	0.57	0.63	0.63	0.00	0.61	0.64	0.66	0.51	0.49	0.60	0.60	0.57	0.45	0.79	0.42	0.62	0.61	0.42	0.56	0.50	0.84	0.74	0.85	1.31	2.59	2.59
68	529.76	1.47	1.47	0.78	0.58	0.62	0.66	0.60	0.63	0.79	0.82	0.94	0.59	0.62	0.65	0.51	0.46	0.67	0.48	0.56	0.56	0.62	0.61	0.00	0.59	0.64	0.63	0.50	0.48	0.58	0.58	0.57	0.43	0.83	0.40	0.58	0.61	0.37	0.55	0.49	0.73	0.78	0.76	1.27	2.50	2.50
69	533.10	1.39	1.39	0.62	0.59	0.54	0.69	0.64	0.68	0.81	0.78	0.95	0.61	0.66	0.65	0.50	0.44	0.67	0.49	0.57	0.57	0.62	0.58	0.00	0.61	0.62	0.64	0.52	0.49	0.60	0.59	0.58	0.42	0.82	0.41	0.60	0.62	0.42	0.59	0.53	0.75	0.73	0.81	1.29	2.51	2.51
70	536.44	1.47	1.47	0.65	0.58	0.62	0.66	0.57	0.68	0.78	0.80	0.93	0.60	0.63	0.65	0.49	0.46	0.68	0.49	0.55	0.57	0.58	0.59	0.00	0.58	0.61	0.62	0.48	0.49	0.54	0.57	0.57	0.43	0.78	0.42	0.61	0.59	0.36	0.54	0.47	0.77	0.74	0.77	1.18	2.39	2.39
71	539.79	1.46	1.46	0.64	0.62	0.58	0.68	0.57	0.72	0.81	0.81	0.93	0.63	0.61	0.64	0.49	0.44	0.64	0.45	0.53	0.54	0.58	0.57	0.00	0.58	0.59	0.59	0.49	0.47	0.58	0.55	0.56	0.42	0.79	0.37	0.58	0.61	0.36	0.55	0.44	0.76	0.75	0.81	1.18	2.44	2.44
72	543.13	1.55	1.55	0.59	0.60	0.59	0.68	0.61	0.65	0.81	0.79	0.96	0.61	0.61	0.66	0.48	0.44	0.65	0.44	0.53	0.59	0.58	0.57	0.00	0.57	0.61	0.61	0.47	0.48	0.55	0.57	0.58	0.45	0.78	0.37	0.62	0.61	0.41	0.54	0.48	0.70	0.75	0.80	1.11	2.21	2.21
73	546.47	1.42	1.42	0.69	0.52	0.61	0.65	0.63	0.67	0.79	0.82	0.94	0.62	0.61	0.65	0.51	0.46	0.67	0.49	0.55	0.56	0.61	0.59	0.00	0.59	0.62	0.59	0.50	0.46	0.58	0.57	0.56	0.45	0.80	0.40	0.64	0.60	0.38	0.58	0.48	0.73	0.77	0.83	1.08	2.37	2.37
74	549.82	1.43	1.43	0.61	0.58	0.59	0.66	0.62	0.66	0.79	0.81	0.97	0.63	0.62	0.65	0.52	0.47	0.66	0.48	0.54	0.57	0.59	0.58	0.00	0.59	0.60	0.59	0.50	0.46	0.57	0.58	0.59	0.45	0.78	0.40	0.61	0.60	0.37	0.55	0.48	0.69	0.76	0.84	1.17	2.46	2.46
75	553.16	1.49	1.49	0.58	0.61	0.63	0.68	0.63	0.69	0.83	0.82	0.96	0.65	0.62	0.66	0.53	0.48	0.66	0.49	0.55	0.60	0.60	0.58	0.00	0.58	0.61	0.57	0.49	0.48	0.57	0.55	0.57	0.44	0.79	0.42	0.62	0.57	0.36	0.52	0.44	0.72	0.69	0.85	1.12	2.51	2.51
76	556.50	1.50	1.50	0.60	0.56	0.57	0.67	0.63	0.65	0.79	0.78	0.95	0.63	0.62	0.65	0.52	0.47	0.68	0.49	0.52	0.58	0.59	0.57	0.00	0.56	0.61	0.59	0.48	0.47	0.57	0.54	0.57	0.43	0.77	0.38	0.59	0.62	0.37	0.57	0.45	0.71	0.72	0.84	1.06	2.29	2.29
77	559.84	1.43	1.43	0.63	0.58	0.59	0.66	0.63	0.65	0.83	0.82	0.97	0.62	0.62	0.65	0.53	0.48	0.66	0.47	0.53	0.59	0.59	0.60	0.00	0.55	0.58	0.60	0.50	0.46	0.58	0.52	0.53	0.39	0.76	0.40	0.61	0.59	0.34	0.53	0.46	0.64	0.71	0.85	1.06	2.41	2.41
78	563.19	1.50	1.50	0.54	0.56	0.64	0.70	0.63	0.68	0.80	0.83	0.98	0.65	0.63	0.66	0.54	0.49	0.64	0.50	0.54	0.59	0.56	0.57	0.00	0.57	0.60	0.56	0.49	0.49	0.59	0.54	0.54	0.44	0.77	0.41	0.62	0.57	0.38	0.57	0.45	0.72	0.67	0.80	1.07	2.41	2.41
79	566.53	1.43	1.43	0.54	0.51	0.59	0.69	0.64	0.68	0.81	0.83	0.95	0.64	0.64	0.67	0.53	0.49	0.64	0.49	0.55	0.59	0.59	0.59	0.00	0.57	0.58	0.59	0.52	0.47	0.58	0.55	0.54	0.44	0.75	0.42	0.63	0.59	0.40	0.58	0.46	0.69	0.68	0.77	1.07	2.36	2.36
80	569.87	1.30	1.30	0.65	0.54	0.57	0.71	0.66	0.69	0.80	0.83	0.97	0.66	0.62	0.66	0.55	0.49	0.67	0.49	0.55	0.61	0.59	0.57	0.00	0.55	0.61	0.58	0.52	0.48	0.61	0.57	0.54	0.44	0.76	0.41	0.62	0.62	0.41	0.55	0.46	0.65	0.72	0.79	1.02	2.28	2.28
81	573.22	1.43	1.43	0.56	0.51	0.55	0.69	0.63	0.65	0.80	0.82	0.94	0.64	0.61	0.64	0.54	0.46	0.66	0.48	0.50	0.59	0.59	0.56	0.00	0.55	0.58	0.56	0.49	0.48	0.56	0.55	0.53	0.43	0.74	0.40	0.61	0.58	0.36	0.54	0.45	0.66	0.66	0.76	0.91	2.20	2.20
82	576.56	1.41	1.41	0.48	0.50	0.55	0.66	0.66	0.69	0.80	0.82	0.91	0.63	0.62	0.67	0.53	0.48	0.62	0.48	0.52	0.57	0.58	0.52	0.00	0.52	0.58	0.56	0.46	0.47	0.58	0.53	0.48	0.45	0.73	0.41	0.62	0.58	0.37	0.53	0.45	0.66	0.66	0.73	0.98	2.36	2.36
83	579.90	1.34	1.34	0.53	0.51	0.54	0.74	0.70	0.72	0.84	0.82	0.96	0.69	0.62	0.68	0.58	0.51	0.67	0.51	0.54	0.62	0.59	0.54	0.00	0.55	0.58	0.57	0.50	0.51	0.58	0.55	0.57	0.44	0.74	0.40	0.63	0.57	0.40	0.56	0.44	0.65	0.69	0.71	1.05	2.38	2.38
84	583.24	1.38	1.38	0.51	0.46	0.63	0.68	0.62	0.62	0.79	0.77	0.95	0.63	0.59	0.61	0.50	0.45	0.62	0.47	0.52	0.60	0.53	0.52	0.00	0.52	0.53	0.53	0.47	0.45	0.56	0.53	0.48	0.41	0.73	0.36	0.59	0.56	0.37	0.49	0.42	0.63	0.63	0.74	0.99	2.32	2.32
85	586.58	1.32	1.32	0.55	0.54	0.61	0.73	0.65	0.67	0.79	0.79	0.95	0.65	0.62	0.66	0.56	0.48	0.64	0.48	0.52	0.60	0.56	0.56	0.00	0.52	0.60	0.53	0.48	0.51	0.60	0.54	0.50	0.43	0.72	0.40	0.64	0.59	0.40	0.55	0.44	0.66	0.66	0.70	0.91	2.28	2.28
86	589.93	1.19	1.19	0.50	0.48	0.59	0.73	0.69	0.62	0.82	0.79	0.96	0.62	0.58	0.64	0.56	0.49	0.62	0.46	0.52	0.58	0.55	0.54	0.00	0.53	0.55	0.53	0.43	0.46	0.55	0.51	0.46	0.44	0.71	0.38	0.63	0.56	0.37	0.47	0.43	0.68	0.65	0.63	1.03	2.30	2.30
87	593.27	1.24	1.24	0.54	0.55	0.56	0.74	0.70	0.67	0.83	0.83	0.95	0.67	0.62	0.67	0.59	0.50	0.65	0.50	0.51	0.59	0.55	0.56	0.00	0.52	0.59	0.54	0.48	0.45	0.58	0.53	0.52	0.45	0.73	0.40	0.62	0.58	0.37	0.54	0.43	0.64	0.66	0.68	0.93	2.33	2.33
88	596.61	1.45	1.45	0.57	0.54	0.53	0.71	0.65	0.68	0.80	0.83	0.95	0.64	0.62	0.63	0.56	0.48	0.61	0.50	0.54	0.61	0.57	0.52	0.00	0.52	0.59	0.51	0.48	0.46	0.57	0.52	0.49	0.41	0.69	0.40	0.60	0.53	0.37	0.54	0.44	0.66	0.66	0.65	0.96	2.20	2.20
89	599.95	1.41	1.41	0.58	0.57	0.62	0.71	0.68	0.70	0.80	0.84	0.98	0.65	0.61	0.66	0.53	0.45	0.61	0.47	0.52	0.58	0.56	0.54	0.00	0.52	0.53	0.50	0.46	0.45	0.58	0.50	0.47	0.42	0.71	0.37	0.62	0.54	0.37	0.50	0.40	0.64	0.64	0.58	0.94	2.09	2.09
90	603.29	1.41	1.41	0.53	0.53	0.57	0.73	0.69	0.66	0.82	0.83	0.96	0.63	0.65	0.65	0.59	0.49	0.64	0.48	0.51	0.59	0.54	0.55	0.00	0.52	0.59	0.52	0.49	0.47	0.56	0.55	0.48	0.42	0.70	0.41	0.65	0.58	0.38	0.51	0.39	0.65	0.66	0.58	0.88	2.41	2.41
91	606.64	1.33	1.33	0.48	0.52	0.55	0.72	0.67	0.69	0.78	0.84	0.94	0.68	0.63	0.67	0.54	0.48	0.65	0.49	0.52	0.58	0.54	0.53	0.00	0.49	0.54	0.51	0.47	0.46	0.57	0.52	0.46	0.44	0.73	0.40	0.65	0.56	0.37	0.52	0.40	0.60	0.59	0.58	0.91	2.25	2.25
92	609.98	1.26	1.26	0.50	0.61	0.57	0.70	0.66	0.69	0.81	0.80	0.96	0.65	0.64	0.65	0.54	0.50	0.61	0.47	0.53	0.60	0.58	0.55	0.00	0.55	0.56	0.51	0.49	0.49	0.56	0.51	0.50	0.44	0.72	0.40	0.64	0.58	0.41	0.50	0.43	0.63	0.65	0.62	0.93	2.32	2.32
93	613.32	1.17	1.17	0.51	0.55	0.62	0.66	0.68	0.65	0.81	0.88	0.94	0.66	0.64	0.66	0.55	0.48	0.60	0.50	0.50	0.60	0.52	0.53	0.00	0.49	0.55	0.52	0.49	0.48	0.58	0.52	0.44	0.43	0.71	0.42	0.63	0.55	0.39	0.51	0.42	0.62	0.61	0.58	0.91	2.25	2.25
94	616.66	1.20	1.20	0.51	0.49	0.53	0.66	0.69	0.67	0.77	0.82	0.92	0.64	0.62	0.63	0.51	0.47	0.59	0.47	0.49	0.57	0.53	0.49	0.00	0.49	0.53	0.50	0.45	0.48	0.57	0.49	0.44	0.41	0.65	0.39	0.61	0.54	0.37	0.45	0.43	0.62	0.59	0.59	0.87	2.21	2.21
95	620.00	1.33	1.33	0.49	0.54	0.56	0.67	0.66	0.67	0.79	0.78	0.91	0.65	0.62	0.63	0.53	0.49	0.59	0.48	0.49	0.57	0.50	0.53	0.00	0.47	0.53	0.50	0.46	0.46	0.59	0.50	0.46	0.42	0.66	0.39	0.62	0.56	0.40	0.52	0.42	0.61	0.62	0.63	0.98	2.28	2.28
96	623.34	1.35	1.35	0.48	0.55	0.52	0.63	0.61	0.61	0.73	0.76	0.92	0.63	0.58	0.62	0.51	0.44	0.62	0.45	0.48	0.56	0.51	0.49	0.00	0.47	0.55	0.45	0.46	0.44	0.55	0.51	0.43	0.40	0.65	0.36	0.64	0.51	0.34	0.47	0.36	0.53	0.57	0.57	0.93	2.25	2.25
97	626.68	1.28	1.28	0.46	0.53	0.59	0.65	0.66	0.66	0.80	0.82	0.90	0.67	0.60	0.64	0.52	0.46	0.60	0.48	0.51	0.58	0.55	0.55	0.00	0.46	0.54	0.48	0.46	0.46	0.57	0.50	0.46	0.43	0.71	0.39	0.61	0.56	0.40	0.51	0.47	0.59	0.62	0.58	0.91	2.21	2.21
98	630.02	1.36	1.36	0.52	0.51	0.58	0.70	0.71	0.66	0.74	0.81	0.90	0.65	0.60	0.63	0.56	0.48	0.63	0.48	0.50	0.61	0.55	0.49	0.00	0.47	0.58	0.49	0.48	0.45	0.57	0.49	0.42	0.40	0.65	0.40	0.69	0.54	0.41	0.46	0.38	0.58	0.63	0.61	0.88	2.17	2.17
99	633.36	1.28	1.28	0.40	0.54	0.62	0.73	0.68	0.66	0.76	0.81	0.92	0.66	0.62	0.66	0.56	0.48	0.61	0.46	0.51	0.60	0.54	0.51	0.00	0.47	0.54	0.48	0.47	0.45	0.55	0.49	0.43	0.42	0.65	0.40	0.64	0.58	0.38	0.47	0.39	0.58	0.61	0.57	0.86	2.23	2.23
100	636.70	1.45	1.45	0.42	0.47	0.54	0.65	0.67	0.66	0.75	0.81	0.91	0.65	0.61	0.65	0.57	0.47	0.60	0.49	0.51	0.59	0.55	0.48	0.00	0.50	0.56	0.45	0.47	0.44	0.55	0.50	0.42	0.42	0.67	0.41	0.66	0.53	0.39	0.52	0.39	0.56	0.53	0.63	0.90	2.39	2.39
101	640.04	1.29	1.29	0.50	0.57	0.56	0.69	0.72	0.71	0.81	0.82	0.97	0.68	0.63	0.66	0.55	0.50	0.63	0.51	0.53	0.58	0.57	0.52	0.00	0.52	0.55	0.49	0.50	0.50	0.60	0.51	0.44	0.43	0.69	0.43	0.66	0.53	0.40	0.51	0.43	0.59	0.63	0.68	0.91	2.13	2.13
102	643.37	1.28	1.28	0.48	0.56	0.55	0.71	0.68	0.66	0.78	0.84	0.93	0.66	0.61	0.64	0.58	0.51	0.61	0.48	0.50	0.59	0.53	0.52	0.00	0.48	0.55	0.49	0.48	0.49	0.53	0.49	0.44	0.42	0.68	0.37	0.67	0.59	0.41	0.47	0.41	0.56	0.62	0.58	0.88	2.17	2.17
103	646.71	1.09	1.09	0.53	0.52	0.63	0.76	0.74	0.67	0.82	0.81	0.92	0.68	0.65	0.65	0.55	0.49	0.60	0.48	0.50	0.60	0.51	0.52	0.00	0.46	0.54	0.47	0.50	0.46	0.56	0.49	0.42	0.42	0.66	0.41	0.66	0.56	0.39	0.52	0.39	0.59	0.59	0.68	0.81	2.08	2.08
104	650.05	1.14	1.14	0.57	0.48	0.59	0.75	0.75	0.69	0.80	0.83	0.93	0.72	0.62	0.65	0.59	0.51	0.62	0.54	0.54	0.59	0.55	0.53	0.00	0.52	0.57	0.48	0.49	0.49	0.58	0.51	0.42	0.45	0.67	0.46	0.66	0.57	0.41	0.53	0.44	0.63	0.60	0.70	0.84	2.24	2.24
105	653.39	1.26	1.26	0.41	0.56	0.56	0.73	0.72	0.65	0.80	0.80	0.91	0.68	0.62	0.68	0.59	0.46	0.59	0.51	0.48	0.58	0.55	0.50	0.00	0.52	0.54	0.48	0.50	0.47	0.58	0.49	0.44	0.43	0.65	0.40	0.65	0.55	0.43	0.49	0.41	0.57	0.63	0.69	0.88	2.28	2.28
106	656.73	1.38	1.38	0.57	0.51	0.58	0.74	0.72	0.70	0.81	0.86	0.99	0.67	0.62	0.68	0.57	0.46	0.58	0.47	0.52	0.62	0.52	0.49	0.00	0.49	0.53	0.46	0.47	0.44	0.56	0.48	0.43	0.42	0.68	0.41	0.63	0.56	0.42	0.42	0.41	0.60	0.69	0.71	0.91	2.28	2.28
107	660.06	1.14	1.14	0.46	0.46	0.54	0.78	0.74	0.70	0.80	0.82	0.97	0.66	0.63	0.67	0.58	0.48	0.59	0.49	0.46	0.58	0.55	0.46	0.00	0.51	0.53	0.46	0.47	0.46	0.54	0.49	0.41	0.40	0.64	0.38	0.68	0.59	0.42	0.47	0.38	0.55	0.63	0.72	0.92	2.19	2.19
108	663.40	1.17	1.17	0.56	0.49	0.49	0.74	0.71	0.70	0.81	0.84	0.94	0.67	0.62	0.65	0.55	0.49	0.58	0.49	0.49	0.59	0.56	0.51	0.00	0.47	0.56	0.44	0.48	0.47	0.58	0.51	0.42	0.46	0.64	0.44	0.66	0.59	0.42	0.54	0.43	0.56	0.65	0.73	0.94	2.01	2.01
109	666.73	1.20	1.20	0.51	0.44	0.52	0.68	0.72	0.69	0.77	0.81	0.93	0.69	0.63	0.66	0.62	0.49	0.62	0.52	0.49	0.60	0.58	0.51	0.00	0.48	0.58	0.48	0.49	0.45	0.60	0.49	0.43	0.45	0.65	0.49	0.68	0.58	0.43	0.52	0.43	0.59	0.69	0.80	0.88	2.26	2.26
110	670.07	1.35	1.35	0.49	0.49	0.53	0.67	0.70	0.65	0.72	0.80	0.89	0.64	0.62	0.63	0.57	0.47	0.54	0.47	0.50	0.60	0.51	0.48	0.00	0.44	0.54	0.40	0.44	0.45	0.52	0.46	0.40	0.40	0.65	0.39	0.67	0.52	0.39	0.44	0.40	0.58	0.59	0.72	0.78	1.99	1.99
111	673.41	1.33	1.33	0.58	0.56	0.58	0.70	0.75	0.66	0.80	0.84	0.95	0.69	0.62	0.67	0.56	0.52	0.58	0.50	0.49	0.60	0.52	0.50	0.00	0.47	0.55	0.48	0.50	0.47	0.59	0.50	0.43	0.43	0.66	0.44	0.67	0.58	0.43	0.51	0.41	0.60	0.69	0.68	0.90	2.32	2.32
112	676.74	1.27	1.27	0.51	0.49	0.55	0.66	0.72	0.72	0.77	0.81	0.91	0.69	0.62	0.61	0.57	0.48	0.56	0.46	0.47	0.58	0.51	0.47	0.00	0.49	0.53	0.44	0.46	0.47	0.55	0.48	0.39	0.41	0.66	0.44	0.69	0.57	0.41	0.50	0.41	0.53	0.62	0.70	0.85	2.19	2.19
113	680.07	1.18	1.18	0.46	0.38	0.46	0.68	0.70	0.72	0.76	0.76	0.86	0.66	0.57	0.63	0.56	0.49	0.60	0.51	0.49	0.60	0.53	0.48	0.00	0.48	0.54	0.42	0.47	0.46	0.55	0.49	0.43	0.44	0.63	0.46	0.66	0.54	0.42	0.50	0.38	0.59	0.66	0.67	0.80	2.15	2.15
114	683.41	1.25	1.25	0.49	0.48	0.48	0.68	0.66	0.63	0.69	0.74	0.87	0.62	0.58	0.61	0.50	0.44	0.56	0.47	0.45	0.55	0.49	0.43	0.00	0.42	0.50	0.38	0.40	0.39	0.50	0.44	0.34	0.38	0.59	0.38	0.56	0.53	0.35	0.45	0.41	0.58	0.66	0.74	0.93	2.17	2.17
115	686.74	1.13	1.13	0.47	0.45	0.54	0.60	0.63	0.65	0.70	0.74	0.83	0.62	0.56	0.58	0.50	0.48	0.55	0.48	0.44	0.54	0.52	0.45	0.00	0.43	0.52	0.38	0.47	0.43	0.52	0.45	0.37	0.36	0.58	0.42	0.60	0.50	0.43	0.43	0.39	0.51	0.59	0.75	1.00	2.27	2.27
116	690.07	1.24	1.24	0.55	0.54	0.51	0.66	0.68	0.64	0.73	0.76	0.84	0.63	0.55	0.60	0.52	0.43	0.55	0.42	0.45	0.53	0.48	0.44	0.00	0.43	0.49	0.39	0.43	0.41	0.53	0.44	0.35	0.40	0.57	0.40	0.62	0.53	0.41	0.47	0.41	0.51	0.57	0.83	0.79	2.28	2.28
117	693.41	1.33	1.33	0.58	0.51	0.56	0.70	0.67	0.67	0.72	0.75	0.89	0.64	0.57	0.65	0.52	0.45	0.55	0.45	0.50	0.57	0.52	0.42	0.00	0.44	0.52	0.38	0.43	0.42	0.54	0.46	0.37	0.42	0.64	0.40	0.62	0.53	0.39	0.50	0.40	0.50	0.53	0.78	0.95	2.18	2.18
118	696.74	1.29	1.29	0.49	0.50	0.58	0.69	0.74	0.68	0.77	0.82	0.92	0.69	0.62	0.70	0.57	0.47	0.58	0.49	0.50	0.58	0.50	0.52	0.00	0.45	0.55	0.43	0.48	0.49	0.58	0.49	0.44	0.42	0.67	0.44	0.65	0.57	0.43	0.46	0.45	0.56	0.60	0.72	0.92	2.18	2.18
119	700.07	1.08	1.08	0.50	0.55	0.58	0.73	0.73	0.70	0.77	0.85	0.97	0.71	0.63	0.69	0.59	0.48	0.56	0.49	0.51	0.62	0.53	0.51	0.00	0.49	0.54	0.43	0.50	0.47	0.60	0.51	0.42	0.47	0.68	0.45	0.74	0.56	0.47	0.52	0.46	0.62	0.67	0.74	1.07	2.20	2.20
120	703.40	1.18	1.18	0.68	0.48	0.64	0.70	0.75	0.71	0.73	0.81	0.90	0.71	0.60	0.67	0.55	0.46	0.58	0.49	0.49	0.61	0.55	0.46	0.00	0.42	0.51	0.39	0.50	0.45	0.54	0.48	0.39	0.38	0.66	0.45	0.72	0.55	0.43	0.48	0.42	0.52	0.53	0.66	0.88	2.24	2.24
121	706.73	1.08	1.08	0.48	0.51	0.60	0.79	0.76	0.71	0.78	0.82	0.91	0.69	0.63	0.66	0.56	0.51	0.58	0.51	0.52	0.61	0.52	0.50	0.00	0.49	0.54	0.40	0.45	0.46	0.56	0.48	0.41	0.42	0.64	0.50	0.69	0.57	0.45	0.49	0.41	0.56	0.57	0.75	0.83	2.21	2.21
122	710.06	1.04	1.04	0.53	0.52	0.61	0.66	0.69	0.64	0.71	0.74	0.87	0.63	0.59	0.64	0.51	0.47	0.52	0.43	0.44	0.53	0.47	0.41	0.00	0.42	0.45	0.38	0.42	0.43	0.52	0.45	0.37	0.45	0.59	0.42	0.60	0.51	0.42	0.46	0.39	0.51	0.57	0.63	0.99	2.36	2.36
123	713.39	1.10	1.10	0.54	0.45	0.51	0.71	0.65	0.66	0.72	0.76	0.83	0.65	0.58	0.61	0.54	0.48	0.54	0.46	0.45	0.55	0.53	0.45	0.00	0.44	0.49	0.38	0.43	0.42	0.52	0.47	0.39	0.43	0.59	0.48	0.63	0.48	0.44	0.49	0.44	0.59	0.52	0.67	1.05	1.96	1.96
124	716.72	1.24	1.24	0.61	0.59	0.65	0.70	0.73	0.69	0.73	0.80	0.85	0.64	0.61	0.63	0.50	0.48	0.55	0.47	0.46	0.54	0.50	0.40	0.00	0.42	0.50	0.37	0.43	0.43	0.51	0.43	0.35	0.41	0.65	0.43	0.64	0.45	0.39	0.45	0.37	0.54	0.57	0.67	0.87	2.17	2.17
125	720.05	1.27	1.27	0.55	0.49	0.63	0.77	0.80	0.73	0.78	0.84	0.94	0.67	0.63	0.65	0.58	0.53	0.59	0.51	0.51	0.60	0.52	0.49	0.00	0.44	0.56	0.40	0.47	0.46	0.57	0.49	0.43	0.41	0.63	0.47	0.72	0.52	0.44	0.43	0.40	0.52	0.52	0.60	1.01	2.21	2.21
126	723.37	1.12	1.12	0.49	0.47	0.70	0.84	0.77	0.71	0.81	0.85	0.94	0.70	0.65	0.70	0.57	0.49	0.57	0.50	0.47	0.56	0.51	0.42	0.00	0.46	0.50	0.41	0.46	0.44	0.53	0.48	0.39	0.43	0.66	0.43	0.70	0.52	0.43	0.47	0.47	0.53	0.52	0.66	0.97	2.17	2.17
127	726.70	1.14	1.14	0.57	0.47	0.50	0.74	0.69	0.72	0.75	0.78	0.87	0.62	0.57	0.59	0.53	0.49	0.53	0.45	0.43	0.55	0.51	0.41	0.00	0.43	0.50	0.39	0.44	0.44	0.52	0.47	0.37	0.43	0.64	0.46	0.65	0.52	0.43	0.44	0.37	0.48	0.54	0.68	0.90	2.38	2.38
128	730.03	1.21	1.21	0.53	0.48	0.55	0.68	0.71	0.64	0.73	0.79	0.86	0.67	0.58	0.65	0.51	0.48	0.51	0.45	0.47	0.53	0.50	0.44	0.00	0.43	0.49	0.36	0.45	0.44	0.54	0.45	0.37	0.36	0.58	0.42	0.69	0.53	0.41	0.44	0.45	0.52	0.52	0.57	0.80	2.04	2.04
129	733.35	1.13	1.13	0.70	0.44	0.53	0.77	0.68	0.72	0.73	0.80	0.84	0.68	0.60	0.65	0.58	0.50	0.54	0.48	0.47	0.58	0.50	0.46	0.00	0.46	0.53	0.38	0.48	0.45	0.53	0.46	0.39	0.40	0.61	0.43	0.66	0.51	0.43	0.46	0.42	0.50	0.57	0.61	0.93	2.26	2.26
130	736.68	1.07	1.07	0.53	0.50	0.56	0.69	0.68	0.69	0.75	0.79	0.87	0.66	0.60	0.61	0.54	0.47	0.52	0.47	0.42	0.53	0.47	0.43	0.00	0.44	0.55	0.35	0.41	0.41	0.51	0.42	0.34	0.37	0.58	0.41	0.64	0.54	0.38	0.49	0.37	0.49	0.56	0.63	0.98	2.13	2.13
131	740.00	1.05	1.05	0.54	0.64	0.56	0.70	0.68	0.67	0.74	0.80	0.87	0.68	0.57	0.64	0.51	0.48	0.54	0.50	0.47	0.53	0.45	0.41	0.00	0.40	0.48	0.35	0.44	0.41	0.49	0.44	0.35	0.37	0.58	0.40	0.62	0.50	0.39	0.45	0.34	0.45	0.58	0.61	0.99	2.22	2.22
132	743.32	0.97	0.97	0.65	0.58	0.51	0.70	0.74	0.67	0.72	0.83	0.90	0.69	0.63	0.65	0.55	0.50	0.53	0.51	0.48	0.56	0.50	0.44	0.00	0.43	0.49	0.38	0.46	0.41	0.53	0.48	0.38	0.42	0.58	0.44	0.67	0.52	0.46	0.42	0.39	0.50	0.65	0.63	1.02	2.10	2.10
133	746.65	1.33	1.33	0.61	0.46	0.60	0.76	0.77	0.72	0.76	0.83	0.89	0.68	0.62	0.65	0.59	0.51	0.56	0.50	0.48	0.57	0.52	0.44	0.00	0.43	0.51	0.36	0.44	0.41	0.52	0.44	0.35	0.38	0.60	0.45	0.67	0.55	0.42	0.43	0.35	0.52	0.63	0.64	1.10	2.13	2.13
134	749.97	1.22	1.22	0.61	0.42	0.64	0.74	0.79	0.70	0.76	0.81	0.87	0.64	0.63	0.62	0.54	0.49	0.55	0.48	0.47	0.53	0.49	0.48	0.00	0.45	0.51	0.38	0.44	0.45	0.56	0.49	0.37	0.43	0.68	0.48	0.72	0.54	0.46	0.45	0.41	0.49	0.56	0.57	1.02	2.20	2.20
135	753.29	1.20	1.20	0.42	0.54	0.57	0.71	0.71	0.72	0.76	0.81	0.88	0.63	0.59	0.63	0.53	0.47	0.53	0.45	0.46	0.54	0.48	0.39	0.00	0.42	0.51	0.35	0.43	0.44	0.53	0.44	0.32	0.37	0.53	0.41	0.61	0.48	0.40	0.42	0.31	0.51	0.51	0.57	1.01	2.19	2.19
136	756.61	1.11	1.11	0.49	0.51	0.52	0.60	0.69	0.67	0.72	0.79	0.87	0.68	0.57	0.64	0.52	0.47	0.50	0.53	0.44	0.53	0.48	0.42	0.00	0.41	0.51	0.36	0.46	0.42	0.48	0.45	0.36	0.42	0.58	0.42	0.62	0.49	0.47	0.46	0.39	0.44	0.55	0.58	1.13	2.19	2.19
137	759.93	1.27	1.27	0.65	0.48	0.48	0.62	0.60	0.63	0.68	0.72	0.79	0.59	0.53	0.55	0.50	0.43	0.46	0.44	0.37	0.47	0.41	0.39	0.00	0.39	0.42	0.34	0.41	0.41	0.49	0.43	0.33	0.37	0.56	0.43	0.54	0.48	0.38	0.41	0.35	0.45	0.54	0.60	1.00	2.01	2.01
138	763.25	1.29	1.29	0.52	0.43	0.55	0.57	0.62	0.63	0.71	0.69	0.74	0.56	0.51	0.55	0.49	0.41	0.49	0.43	0.44	0.49	0.45	0.37	0.00	0.37	0.43	0.32	0.39	0.36	0.47	0.39	0.32	0.36	0.54	0.37	0.56	0.44	0.37	0.38	0.31	0.46	0.54	0.57	1.10	2.08	2.08
139	766.57	1.34	1.34	0.62	0.32	0.50	0.57	0.63	0.60	0.67	0.71	0.77	0.60	0.52	0.53	0.47	0.39	0.48	0.43	0.41	0.48	0.44	0.40	0.00	0.38	0.43	0.33	0.42	0.40	0.49	0.40	0.31	0.34	0.50	0.42	0.61	0.48	0.37	0.43	0.34	0.45	0.49	0.58	0.96	2.17	2.17
140	769.89	1.22	1.22	0.58	0.55	0.59	0.66	0.69	0.66	0.73	0.81	0.87	0.67	0.61	0.63	0.53	0.48	0.54	0.44	0.46	0.52	0.48	0.39	0.00	0.44	0.48	0.41	0.44	0.46	0.50	0.45	0.38	0.42	0.62	0.43	0.69	0.53	0.48	0.44	0.38	0.50	0.64	0.63	1.16	2.21	2.21
141	773.20	1.21	1.21	0.74	0.55	0.60	0.71	0.76	0.72	0.74	0.81	0.92	0.69	0.63	0.63	0.57	0.53	0.55	0.50	0.46	0.57	0.52	0.45	0.00	0.46	0.49	0.38	0.47	0.45	0.54	0.46	0.39	0.38	0.63	0.52	0.74	0.59	0.45	0.44	0.43	0.49	0.61	0.74	0.88	2.03	2.03
142	776.52	1.06	1.06	0.67	0.60	0.60	0.85	0.79	0.76	0.77	0.82	0.99	0.71	0.63	0.71	0.57	0.48	0.55	0.51	0.50	0.58	0.49	0.45	0.00	0.47	0.52	0.38	0.50	0.40	0.54	0.45	0.41	0.42	0.62	0.55	0.78	0.56	0.45	0.45	0.43	0.49	0.53	0.62	1.01	2.05	2.05
143	779.84	1.65	1.65	0.76	0.40	0.67	0.84	0.88	0.82	0.83	0.89	0.99	0.70	0.62	0.69	0.62	0.49	0.59	0.49	0.50	0.57	0.53	0.48	0.00	0.47	0.60	0.37	0.50	0.45	0.53	0.46	0.35	0.43	0.66	0.54	0.73	0.60	0.49	0.53	0.39	0.56	0.54	0.56	0.95	1.92	1.92
144	783.15	1.17	1.17	0.46	0.50	0.54	0.76	0.71	0.81	0.78	0.86	0.92	0.69	0.63	0.63	0.55	0.52	0.56	0.53	0.50	0.58	0.51	0.42	0.00	0.47	0.53	0.34	0.52	0.47	0.63	0.49	0.39	0.43	0.64	0.50	0.70	0.61	0.54	0.48	0.44	0.58	0.63	0.79	1.08	2.13	2.13
145	786.46	1.39	1.39	0.46	0.50	0.63	0.72	0.73	0.74	0.76	0.84	0.91	0.64	0.59	0.62	0.58	0.46	0.50	0.44	0.45	0.47	0.44	0.40	0.00	0.44	0.50	0.33	0.40	0.43	0.54	0.42	0.36	0.44	0.60	0.48	0.70	0.52	0.49	0.48	0.38	0.47	0.54	0.51	1.03	2.05	2.05
146	789.78	1.50	1.50	0.68	0.53	0.67	0.71	0.76	0.76	0.75	0.83	0.91	0.67	0.62	0.65	0.53	0.48	0.54	0.48	0.50	0.54	0.47	0.43	0.00	0.41	0.52	0.31	0.46	0.45	0.53	0.44	0.35	0.41	0.61	0.47	0.68	0.56	0.40	0.43	0.34	0.53	0.53	0.52	1.00	2.20	2.20
147	793.09	1.51	1.51	0.72	0.49	0.63	0.79	0.75	0.74	0.74	0.83	0.91	0.69	0.62	0.64	0.56	0.50	0.54	0.48	0.53	0.62	0.48	0.44	0.00	0.47	0.53	0.34	0.50	0.44	0.56	0.47	0.39	0.43	0.58	0.57	0.71	0.54	0.44	0.49	0.46	0.56	0.56	0.59	1.10	2.17	2.17
148	796.40	1.33	1.33	0.74	0.51	0.66	0.76	0.75	0.80	0.73	0.85	0.89	0.71	0.63	0.63	0.58	0.50	0.55	0.55	0.47	0.56	0.50	0.45	0.00	0.46	0.54	0.38	0.45	0.45	0.57	0.50	0.34	0.43	0.57	0.55	0.73	0.56	0.48	0.52	0.34	0.54	0.53	0.64	1.14	2.28	2.28
149	799.71	1.12	1.12	0.53	0.67	0.58	0.78	0.65	0.73	0.79	0.85	0.83	0.70	0.65	0.60	0.54	0.50	0.50	0.48	0.45	0.55	0.49	0.42	0.00	0.40	0.48	0.35	0.52	0.48	0.49	0.46	0.36	0.42	0.60	0.53	0.68	0.56	0.49	0.53	0.48	0.61	0.54	0.64	1.21	2.39	2.39
150	803.02	1.32	1.32	0.71	0.49	0.69	0.76	0.72	0.84	0.81	0.86	0.93	0.70	0.60	0.67	0.59	0.47	0.54	0.49	0.45	0.51	0.49	0.43	0.00	0.45	0.51	0.36	0.47	0.46	0.56	0.49	0.42	0.43	0.59	0.53	0.76	0.55	0.52	0.47	0.45	0.46	0.62	0.61	1.00	1.94	1.94
151	806.33	1.16	1.16	0.56	0.45	0.67	0.83	0.74	0.69	0.71	0.82	0.88	0.66	0.57	0.59	0.52	0.47	0.49	0.48	0.46	0.57	0.53	0.42	0.00	0.45	0.48	0.37	0.46	0.42	0.55	0.46	0.37	0.45	0.61	0.52	0.70	0.54	0.45	0.51	0.40	0.49	0.64	0.58	1.13	2.08	2.08
152	809.64	1.37	1.37	0.82	0.70	0.67	0.81	0.79	0.82	0.80	0.87	0.97	0.71	0.65	0.72	0.56	0.50	0.56	0.51	0.52	0.56	0.56	0.45	0.00	0.49	0.53	0.39	0.45	0.43	0.56	0.44	0.36	0.43	0.56	0.47	0.73	0.49	0.45	0.48	0.42	0.58	0.65	0.73	0.97	2.38	2.38
153	812.94	1.45	1.45	0.68	0.74	0.54	0.74	0.71	0.73	0.77	0.83	0.89	0.67	0.63	0.68	0.58	0.43	0.50	0.52	0.47	0.53	0.50	0.40	0.00	0.39	0.48	0.34	0.48	0.44	0.50	0.46	0.33	0.39	0.58	0.47	0.74	0.52	0.42	0.49	0.37	0.48	0.42	0.58	1.00	2.34	2.34
154	816.25	1.19	1.19	0.66	0.41	0.50	0.67	0.59	0.62	0.65	0.70	0.83	0.60	0.60	0.55	0.47	0.41	0.45	0.40	0.43	0.47	0.42	0.35	0.00	0.39	0.41	0.33	0.43	0.40	0.45	0.41	0.33	0.39	0.52	0.43	0.60	0.47	0.37	0.34	0.33	0.47	0.61	0.85	1.04	2.27	2.27
155	819.55	1.32	1.32	0.72	0.36	0.42	0.39	0.40	0.46	0.46	0.49	0.56	0.44	0.38	0.43	0.34	0.32	0.35	0.31	0.28	0.36	0.33	0.32	0.00	0.28	0.35	0.25	0.31	0.28	0.37	0.27	0.23	0.26	0.42	0.32	0.46	0.36	0.25	0.27	0.27	0.27	0.51	0.67	1.12	2.29	2.29
156	822.86	1.37	1.37	0.67	0.35	0.32	0.31	0.32	0.34	0.40	0.41	0.49	0.38	0.30	0.36	0.30	0.26	0.30	0.27	0.28	0.29	0.28	0.26	0.00	0.25	0.31	0.19	0.28	0.24	0.31	0.28	0.21	0.22	0.34	0.27	0.37	0.32	0.22	0.24	0.19	0.27	0.46	0.68	1.13	2.26	2.26
157	826.16	1.18	1.18	0.62	0.45	0.32	0.36	0.39	0.37	0.42	0.44	0.52	0.39	0.34	0.37	0.34	0.31	0.35	0.29	0.30	0.34	0.30	0.31	0.00	0.26	0.33	0.22	0.31	0.26	0.32	0.29	0.23	0.27	0.37	0.32	0.41	0.33	0.26	0.23	0.24	0.27	0.45	0.66	1.17	2.24	2.24
158	829.46	1.18	1.18	0.63	0.35	0.38	0.39	0.46	0.45	0.52	0.50	0.62	0.47	0.42	0.45	0.38	0.34	0.36	0.35	0.35	0.39	0.32	0.32	0.00	0.30	0.36	0.23	0.35	0.31	0.37	0.32	0.24	0.28	0.43	0.37	0.48	0.37	0.30	0.28	0.23	0.31	0.48	0.66	1.09	2.15	2.15
159	832.76	1.14	1.14	0.53	0.42	0.47	0.59	0.56	0.55	0.53	0.63	0.68	0.53	0.48	0.52	0.44	0.38	0.43	0.40	0.39	0.44	0.39	0.36	0.00	0.36	0.39	0.30	0.37	0.34	0.40	0.36	0.29	0.34	0.46	0.43	0.56	0.42	0.35	0.35	0.29	0.36	0.54	0.60	1.09	1.97	1.97
160	836.06	1.10	1.10	0.54	0.35	0.50	0.60	0.60	0.54	0.61	0.66	0.75	0.57	0.49	0.57	0.46	0.42	0.46	0.43	0.40	0.47	0.41	0.43	0.00	0.37	0.46	0.35	0.41	0.37	0.49	0.40	0.32	0.38	0.52	0.42	0.60	0.47	0.39	0.41	0.34	0.36	0.50	0.61	0.97	2.23	2.23
161	839.36	1.01	1.01	0.51	0.46	0.60	0.57	0.66	0.64	0.66	0.72	0.79	0.62	0.54	0.56	0.45	0.40	0.45	0.42	0.42	0.49	0.47	0.38	0.00	0.39	0.43	0.32	0.43	0.37	0.47	0.41	0.34	0.41	0.54	0.49	0.66	0.51	0.49	0.40	0.37	0.43	0.57	0.62	0.95	2.16	2.16
162	842.66	1.39	1.39	0.83	0.64	0.67	0.72	0.72	0.76	0.70	0.82	0.89	0.74	0.62	0.62	0.56	0.48	0.50	0.49	0.43	0.51	0.49	0.49	0.00	0.41	0.47	0.38	0.46	0.48	0.54	0.45	0.38	0.43	0.60	0.56	0.72	0.52	0.51	0.46	0.52	0.52	0.80	0.79	0.98	2.31	2.31
163	845.96	2.04	2.04	0.71	0.66	0.70	0.90	0.92	0.95	0.91	0.98	1.02	0.84	0.76	0.80	0.68	0.53	0.53	0.58	0.53	0.61	0.46	0.53	0.00	0.51	0.55	0.54	0.53	0.51	0.63	0.56	0.48	0.50	0.76	0.73	0.89	0.76	0.58	0.52	0.55	0.51	0.77	0.90	1.14	2.69	2.69
164	849.25	2.06	2.06	1.03	0.87	1.07	1.42	1.05	1.00	0.95	1.12	1.19	0.95	0.81	0.83	0.77	0.63	0.63	0.64	0.70	0.78	0.70	0.56	0.00	0.67	0.73	0.45	0.64	0.53	0.69	0.60	0.46	0.60	0.79	0.70	1.02	0.70	0.73	0.66	0.66	0.66	0.81	0.96	0.84	2.45	2.45
165	852.55	2.56	2.56	1.16	1.20	1.12	1.19	1.20	1.06	1.02	0.98	1.16	0.86	0.82	0.87	0.74	0.69	0.67	0.75	0.65	0.75	0.58	0.65	0.00	0.71	0.70	0.51	0.54	0.63	0.69	0.59	0.47	0.66	0.76	0.73	0.95	0.66	0.65	0.78	0.57	0.68	0.91	0.91	1.52	3.08	3.08
166	855.84	1.71	1.71	1.14	1.25	1.01	0.84	0.98	0.79	0.80	1.00	0.98	0.77	0.67	0.76	0.71	0.55	0.72	0.63	0.57	0.68	0.59	0.53	0.00	0.58	0.67	0.45	0.65	0.61	0.62	0.57	0.52	0.50	0.81	0.67	1.04	0.66	0.86	0.78	0.73	0.69	0.71	0.80	1.61	2.78	2.78
167	859.13	1.83	1.83	0.82	0.79	0.78	1.06	0.93	1.09	0.97	1.00	1.11	0.85	0.81	0.87	0.72	0.62	0.67	0.63	0.59	0.66	0.55	0.54	0.00	0.58	0.61	0.53	0.62	0.54	0.60	0.64	0.44	0.57	0.74	0.70	0.94	0.87	0.57	0.58	0.58	0.66	0.86	1.27	1.39	2.60	2.60
168	862.42	2.17	2.17	1.28	0.71	0.96	1.15	0.79	0.92	0.91	0.87	1.00	0.72	0.68	0.71	0.58	0.51	0.53	0.55	0.50	0.62	0.56	0.55	0.00	0.57	0.52	0.50	0.64	0.49	0.71	0.53	0.51	0.60	0.71	0.70	0.89	0.69	0.63	0.72	0.52	0.60	0.65	0.97	1.21	3.38	3.38
169	865.71	1.59	1.59	1.18	0.77	0.88	0.86	0.91	0.95	0.84	0.81	0.94	0.72	0.68	0.72	0.63	0.53	0.43	0.48	0.49	0.62	0.56	0.52	0.00	0.54	0.53	0.30	0.57	0.48	0.57	0.39	0.31	0.40	0.66	0.53	0.83	0.72	0.53	0.53	0.51	0.68	0.74	0.69	1.64	2.37	2.37
170	869.00	2.34	2.34	1.24	1.03	0.74	0.77	0.71	0.78	0.71	0.85	0.95	0.66	0.62	0.68	0.57	0.55	0.66	0.58	0.54	0.58	0.64	0.53	0.00	0.48	0.56	0.42	0.51	0.48	0.52	0.46	0.41	0.42	0.54	0.48	0.72	0.55	0.58	0.51	0.53	0.75	0.84	0.74	0.85	2.27	2.27
171	872.29	1.85	1.85	0.75	0.80	0.76	0.80	0.80	0.86	0.86	0.88	0.99	0.74	0.60	0.64	0.59	0.53	0.51	0.56	0.55	0.57	0.51	0.39	0.00	0.47	0.51	0.43	0.53	0.48	0.54	0.48	0.53	0.47	0.64	0.54	0.82	0.54	0.52	0.49	0.50	0.51	0.78	0.68	0.94	3.16	3.16
172	875.58	1.55	1.55	0.83	0.58	0.53	0.68	0.53	0.60	0.57	0.61	0.75	0.59	0.50	0.52	0.47	0.36	0.43	0.42	0.39	0.48	0.39	0.36	0.00	0.33	0.43	0.26	0.42	0.33	0.40	0.33	0.29	0.27	0.51	0.41	0.61	0.31	0.37	0.34	0.31	0.33	0.36	0.62	1.09	2.31	2.31
173	878.86	1.52	1.52	0.75	0.37	0.27	0.46	0.34	0.41	0.43	0.46	0.57	0.44	0.38	0.41	0.31	0.30	0.33	0.31	0.34	0.34	0.32	0.31	0.00	0.28	0.32	0.19	0.29	0.23	0.34	0.30	0.21	0.25	0.32	0.32	0.41	0.27	0.22	0.24	0.27	0.25	0.52	0.69	1.28	2.30	2.30
174	882.15	1.53	1.53	0.82	0.36	0.34	0.29	0.28	0.31	0.40	0.41	0.47	0.39	0.32	0.35	0.32	0.29	0.30	0.29	0.28	0.31	0.28	0.29	0.00	0.25	0.33	0.21	0.30	0.22	0.27	0.27	0.22	0.27	0.30	0.32	0.43	0.31	0.21	0.25	0.28	0.24	0.47	0.64	1.22	2.39	2.39
175	885.43	1.47	1.47	0.68	0.36	0.31	0.31	0.31	0.42	0.39	0.40	0.49	0.38	0.35	0.40	0.31	0.28	0.31	0.30	0.30	0.30	0.29	0.27	0.00	0.26	0.28	0.22	0.31	0.28	0.29	0.25	0.24	0.27	0.40	0.37	0.47	0.34	0.26	0.24	0.24	0.30	0.49	0.63	1.13	2.52	2.52
176	888.71	1.25	1.25	0.79	0.51	0.49	0.50	0.49	0.43	0.50	0.52	0.59	0.47	0.46	0.42	0.36	0.35	0.36	0.36	0.34	0.41	0.34	0.33	0.00	0.33	0.40	0.25	0.36	0.33	0.38	0.30	0.24	0.29	0.44	0.36	0.53	0.41	0.32	0.27	0.24	0.29	0.47	0.73	1.07	2.26	2.26
177	892.00	1.56	1.56	0.66	0.46	0.55	0.54	0.47	0.57	0.46	0.62	0.63	0.47	0.44	0.49	0.39	0.38	0.44	0.41	0.37	0.41	0.37	0.36	0.00	0.32	0.38	0.27	0.39	0.28	0.38	0.33	0.25	0.28	0.42	0.38	0.49	0.43	0.32	0.37	0.29	0.36	0.53	0.75	1.08	2.34	2.34
178	895.27	1.56	1.56	0.73	0.38	0.42	0.45	0.41	0.50	0.46	0.51	0.56	0.40	0.39	0.42	0.39	0.35	0.36	0.42	0.32	0.39	0.38	0.35	0.00	0.29	0.36	0.25	0.37	0.31	0.35	0.35	0.31	0.32	0.45	0.39	0.52	0.37	0.33	0.31	0.33	0.33	0.49	0.61	1.19	2.51	2.51
179	898.55	1.27	1.27	0.58	0.39	0.40	0.46	0.41	0.43	0.45	0.54	0.53	0.46	0.34	0.42	0.33	0.34	0.37	0.34	0.36	0.34	0.34	0.33	0.00	0.27	0.37	0.24	0.31	0.32	0.35	0.29	0.24	0.30	0.39	0.38	0.50	0.37	0.34	0.28	0.30	0.39	0.52	0.65	1.13	2.38	2.38
180	901.83	1.32	1.32	0.76	0.44	0.49	0.59	0.48	0.56	0.52	0.58	0.63	0.48	0.41	0.44	0.42	0.38	0.38	0.42	0.37	0.41	0.34	0.34	0.00	0.35	0.34	0.30	0.39	0.33	0.38	0.37	0.30	0.35	0.41	0.37	0.49	0.37	0.31	0.28	0.35	0.35	0.61	0.61	0.99	2.46	2.46
181	905.11	1.18	1.18	0.78	0.65	0.58	0.53	0.55	0.56	0.61	0.55	0.67	0.52	0.48	0.46	0.39	0.35	0.39	0.40	0.42	0.44	0.36	0.38	0.00	0.34	0.42	0.31	0.42	0.33	0.42	0.34	0.28	0.41	0.41	0.48	0.62	0.47	0.33	0.42	0.29	0.44	0.43	0.73	1.23	2.60	2.60
182	908.38	2.18	2.18	0.77	0.47	0.60	0.69	0.59	0.65	0.49	0.61	0.71	0.50	0.52	0.51	0.47	0.41	0.41	0.43	0.44	0.50	0.40	0.36	0.00	0.36	0.37	0.31	0.41	0.40	0.45	0.38	0.32	0.35	0.46	0.41	0.62	0.48	0.29	0.39	0.33	0.44	0.57	0.70	0.93	2.60	2.60
183	911.65	1.59	1.59	0.86	0.52	0.58	0.54	0.53	0.47	0.45	0.54	0.63	0.49	0.44	0.44	0.42	0.37	0.38	0.44	0.38	0.33	0.39	0.36	0.00	0.34	0.39	0.26	0.43	0.35	0.38	0.32	0.32	0.35	0.40	0.31	0.55	0.42	0.43	0.34	0.27	0.56	0.48	0.62	1.42	3.33	3.33
184	914.93	1.78	1.78	0.68	0.46	0.48	0.44	0.50	0.56	0.44	0.48	0.54	0.42	0.40	0.40	0.39	0.32	0.35	0.32	0.35	0.33	0.35	0.35	0.00	0.30	0.38	0.26	0.36	0.35	0.38	0.34	0.27	0.35	0.44	0.33	0.46	0.35	0.31	0.29	0.32	0.39	0.51	0.80	1.25	2.60	2.60
185	918.20	1.56	1.56	0.81	0.39	0.42	0.37	0.46	0.47	0.41	0.35	0.55	0.39	0.35	0.34	0.33	0.32	0.35	0.31	0.31	0.37	0.32	0.26	0.00	0.29	0.36	0.23	0.34	0.24	0.37	0.28	0.27	0.25	0.37	0.37	0.42	0.34	0.26	0.27	0.37	0.35	0.49	0.45	1.09	2.68	2.68
186	921.47	1.74	1.74	1.00	0.46	0.42	0.43	0.57	0.39	0.53	0.55	0.58	0.51	0.44	0.46	0.39	0.32	0.35	0.37	0.42	0.43	0.41	0.35	0.00	0.39	0.42	0.27	0.33	0.30	0.42	0.34	0.31	0.31	0.44	0.39	0.54	0.36	0.28	0.36	0.33	0.27	0.52	0.80	1.12	2.50	2.50
187	924.74	2.29	2.29	0.72	0.74	0.66	0.61	0.63	0.63	0.86	0.75	0.76	0.72	0.61	0.63	0.57	0.51	0.58	0.61	0.58	0.60	0.54	0.51	0.00	0.54	0.51	0.42	0.47	0.50	0.58	0.47	0.45	0.44	0.50	0.49	0.67	0.52	0.56	0.50	0.46	0.59	0.58	0.74	1.21	2.79	2.79
188	928.00	3.07	3.07	1.03	1.11	0.75	0.75	0.83	0.95	0.72	0.87	0.93	0.82	0.64	0.65	0.47	0.61	0.51	0.52	0.54	0.55	0.55	0.50	0.00	0.48	0.53	0.52	0.64	0.72	0.61	0.55	0.63	0.60	0.66	0.75	0.83	0.72	0.79	0.66	0.71	0.52	0.69	0.96	1.34	3.58	3.58
189	931.27	2.39	2.39	1.50	1.29	0.82	0.89	0.78	0.97	0.74	0.83	0.94	0.76	0.64	0.64	0.53	0.62	0.57	0.63	0.57	0.48	0.47	0.42	0.00	0.52	0.64	0.41	0.50	0.46	0.58	0.44	0.35	0.46	0.56	0.53	0.80	0.60	0.52	0.62	0.54	0.67	0.89	1.48	1.45	3.20	3.20
190	934.53	2.39	2.39	0.81	1.11	0.66	0.63	0.78	0.70	0.59	0.73	0.64	0.52	0.51	0.53	0.45	0.38	0.37	0.50	0.47	0.45	0.45	0.48	0.00	0.52	0.44	0.43	0.52	0.44	0.53	0.50	0.44	0.46	0.60	0.63	0.77	0.53	0.43	0.46	0.61	0.44	0.61	0.75	1.12	2.56	2.56
191	937.80	2.27	2.27	1.39	0.65	0.65	0.84	0.55	0.56	0.68	0.68	0.70	0.54	0.42	0.52	0.36	0.37	0.45	0.44	0.40	0.37	0.46	0.45	0.00	0.36	0.48	0.34	0.41	0.39	0.51	0.36	0.34	0.46	0.48	0.45	0.58	0.42	0.54	0.56	0.50	0.49	0.65	0.66	1.41	3.34	3.34
192	941.06	2.10	2.10	1.14	0.68	0.59	0.63	0.49	0.63	0.53	0.69	0.71	0.59	0.48	0.53	0.50	0.41	0.43	0.52	0.48	0.53	0.56	0.45	0.00	0.44	0.49	0.38	0.51	0.42	0.46	0.39	0.49	0.48	0.55	0.45	0.60	0.51	0.58	0.50	0.46	0.56	0.66	0.71	1.53	3.43	3.43
193	944.32	2.41	2.41	0.90	0.67	0.67	0.57	0.48	0.67	0.69	0.68	0.70	0.57	0.53	0.53	0.58	0.40	0.35	0.41	0.37	0.40	0.42	0.49	0.00	0.39	0.35	0.36	0.52	0.39	0.32	0.40	0.36	0.42	0.56	0.43	0.73	0.53	0.38	0.38	0.32	0.45	0.72	0.88	1.38	3.03	3.03
194	947.58	1.80	1.80	1.12	0.72	0.67	0.78	0.63	0.81	0.65	0.70	0.73	0.55	0.51	0.58	0.53	0.53	0.53	0.50	0.53	0.58	0.51	0.48	0.00	0.51	0.55	0.49	0.49	0.49	0.47	0.51	0.45	0.55	0.49	0.47	0.79	0.52	0.52	0.47	0.56	0.60	0.87	0.90	1.46	3.36	3.36
195	950.83	2.72	2.72	1.50	0.81	0.84	0.62	0.66	0.79	0.58	0.65	0.69	0.64	0.62	0.61	0.50	0.51	0.40	0.47	0.42	0.50	0.40	0.47	0.00	0.46	0.40	0.38	0.38	0.42	0.44	0.51	0.45	0.39	0.48	0.41	0.60	0.42	0.53	0.50	0.50	0.46	1.07	1.07	1.33	2.58	2.58
196	954.09	2.27	2.27	2.08	0.74	1.02	0.58	0.64	0.75	0.69	0.50	0.75	0.48	0.45	0.59	0.38	0.42	0.39	0.44	0.43	0.54	0.43	0.38	0.00	0.41	0.35	0.49	0.55	0.49	0.50	0.49	0.49	0.46	0.43	0.55	0.75	0.57	0.56	0.50	0.48	0.88	1.17	1.29	1.78	2.99	2.99
197	957.34	3.34	3.34	2.45	1.49	1.13	1.13	1.09	1.02	0.97	0.79	0.99	0.80	0.74	0.78	0.68	0.71	0.59	0.65	0.64	0.74	0.67	0.63	0.00	0.64	0.65	0.52	0.70	0.54	0.62	0.62	0.75	0.58	0.78	0.66	0.80	0.62	0.72	0.86	0.91	0.87	1.28	1.43	2.10	4.04	4.04
198	960.60	5.37	5.37	2.46	2.32	1.49	1.71	1.00	1.61	1.04	1.15	1.26	0.89	0.91	0.99	0.93	0.78	0.85	1.03	0.96	0.92	0.81	0.82	0.01	0.92	0.86	0.90	0.85	0.73	0.83	0.73	0.67	0.92	0.93	0.76	1.20	1.08	0.70	0.76	1.18	1.73	1.62	1.77	2.51	6.43	6.43
199	963.85	5.45	5.45	2.36	1.92	1.53	1.67	1.45	1.19	0.80	0.90	1.24	1.07	0.88	1.08	0.76	0.80	0.81	0.95	0.75	0.65	0.90	0.59	0.00	0.86	0.60	0.45	0.58	0.65	0.96	0.71	0.68	0.66	0.72	0.95	1.24	0.67	0.82	1.10	0.88	1.46	1.09	1.91	2.74	4.68	4.68
200	967.10	5.51	5.51	2.63	2.13	1.23	1.16	1.16	1.00	1.08	0.98	1.00	0.69	0.83	0.82	0.82	0.60	0.47	0.55	0.81	0.64	0.51	0.51	0.00	0.62	0.63	0.54	0.61	0.51	0.63	0.75	0.80	0.72	0.66	0.52	1.01	0.80	0.83	0.97	1.16	1.01	1.24	1.18	2.35	5.37	5.37
201	970.35	3.31	3.31	2.12	2.66	1.21	1.07	1.17	1.08	1.03	1.02	1.26	0.80	0.89	0.91	0.78	0.81	0.81	0.67	0.79	0.87	0.81	0.72	0.01	0.66	0.71	0.68	0.76	0.78	0.80	0.73	0.83	0.76	0.77	0.72	1.10	0.93	0.92	0.66	1.05	1.23	1.47	1.82	2.78	5.06	5.06
202	973.59	4.38	4.38	1.57	1.72	0.97	1.30	0.94	1.01	0.77	0.83	0.94	0.87	0.58	0.60	0.68	0.51	0.60	0.56	0.44	0.60	0.67	0.38	0.00	0.42	0.60	0.44	0.66	0.46	0.61	0.45	0.40	0.49	0.58	0.74	0.76	0.67	0.52	0.73	0.70	0.89	1.44	1.49	2.84	5.31	5.31
203	976.84	3.22	3.22	1.98	1.09	0.91	0.77	0.45	0.61	0.68	0.54	0.75	0.56	0.52	0.62	0.58	0.50	0.67	0.72	0.56	0.76	0.52	0.56	0.00	0.47	0.44	0.51	0.48	0.45	0.53	0.42	0.49	0.52	0.52	0.66	0.70	0.55	0.60	0.58	0.82	0.63	0.81	1.22	1.25	4.04	4.04
204	980.08	2.46	2.46	1.90	0.88	1.09	0.65	0.68	0.63	0.72	0.61	0.80	0.57	0.41	0.63	0.52	0.51	0.53	0.51	0.41	0.61	0.56	0.51	0.00	0.48	0.49	0.40	0.52	0.46	0.55	0.59	0.45	0.51	0.55	0.53	0.54	0.67	0.46	0.57	0.50	0.64	0.88	1.13	1.73	3.59	3.59
205	983.32	3.30	3.30	1.44	1.55	1.15	0.90	0.70	0.59	0.89	0.62	0.76	0.54	0.62	0.49	0.46	0.51	0.44	0.64	0.65	0.50	0.47	0.57	0.00	0.50	0.53	0.60	0.61	0.63	0.55	0.46	0.57	0.75	0.77	0.67	0.63	0.85	0.59	0.61	0.98	0.71	1.14	1.38	2.74	4.82	4.82
206	986.56	4.35	4.35	2.72	1.48	1.03	1.16	1.21	0.89	0.59	0.78	0.98	0.67	0.68	0.54	0.62	0.54	0.44	0.71	0.54	0.50	0.56	0.62	0.00	0.51	0.55	0.60	0.62	0.64	0.56	0.59	0.64	0.46	0.67	0.61	0.99	0.85	0.83	1.07	0.62	1.27	1.29	1.50	3.08	4.03	4.03
207	989.80	5.50	5.50	2.04	1.54	1.23	1.01	0.88	0.81	0.90	0.70	0.75	0.79	0.76	0.73	0.61	0.67	0.59	0.64	0.63	0.85	0.62	0.66	0.00	0.73	0.66	0.68	0.58	0.62	0.66	0.62	0.64	0.69	0.73	0.63	0.95	0.81	0.65	1.01	0.81	0.70	0.89	1.98	3.93	4.56	4.56
208	993.04	3.87	3.87	2.57	1.13	1.25	0.88	0.68	1.00	0.68	0.69	0.70	0.68	0.57	0.59	0.59	0.63	0.68	0.73	0.57	0.69	0.65	0.63	0.00	0.66	0.59	0.63	0.66	0.60	0.61	0.65	0.57	0.56	0.83	0.66	0.70	0.68	0.51	0.89	0.85	0.69	1.16	2.04	1.94	4.70	4.70
209	996.28	3.59	3.59	2.30	1.79	1.09	1.10	1.09	0.85	1.00	0.67	0.91	0.85	0.71	0.72	0.67	0.66	0.69	0.59	0.72	0.82	0.65	0.92	0.00	0.67	0.73	0.53	0.72	0.79	0.68	0.58	0.71	0.76	0.73	0.88	1.04	0.66	1.30	1.05	1.23	1.14	1.24	1.97	2.40	4.08	4.08
210	999.51	5.76	5.76	4.03	2.64	1.93	1.70	1.51	1.09	1.12	1.30	1.16	0.93	0.96	1.11	1.09	0.86	1.12	1.03	0.93	0.99	1.13	0.76	0.01	0.84	0.79	1.14	0.94	0.96	0.80	0.81	0.83	0.99	1.22	1.04	1.54	1.11	1.18	1.68	1.54	1.63	1.76	3.09	3.72	8.30	8.30
211	1002.74	8.50	8.50	5.92	3.36	2.59	2.28	1.51	1.60	1.51	1.25	1.32	1.19	1.42	1.37	1.16	1.14	1.10	1.09	1.27	1.45	1.14	1.09	0.01	1.05	1.28	0.83	1.21	1.21	1.56	1.31	1.11	1.25	1.28	1.52	1.39	1.66	1.37	1.66	2.23	2.04	1.52	2.94	4.08	10.61	10.61
212	1005.98	14.10	14.10	4.90	4.14	3.13	2.72	1.81	1.95	1.65	2.12	1.78	1.81	1.77	1.77	1.62	1.74	1.69	1.72	1.44	1.76	1.49	1.45	0.01	1.58	1.68	1.66	1.65	1.58	2.01	1.93	1.56	1.53	1.60	1.94	1.72	1.84	2.16	2.38	2.50	2.14	2.39	4.04	6.46	10.51	10.51
213	1009.21	12.44	12.44	7.80	4.31	2.75	3.09	1.85	1.95	2.13	1.70	1.38	1.79	1.41	1.40	1.43	1.24	1.33	1.45	1.56	1.48	1.37	1.80	0.01	1.60	1.36	1.36	1.25	1.39	1.32	1.31	1.21	1.57	1.80	1.87	2.20	1.66	2.12	2.04	2.21	2.01	2.64	5.15	5.23	10.29	10.29
214	1012.43	10.88	10.88	6.11	3.19	2.98	4.05	2.34	2.68	2.10	2.22	2.21	1.87	1.73	2.06	1.43	1.79	1.56	1.73	1.76	1.75	1.66	1.65	0.01	1.89	1.88	1.78	1.95	1.90	1.60	1.63	1.97	1.68	1.76	2.19	2.05	2.41	1.96	2.02	1.83	3.15	2.04	3.53	6.99	9.52	9.52
215	1015.66	16.28	16.28	8.76	6.06	4.49	3.41	3.09	2.65	2.09	1.94	2.06	1.38	1.64	1.92	1.61	1.85	1.98	1.97	2.25	2.07	2.41	1.82	0.01	2.11	2.31	2.06	2.24	2.02	2.08	1.89	1.66	2.22	2.46	2.27	1.79	2.13	2.13	3.58	3.17	3.70	3.12	4.15	6.24	11.45	11.45
216	1018.88	23.81	23.81	6.30	7.82	6.99	5.61	3.51	4.12	5.05	3.16	3.59	2.50	2.91	2.50	3.15	2.78	2.92	2.32	2.58	3.32	2.28	2.35	0.02	3.37	2.63	2.76	2.61	2.97	2.49	3.18	3.05	2.47	2.65	2.48	4.07	2.87	3.53	3.68	3.92	4.72	4.46	7.93	10.76	18.52	18.52
217	1022.11	34.67	34.67	9.75	10.89	8.42	6.29	4.77	4.29	4.71	4.16	4.77	3.32	2.99	3.62	2.54	3.60	3.96	3.39	3.76	3.30	3.35	3.97	0.02	3.29	3.09	3.55	3.11	2.72	3.12	4.02	3.77	3.59	2.89	3.06	4.05	4.28	4.20	3.61	4.84	7.23	8.98	9.15	14.21	24.40	24.40
218	1025.33	39.99	39.99	16.08	14.82	8.70	8.19	5.94	7.40	7.33	4.30	4.51	4.29	3.05	4.58	4.39	3.52	4.30	3.65	2.95	3.85	2.95	3.24	0.02	3.74	3.18	2.67	4.13	5.02	3.48	5.24	3.37	4.14	4.94	5.79	5.43	5.44	5.65	6.00	3.87	11.05	7.56	14.65	16.44	41.73	41.73
219	1028.55	41.82	41.82	20.69	13.70	10.86	9.70	10.59	7.96	7.17	5.91	5.82	5.64	5.58	5.34	6.83	4.15	7.25	5.85	5.30	4.65	4.87	5.09	0.03	5.64	5.13	5.44	5.22	5.33	4.21	5.03	5.89	6.58	6.38	5.75	7.35	6.16	5.73	9.28	5.77	7.43	14.03	16.62	21.89	37.96	37.96
220	1031.77	54.88	54.88	22.68	14.03	17.10	12.53	9.36	11.16	8.85	8.86	8.06	9.30	9.73	7.12	8.23	8.31	7.51	8.61	8.72	7.90	7.48	9.01	0.06	6.52	8.00	9.60	9.63	9.11	8.55	8.54	6.69	6.93	8.47	9.32	9.33	9.77	12.73	7.94	12.65	11.41	16.95	23.61	25.18	47.95	47.95
221	1034.98	44.02	44.02	25.51	36.30	21.07	12.20	17.92	10.97	13.68	12.38	9.12	10.77	8.47	10.04	9.43	9.33	8.82	9.07	9.18	9.19	9.91	9.84	0.07	10.54	9.31	8.97	8.32	9.03	9.80	9.15	9.43	8.85	8.79	8.70	10.23	11.46	13.36	9.78	13.01	15.01	13.33	28.22	25.91	84.26	84.26
222	1038.20	91.52	91.52	39.16	22.84	23.99	20.04	19.40	15.65	14.51	14.28	11.90	12.12	9.55	12.41	11.76	11.74	11.34	10.90	11.19	10.29	10.39	13.07	0.08	14.02	9.47	12.06	12.64	12.36	12.47	11.01	10.50	10.27	12.06	13.34	12.70	11.56	15.67	15.76	18.66	18.56	22.00	21.14	41.84	56.53	56.53
223	1041.41	85.94	85.94	44.78	29.45	29.62	26.53	18.08	16.65	12.41	12.54	14.26	18.39	15.70	12.68	15.48	13.89	14.28	13.62	11.38	12.69	13.56	14.63	0.07	13.25	11.29	11.29	11.50	16.77	11.89	11.94	12.19	13.59	15.44	11.76	11.36	13.85	13.74	18.52	13.28	18.64	29.67	36.75	55.25	89.90	89.90
224	1044.62	107.59	107.59	51.49	42.27	33.21	22.38	16.10	22.73	19.70	24.48	16.44	10.96	10.63	11.21	9.05	10.96	10.94	11.94	10.76	10.03	8.41	12.21	0.05	9.82	10.09	11.11	9.55	9.24	8.15	12.78	12.47	11.81	14.25	10.31	11.59	11.29	12.97	21.69	18.75	32.46	29.68	41.99	54.62	66.27	66.27
225	1047.83	141.10	141.10	68.55	51.83	22.13	31.81	23.22	16.40	18.92	20.37	18.42	18.06	15.55	18.04	15.47	16.67	16.50	15.86	16.77	17.09	13.20	13.99	0.11	15.16	14.55	14.37	16.83	16.91	14.10	15.15	15.72	16.50	16.20	19.53	18.68	13.90	25.23	23.69	19.88	30.63	33.51	45.16	75.27	163.23	163.23
226	1051.04	106.84	106.84	68.61	61.72	38.19	40.81	29.67	30.35	22.95	26.63	29.48	24.71	24.82	21.77	18.97	17.95	19.60	18.04	23.98	19.46	18.35	18.28	0.12	17.05	18.21	20.65	19.74	16.98	17.78	18.16	19.01	21.89	20.60	21.79	19.31	22.89	22.33	34.22	39.70	30.65	41.34	40.09	55.48	167.25	167.25
227	1054.24	177.10	177.10	85.89	55.09	36.15	50.66	40.52	32.83	35.44	22.94	28.77	25.83	25.82	25.38	24.87	22.25	29.11	33.68	24.74	29.86	28.53	21.59	0.17	28.47	25.35	24.90	29.12	27.47	19.95	21.83	24.87	26.33	30.29	30.42	30.89	31.26	33.05	27.40	29.55	50.13	56.13	63.44	96.13	176.73	176.73
228	1057.44	233.69	233.69	158.42	77.84	64.22	48.54	49.92	45.96	41.66	37.57	31.84	32.63	26.84	22.21	27.81	27.57	20.66	40.14	25.91	32.54	27.82	21.35	0.14	27.14	26.68	22.37	21.18	27.59	24.62	22.55	31.30	23.98	25.94	29.78	25.09	34.55	52.89	54.72	42.19	62.57	61.88	102.89	138.97	238.45	238.45
229	1060.65	399.50	399.50	226.30	102.71	79.04	68.13	65.01	70.96	67.26	54.65	49.87	42.30	53.50	34.94	40.16	49.41	45.57	38.16	50.29	57.89	44.67	43.63	0.30	43.73	36.26	41.10	34.36	45.40	42.16	48.69	38.29	45.18	51.89	43.94	48.92	51.96	45.73	73.79	63.91	53.42	97.10	115.96	141.40	445.82	445.82
230	1063.85	267.86	267.86	283.88	139.14	96.81	133.09	80.96	79.88	57.41	82.57	57.50	56.15	51.39	59.94	53.48	59.40	37.30	53.67	37.43	46.17	45.66	51.73	0.28	55.18	47.58	58.68	47.93	55.47	46.33	44.34	55.27	47.65	51.37	42.82	58.95	68.93	62.49	71.42	71.69	97.79	107.62	169.03	228.08	384.50	384.50
231	1067.04	363.67	363.67	179.78	145.08	178.39	128.35	80.41	120.67	75.45	93.38	63.69	72.89	68.79	67.27	75.89	51.94	66.92	47.58	61.34	75.09	64.62	68.58	0.39	72.92	56.99	57.85	69.45	75.36	55.65	60.98	53.52	70.37	63.71	60.18	63.95	60.76	78.31	103.62	94.25	111.10	145.67	170.96	268.07	430.53	430.53
232	1070.24	518.95	518.95	379.51	272.47	212.02	168.03	146.32	117.50	119.94	119.64	95.47	93.40	114.07	103.34	107.19	116.34	101.03	91.98	91.86	102.43	109.87	103.14	0.58	94.55	113.05	106.71	83.58	107.64	96.93	94.59	102.76	100.23	137.73	101.68	102.72	105.44	110.67	138.11	112.72	161.96	189.98	262.10	406.70	615.78	615.78
233	1073.43	1151.97	1151.97	613.39	280.94	164.08	161.05	152.52	159.22	119.27	143.10	143.09	124.74	116.32	108.40	120.11	93.35	104.28	90.30	103.46	103.91	90.84	121.59	0.69	126.19	129.77	120.00	103.81	82.45	91.10	98.41	100.78	100.45	169.57	112.86	132.32	140.18	204.34	165.63	203.88	211.52	252.45	528.30	437.65	762.92	762.92
234	1076.63	1326.01	1326.01	537.10	428.09	214.45	241.28	206.62	242.09	168.04	103.10	98.68	124.63	120.25	147.28	123.89	147.70	113.74	82.72	119.13	115.61	115.47	122.34	0.64	142.88	121.70	109.77	112.38	117.48	93.83	117.88	74.86	111.69	101.02	126.14	136.92	133.18	159.55	161.90	163.61	221.01	323.90	395.95	489.88	1012.89	1012.89
235	1079.82	1534.98	1534.98	922.97	658.50	364.84	179.10	337.38	247.84	175.89	184.09	284.14	204.37	195.51	186.56	139.28	139.04	201.64	155.33	123.37	157.07	160.60	132.07	1.04	180.80	156.02	139.99	174.18	141.77	95.64	154.62	153.95	146.11	176.19	146.34	180.26	236.60	244.92	214.85	231.47	259.78	373.65	215.52	687.62	1089.35	1089.35
236	1083.01	26909.26	26909.26	2473.42	2567.84	2164.41	1753.74	1469.05	1331.21	1084.42	1105.71	674.89	924.11	613.38	572.05	443.68	594.62	434.94	685.06	441.28	550.92	500.82	654.69	1.89	636.90	827.83	561.81	864.03	564.42	562.15	328.26	650.92	425.96	652.59	768.03	503.82	471.38	856.87	538.26	606.30	713.46	592.62	1930.33	1928.60	2165.48	2165.48
237	1086.19	2923.52	2923.52	1207.39	1316.02	658.42	699.37	767.29	407.91	504.18	404.73	479.51	615.14	723.85	272.14	365.24	433.02	281.97	430.04	490.56	341.40	398.34	500.70	2.08	478.21	415.83	389.84	257.36	276.96	455.71	305.28	315.35	367.54	442.86	502.40	695.34	339.31	551.13	353.47	531.84	795.35	621.73	1157.78	1043.28	2366.70	2366.70
238	1089.38	7679.51	7679.51	5712.19	3662.74	2610.27	1006.67	1507.43	1030.38	1140.82	644.46	1026.76	1075.37	774.32	1270.82	481.28	673.13	1626.86	470.10	941.88	1127.15	1207.86	675.66	4.45	742.31	942.34	908.61	1495.69	1318.21	1020.76	1296.10	1131.35	1159.78	765.62	1018.37	820.76	1174.62	1323.44	2025.72	1178.06	2810.31	6101.62	3370.93	7539.81	17311.90	17311.90
239	1092.56	14975.65	14975.65	4598.48	2794.39	2648.98	4652.85	1279.65	2268.03	2884.28	1034.77	4229.80	1682.00	1029.02	4138.65	668.54	5849.26	1512.16	4558.69	1166.03	2555.55	908.01	7261.90	13.89	9640.13	10001.89	5874.17	11181.09	6134.50	1416.24	6398.94	5231.95	4369.74	2599.77	3033.44	2201.82	3840.95	2908.66	4060.94	3419.54	5638.93	7546.77	4653.98	11377.72	31150.11	31150.11
240	1095.74	244258.80	244258.80	111835.00	21879.75	14349.37	6872.98	7965.41	2688.06	1434.89	2321.69	1739.02	1162.79	1303.34	2126.51	3463.71	1717.26	2576.19	1776.47	1278.87	1467.55	2384.30	2539.31	8.88	2303.68	1837.00	1293.90	752.07	1137.34	1175.36	1721.25	1802.14	2717.38	1556.89	1810.85	1428.73	3457.72	2031.82	1294.67	2509.76	4996.70	9944.30	9446.15	15648.19	62735.27	62735.27
241	1098.92	87572.80	87572.80	13432.56	22279.56	24251.42	11675.50	15909.91	8822.11	7143.23	10616.67	5773.47	8458.90	29673.18	14894.21	42441.96	18709.81	30062.30	3016.83	26901.05	21822.10	1773247.53	95651.98	37.03	38342.33	24727.77	20236.22	8977.26	8353.86	10381.92	4419.77	37098.17	20981.33	5634.92	13253.08	2581.62	13292.12	11343.27	2920.41	17026.86	4829.94	11187.34	3491.73	7189.30	27959.44	27959.44
242	1102.10	23358.59	23358.59	11320.95	10359.80	140216.63	23692.70	6320.05	8460.80	3951.64	1685.52	3161.40	2450.35	1174.19	2092.56	1197.18	2754.38	5479.85	5226.59	3951.04	4595.41	3851.17	540.70	10.62	734.66	3575.34	3570.38	9994.99	1823.80	3238.44	5736.59	3437.25	4645.27	9277.53	19005.27	5267.07	4955.25	12207.59	10617.25	7606.92	14606.41	55691.96	13094.46	42915.13	49027.90	49027.90
243	1105.27	44821.44	44821.44	37525.22	14858.75	218795.43	12640.03	28935.80	15050.39	14163.37	10835.62	11895.11	3327.38	15331.76	2280.74	10165.01	42233.62	76785.22	121565.92	46504.69	17167.82	20456.97	7633.48	18.21	15512.98	1546.06	55759.52	50478.72	28124.60	50245.72	12734.31	16921.79	8543.57	9275.60	4127.66	8029.02	14377.86	12745.17	31358.13	72225.99	39779.50	23117.15	15397.12	15855.54	40592.28	40592.28
244	1108.45	24951.96	24951.96	5166.31	4804.05	6493.95	2415.75	2634.53	2585.67	2091.04	2314.02	4734.74	2458.87	1105.99	1138.32	902.91	821.78	761.27	1383.78	1411.67	1008.60	968.63	876.57	8.45	2291.54	1222.55	1799.30	1395.86	1043.38	2065.15	1471.86	1786.90	5410.09	22220.12	4307.61	1644.18	3890.60	5144.62	5581.73	2393.26	3234.19	7746.65	6590.08	15371.57	12255.43	12255.43
245	1111.62	58417.71	58417.71	13393.72	11295.40	4516852.97	3363.57	3049.34	705.74	5092.93	831.65	1146.29	904.27	924.28	834.41	690.87	1014.08	655.69	844.08	649.19	753.76	687.17	683.09	3.96	484.47	769.07	934.85	805.34	996.33	933.40	1183.04	1189.24	1401.20	1422.10	1521.28	4199.76	4416.09	29086.48	15385.91	7847.19	6499.30	16462269.73	18725.87	6964.11	13299.34	13299.34
246	1114.78	32702.71	32702.71	10751.41	6350.46	18714.43	4835.04	5983.16	4376.42	2623.56	6290.07	3643.72	2724.17	2921.49	2178.02	2626.83	2069.01	1951.43	2840.84	1436.49	2234.29	2734.41	10744.37	7.64	11951.95	8661.46	5618.87	2754.83	1711.76	2439.27	2615.02	3438.19	2555.32	3032.32	3506.57	7911.80	18002.68	5968.30	2718.49	4428.58	2977.09	4085.25	3577.31	5602.73	10713.71	10713.71
247	1117.95	119615.39	119615.39	103504.01	15369.71	38028.32	22593.08	14276.44	11022.23	7338.97	37469.95	36714.47	15017.16	29160.06	11271.61	3718.39	13947.13	11111.19	12563.79	61413.48	26140.11	46857.03	2080.12	24.95	10255.81	25683.17	13652.35	7221.06	6221.18	28757.47	38022.05	14735.30	22509.38	35236.24	46017.47	54333.38	36157.43	9442.57	16653.27	14603.42	13987.07	13121.17	121922.15	35327.32	344837.41	344837.41
248	1121.12	26412.27	26412.27	4363.46	6336.87	5704.41	6455.66	2489.04	1685.31	2281.53	5596.00	5968.01	2094.67	2837.25	1621.07	4387.18	7113.14	14556.98	7667.52	11675.18	12906.58	4584.62	1776.64	5.96	3027.28	5732.24	20780.81	14825.07	2218.75	16984.14	5964.55	5576.51	2459.34	2315.64	2088.26	1775.36	2034.35	1930.71	1290.80	2057.26	1857.09	3061.05	2112.36	5290.66	5877.45	5877.45
249	1124.28	686523.16	686523.16	535591.02	42744.38	88911.04	16154.39	38775.52	25097.93	10328.43	39561.18	116579.63	14370.03	34984.72	71787.15	10809.92	217555.07	90960.23	250254.28	206475.24	190169.27	44711.72	438186.20	84.17	248690.38	369155.88	34933.93	91526.24	45006.43	127808.72	80897.04	28200.23	4896.02	43228.38	13416.84	30403.45	21174.50	130250.11	41835.11	30458.05	58871.58	70031.63	62333.28	218087.90	251016.85	251016.85
250	1127.44	13454.31	13454.31	4794.86	3104.92	2495.56	2864.17	2502.55	5009.44	22829.74	4732.13	1874.00	1734.82	834.28	1040.07	590.39	538.65	475.40	444.23	506.41	442.47	357.93	394.14	1.31	514.85	442.68	400.93	362.71	635.27	598.89	541.48	746.24	890.73	1699.69	2046.66	4986.56	10837.33	4007.43	2993.20	2078.11	1592.30	2548.94	2114.12	2400.15	4691.34	4691.34
251	1130.60	79005.39	79005.39	55263.27	49616.93	10673.88	24431.97	22516.39	12470.78	5612.94	6139.77	4040.98	7093.51	21998.92	20000.26	10540.52	32154.43	30148.85	2097.39	23601.57	11541.04	19751.84	4542.07	36.31	2594.86	3814.24	18923.38	16939.58	12365.54	5659.53	9039.04	7766.45	9827.37	6281.84	2631.39	4357.34	2216.73	3455.11	3448.09	929.57	1456.41	4422.85	6979.48	21635.31	14501.95	14501.95
252	1133.76	10002.89	10002.89	6801.30	5961.44	5742.51	5590.07	7580.15	11857.92	25242.12	8472.36	4936.17	2545.04	1872.18	1850.25	496.53	1110.10	495.61	875.43	984.23	1703.13	741.00	1228.19	5.07	841.76	2393.48	1362.68	3099.34	1391.70	1508.40	1276.14	1001.96	1794.66	2344.88	2800.52	3805.78	5579.65	12732.49	4143.97	2629.23	2938.23	4137.49	4334.98	3670.78	11822.82	11822.82
253	1136.91	11719.11	11719.11	2683.65	2902.89	1710.43	1305.55	806.71	678.03	555.00	765.28	747.62	727.28	420.62	513.17	720.68	816.93	528.51	604.66	479.61	701.31	525.67	921.42	2.07	915.13	595.29	840.40	902.22	767.80	541.07	881.57	1140.34	567.98	934.66	890.91	813.90	2021.60	1771.91	1780.04	3296.58	5307.48	26504.63	10239.86	9707.60	47147.59	47147.59
254	1140.06	24257.58	24257.58	20180.36	7334.39	6625.95	6082.56	4892.65	5866.25	3313.22	5812.24	7814.32	6417.82	5935.73	8618.68	12956.36	7084.32	130320.40	27267.11	15459.90	8563.68	6567.19	4873.48	12.35	5055.15	19971.41	14523.51	7759.61	3712.48	1466.64	2344.29	3520.35	5451.09	2937.02	1709.98	3424.34	1637.64	2938.84	2078.97	1921.01	3044.59	6352.88	7244.72	11085.28	29968.05	29968.05
255	1143.21	1898.13	1898.13	873.12	690.29	402.88	587.19	337.89	321.78	265.90	244.10	289.40	275.30	209.39	230.03	218.57	264.11	262.10	246.93	295.01	274.81	318.57	424.08	1.82	312.09	282.84	365.24	308.72	257.55	251.30	195.24	386.33	273.83	257.85	244.72	375.34	282.19	423.36	412.64	376.36	415.82	616.00	722.11	694.75	1789.60	1789.60
[END_OF_UNCERTAINTY]

[AZIMUTH_ANGLE]
90

[COLUMN_NAMES]
px	wl\angle	-90.00	-85.00	-80.00	-75.00	-70.00	-65.00	-60.00	-55.00	-50.00	-45.00	-40.00	-35.00	-30.00	-25.00	-20.00	-17.50	-15.00	-12.50	-10.00	-7.50	-5.00	-2.50	0.00	2.50	5.00	7.50	10.00	12.50	15.00	17.50	20.00	25.00	30.00	35.00	40.00	45.00	50.00	55.00	60.00	65.00	70.00	75.00	80.00	85.00	90.00

[COSERROR]
0	303.26	3.00	3.00	3.00	3.00	3.00	3.00	3.00	3.00	3.00	3.00	3.00	3.00	3.00	3.00	3.00	3.00	3.00	3.00	3.00	3.00	3.00	3.00	3.00	3.00	3.00	3.00	3.00	3.00	3.00	3.00	3.00	3.00	3.00	3.00	3.00	3.00	3.00	3.00	3.00	3.00	3.00	3.00	3.00	3.00	3.00
1	306.57	11.45	11.45	0.27	-1.54	0.21	1.40	1.82	2.14	1.55	1.42	1.51	1.59	0.71	1.15	0.52	1.96	0.76	1.40	0.84	0.86	0.77	0.71	0.00	0.37	1.22	0.84	1.09	1.20	0.38	1.07	1.51	1.00	1.51	1.10	1.55	1.14	1.64	1.57	2.63	1.58	-0.61	-1.68	-0.30	17.41	17.41
2	309.88	22.34	22.34	0.78	-0.14	1.26	1.35	1.59	1.73	1.49	0.91	0.82	0.69	1.06	0.90	0.51	0.51	0.60	0.55	0.38	0.27	0.27	-0.01	0.00	0.20	-0.08	0.32	0.32	0.48	0.22	0.06	1.03	0.28	0.20	0.28	0.83	1.29	1.25	1.35	1.03	0.70	0.59	-0.64	4.46	18.35	18.35
3	313.20	17.00	17.00	1.58	0.09	-0.22	1.36	1.50	1.19	1.21	1.39	1.08	0.76	0.58	0.41	0.49	0.43	0.50	0.62	0.72	0.43	0.10	0.00	0.00	0.10	0.26	0.65	0.54	0.52	0.78	0.41	0.62	0.51	0.56	-0.16	0.63	0.63	0.74	1.10	0.89	0.69	-0.91	-1.26	0.15	16.69	16.69
4	316.51	15.29	15.29	1.53	0.01	-0.24	1.05	1.17	1.24	1.12	0.89	1.09	0.44	0.42	0.32	0.19	0.39	0.42	0.20	0.42	0.28	0.12	0.17	0.00	-0.04	0.29	0.48	0.16	0.62	0.16	0.42	0.22	0.45	0.47	0.56	0.67	0.56	1.04	1.28	1.51	0.73	-0.15	-1.36	1.60	18.23	18.23
5	319.82	20.53	20.53	2.48	0.20	1.12	1.81	2.05	1.92	1.44	1.40	1.40	0.84	0.65	0.66	0.55	0.84	0.59	0.41	0.62	0.38	0.31	0.06	0.00	0.32	0.29	0.49	0.31	0.56	0.44	0.45	0.57	0.19	0.47	0.55	0.59	1.23	1.31	1.67	1.74	0.88	0.27	0.38	2.91	23.18	23.18
6	323.14	21.08	21.08	2.64	1.29	1.24	2.33	2.86	1.92	1.45	1.48	1.62	1.08	0.86	0.73	0.61	0.83	0.70	0.51	0.69	0.50	0.16	0.14	0.00	0.26	0.41	0.46	0.69	0.76	0.44	0.77	0.73	0.53	0.81	0.73	0.63	1.28	1.19	1.56	1.51	1.38	0.31	0.64	3.19	20.25	20.25
7	326.45	24.03	24.03	4.09	0.49	1.61	1.88	2.49	1.82	1.77	1.49	1.54	1.38	0.89	0.87	0.64	0.80	0.76	0.70	0.65	0.49	0.30	0.08	0.00	0.31	0.42	0.71	0.55	0.69	0.56	0.54	0.62	0.82	0.72	0.89	1.04	1.39	1.43	1.42	1.77	1.87	1.00	0.97	3.24	25.15	25.15
8	329.77	26.02	26.02	4.64	2.35	2.37	2.90	2.74	2.34	1.98	1.96	1.41	1.04	0.78	0.89	0.78	1.06	0.80	0.75	0.86	0.50	0.42	0.23	0.00	0.26	0.30	0.60	0.71	0.62	0.72	0.59	0.61	0.76	0.70	0.88	1.12	1.45	1.38	2.00	2.24	1.84	1.68	1.77	4.24	23.81	23.81
9	333.09	24.88	24.88	5.08	2.24	2.16	2.47	2.82	2.20	1.88	1.68	1.36	1.14	0.97	0.71	0.68	0.86	0.79	0.68	0.64	0.40	0.19	-0.14	0.00	0.18	0.36	0.44	0.57	0.58	0.53	0.60	0.65	0.53	0.60	0.80	1.01	1.41	1.48	1.67	1.93	1.78	1.11	1.13	3.70	22.00	22.00
10	336.40	26.62	26.62	5.35	2.27	2.18	2.74	2.96	2.43	1.94	1.57	1.65	1.40	1.03	0.85	0.79	0.93	0.71	0.70	0.74	0.56	0.29	0.13	0.00	0.19	0.50	0.65	0.64	0.77	0.42	0.71	0.78	0.70	0.74	0.94	0.99	1.42	1.62	1.83	1.86	2.07	1.31	1.45	4.30	22.65	22.65
11	339.72	26.94	26.94	5.39	2.72	2.46	2.83	2.99	2.53	2.09	1.83	1.59	1.29	0.96	0.87	0.86	0.88	0.86	0.66	0.78	0.47	0.40	0.13	0.00	0.27	0.50	0.72	0.64	0.62	0.62	0.75	0.76	0.68	0.79	0.95	1.09	1.49	1.69	2.06	2.07	2.00	1.73	1.58	4.35	24.97	24.97
12	343.04	24.95	24.95	5.98	2.42	2.50	2.89	3.19	2.52	2.01	1.98	1.69	1.33	1.07	0.85	0.81	1.02	0.93	0.78	0.72	0.48	0.25	0.09	0.00	0.27	0.44	0.59	0.51	0.71	0.59	0.68	0.79	0.68	0.86	1.00	1.11	1.39	1.58	2.08	2.09	1.99	1.56	1.61	4.40	23.10	23.10
13	346.36	26.46	26.46	5.92	2.73	2.72	2.98	3.22	2.60	2.18	1.90	1.71	1.52	1.13	0.92	0.86	0.98	0.95	0.75	0.71	0.56	0.29	0.04	0.00	0.22	0.35	0.58	0.60	0.70	0.64	0.65	0.79	0.77	0.84	0.94	1.24	1.49	1.68	2.05	2.27	2.16	1.59	1.82	4.38	23.06	23.06
14	349.68	27.23	27.23	5.85	2.79	2.72	3.16	3.24	2.72	2.22	1.89	1.67	1.47	1.15	1.00	0.88	0.99	0.95	0.71	0.72	0.47	0.31	0.06	0.00	0.25	0.45	0.65	0.60	0.70	0.66	0.76	0.81	0.70	0.91	1.05	1.12	1.57	1.79	2.24	2.25	2.21	1.77	1.96	4.52	24.04	24.04
15	353.00	26.48	26.48	6.09	2.86	2.60	2.95	3.28	2.64	2.24	1.97	1.72	1.45	1.13	0.96	0.93	0.98	0.89	0.78	0.75	0.53	0.32	0.09	0.00	0.24	0.42	0.65	0.61	0.67	0.65	0.69	0.70	0.74	0.90	0.99	1.19	1.62	1.80	2.10	2.29	2.15	1.64	1.88	4.47	23.87	23.87
16	356.33	26.98	26.98	6.32	2.76	2.68	3.00	3.27	2.62	2.28	2.00	1.78	1.48	1.25	1.06	0.93	1.01	0.99	0.81	0.74	0.55	0.36	0.07	0.00	0.29	0.42	0.65	0.62	0.73	0.72	0.75	0.82	0.84	0.95	1.02	1.21	1.58	1.72	2.07	2.29	2.23	1.68	1.90	4.54	24.52	24.52
17	359.65	27.39	27.39	5.99	2.90	2.72	3.14	3.26	2.67	2.25	1.95	1.81	1.54	1.24	1.05	0.96	1.06	0.99	0.83	0.80	0.60	0.37	0.12	0.00	0.32	0.49	0.72	0.65	0.74	0.68	0.78	0.91	0.82	0.91	1.08	1.33	1.60	1.79	2.15	2.36	2.31	1.66	1.96	4.89	24.23	24.23
18	362.97	27.12	27.12	5.99	2.95	2.74	3.03	3.33	2.64	2.24	1.94	1.75	1.51	1.23	1.00	0.96	1.04	0.95	0.82	0.74	0.55	0.36	0.13	0.00	0.31	0.47	0.66	0.64	0.74	0.74	0.78	0.84	0.77	0.88	1.06	1.25	1.55	1.81	2.19	2.37	2.23	1.84	1.93	4.67	24.44	24.44
19	366.30	26.77	26.77	6.19	2.91	2.62	2.99	3.22	2.59	2.25	1.94	1.70	1.47	1.16	0.98	0.93	1.00	0.95	0.81	0.72	0.54	0.33	0.06	0.00	0.28	0.44	0.62	0.61	0.75	0.73	0.73	0.79	0.75	0.91	1.07	1.21	1.57	1.73	2.14	2.38	2.25	1.70	1.81	4.75	24.30	24.30
20	369.62	26.62	26.62	5.95	2.77	2.51	3.00	3.13	2.54	2.21	1.89	1.69	1.47	1.20	1.02	0.89	0.95	0.95	0.81	0.70	0.53	0.32	0.09	0.00	0.31	0.43	0.66	0.63	0.77	0.71	0.74	0.82	0.79	0.92	1.04	1.21	1.55	1.69	2.07	2.37	2.16	1.73	1.95	4.72	24.47	24.47
21	372.95	26.82	26.82	5.84	2.75	2.67	2.96	3.20	2.58	2.20	1.89	1.75	1.49	1.20	0.99	0.90	0.93	0.94	0.80	0.74	0.55	0.35	0.09	0.00	0.27	0.46	0.67	0.61	0.77	0.71	0.80	0.83	0.75	0.92	1.07	1.24	1.58	1.76	2.19	2.38	2.23	1.83	1.96	4.81	24.33	24.33
22	376.27	27.22	27.22	6.12	2.84	2.65	3.14	3.19	2.66	2.26	1.91	1.71	1.52	1.24	1.03	0.96	1.02	0.99	0.85	0.79	0.55	0.38	0.10	0.00	0.33	0.49	0.73	0.66	0.76	0.79	0.79	0.84	0.77	0.95	1.07	1.29	1.63	1.82	2.23	2.41	2.30	1.84	1.99	4.92	24.39	24.39
23	379.60	27.35	27.35	6.22	2.97	2.61	3.03	3.22	2.62	2.26	1.93	1.74	1.48	1.24	1.02	0.90	0.95	0.94	0.80	0.73	0.56	0.38	0.08	0.00	0.29	0.47	0.70	0.64	0.74	0.77	0.80	0.81	0.80	0.94	1.07	1.26	1.57	1.75	2.18	2.45	2.26	1.81	2.09	5.07	25.00	25.00
24	382.93	27.42	27.42	6.29	2.93	2.57	3.06	3.22	2.67	2.26	1.90	1.79	1.57	1.22	1.06	0.96	0.96	0.98	0.84	0.74	0.54	0.38	0.06	0.00	0.29	0.45	0.67	0.64	0.78	0.78	0.83	0.86	0.83	0.98	1.10	1.28	1.60	1.79	2.21	2.49	2.39	1.75	1.99	5.05	24.73	24.73
25	386.26	27.67	27.67	6.37	2.97	2.83	3.10	3.23	2.67	2.32	1.96	1.74	1.54	1.24	1.04	0.96	0.98	0.95	0.80	0.76	0.52	0.34	0.08	0.00	0.26	0.45	0.68	0.63	0.77	0.76	0.81	0.87	0.83	0.95	1.10	1.27	1.61	1.79	2.25	2.53	2.38	1.87	2.04	5.15	24.89	24.89
26	389.58	27.82	27.82	6.46	3.09	2.83	3.20	3.21	2.69	2.31	2.01	1.80	1.52	1.28	1.11	1.01	1.02	1.00	0.88	0.74	0.53	0.37	0.06	0.00	0.29	0.47	0.68	0.64	0.76	0.80	0.84	0.87	0.82	0.97	1.13	1.30	1.62	1.86	2.33	2.54	2.39	1.89	2.12	5.34	24.92	24.92
27	392.91	27.81	27.81	6.65	3.25	2.77	3.14	3.28	2.74	2.33	1.99	1.81	1.56	1.29	1.07	1.00	1.01	0.99	0.87	0.76	0.55	0.40	0.09	0.00	0.28	0.52	0.68	0.64	0.79	0.82	0.85	0.86	0.83	0.99	1.16	1.32	1.68	1.85	2.31	2.53	2.42	2.05	2.24	5.46	25.28	25.28
28	396.24	28.04	28.04	6.66	3.05	2.77	3.16	3.33	2.78	2.36	2.01	1.83	1.56	1.32	1.09	1.02	0.98	0.98	0.85	0.72	0.55	0.35	0.03	0.00	0.25	0.46	0.65	0.62	0.80	0.79	0.83	0.87	0.83	0.96	1.12	1.29	1.65	1.87	2.26	2.56	2.38	1.93	2.21	5.33	25.11	25.11
29	399.57	28.31	28.31	6.67	3.21	2.86	3.22	3.29	2.77	2.40	1.98	1.81	1.57	1.34	1.13	1.00	1.00	0.96	0.84	0.74	0.54	0.36	0.07	0.00	0.24	0.49	0.66	0.64	0.78	0.79	0.84	0.88	0.84	0.95	1.13	1.30	1.65	1.91	2.28	2.60	2.42	1.99	2.33	5.37	25.35	25.35
30	402.90	28.19	28.19	6.80	3.17	2.87	3.28	3.32	2.76	2.40	2.02	1.81	1.61	1.34	1.11	1.04	1.04	1.00	0.84	0.78	0.56	0.38	0.05	0.00	0.25	0.48	0.66	0.68	0.78	0.81	0.88	0.88	0.87	0.99	1.15	1.32	1.66	1.91	2.34	2.61	2.52	2.00	2.40	5.68	25.72	25.72
31	406.24	28.50	28.50	6.94	3.29	2.89	3.24	3.35	2.76	2.38	2.02	1.87	1.59	1.37	1.15	1.06	1.01	1.01	0.87	0.77	0.58	0.38	0.06	0.00	0.28	0.50	0.68	0.65	0.78	0.85	0.92	0.91	0.84	0.96	1.18	1.33	1.67	1.88	2.34	2.65	2.51	2.08	2.41	5.71	25.78	25.78
32	409.57	28.49	28.49	6.95	3.29	2.89	3.24	3.35	2.79	2.38	2.00	1.86	1.60	1.36	1.15	1.05	1.01	1.01	0.85	0.76	0.57	0.37	0.04	0.00	0.24	0.48	0.66	0.65	0.81	0.85	0.90	0.91	0.88	1.00	1.19	1.33	1.68	1.89	2.37	2.66	2.47	2.08	2.37	5.75	25.82	25.82
33	412.90	28.57	28.57	6.97	3.25	2.86	3.25	3.31	2.76	2.40	2.02	1.86	1.58	1.34	1.17	1.05	1.01	1.01	0.86	0.74	0.56	0.36	0.04	0.00	0.24	0.47	0.66	0.66	0.80	0.85	0.89	0.91	0.88	1.00	1.15	1.33	1.71	1.93	2.34	2.65	2.48	2.04	2.37	5.74	25.84	25.84
34	416.23	28.72	28.72	7.01	3.27	2.93	3.27	3.33	2.78	2.41	2.04	1.86	1.60	1.35	1.16	1.07	1.03	1.00	0.89	0.77	0.58	0.37	0.06	0.00	0.25	0.50	0.67	0.68	0.82	0.87	0.91	0.94	0.88	1.00	1.20	1.33	1.71	1.96	2.41	2.70	2.52	2.09	2.44	5.84	26.04	26.04
35	419.57	28.77	28.77	7.08	3.30	2.89	3.27	3.30	2.78	2.40	2.03	1.84	1.58	1.35	1.15	1.05	1.02	0.99	0.87	0.76	0.55	0.39	0.03	0.00	0.25	0.48	0.67	0.67	0.81	0.87	0.91	0.91	0.89	0.99	1.19	1.34	1.69	1.93	2.38	2.67	2.54	2.09	2.51	5.88	25.95	25.95
36	422.90	28.73	28.73	7.12	3.22	2.86	3.19	3.29	2.78	2.38	1.99	1.83	1.57	1.35	1.15	1.04	0.99	0.98	0.83	0.74	0.54	0.36	0.01	0.00	0.22	0.46	0.64	0.67	0.80	0.87	0.88	0.89	0.88	0.99	1.16	1.32	1.67	1.91	2.38	2.68	2.53	2.11	2.45	5.90	26.26	26.26
37	426.23	28.80	28.80	7.11	3.25	2.86	3.20	3.28	2.74	2.36	1.98	1.81	1.57	1.33	1.16	1.05	0.99	0.99	0.85	0.75	0.53	0.37	0.03	0.00	0.23	0.46	0.65	0.66	0.81	0.87	0.90	0.91	0.87	0.96	1.16	1.32	1.67	1.92	2.39	2.66	2.53	2.10	2.51	5.84	26.23	26.23
38	429.57	28.76	28.76	7.06	3.14	2.84	3.20	3.24	2.72	2.34	1.96	1.78	1.54	1.33	1.13	1.03	0.98	0.96	0.83	0.74	0.52	0.36	0.01	0.00	0.21	0.47	0.65	0.67	0.78	0.87	0.89	0.90	0.86	0.96	1.15	1.30	1.66	1.90	2.35	2.66	2.53	2.12	2.43	5.91	26.01	26.01
39	432.90	28.65	28.65	6.94	3.13	2.75	3.15	3.21	2.70	2.32	1.93	1.77	1.51	1.31	1.11	1.01	0.96	0.94	0.80	0.73	0.51	0.34	0.01	0.00	0.23	0.45	0.62	0.66	0.78	0.85	0.87	0.88	0.86	0.95	1.12	1.30	1.63	1.88	2.36	2.65	2.50	2.03	2.47	5.93	26.13	26.13
40	436.24	28.59	28.59	7.03	3.06	2.73	3.13	3.16	2.68	2.29	1.91	1.75	1.49	1.28	1.09	1.01	0.94	0.94	0.80	0.72	0.50	0.36	0.01	0.00	0.22	0.47	0.65	0.65	0.78	0.87	0.87	0.87	0.86	0.93	1.11	1.27	1.62	1.87	2.34	2.65	2.51	2.09	2.41	5.91	26.28	26.28
41	439.58	28.58	28.58	6.96	3.05	2.69	3.10	3.15	2.65	2.27	1.87	1.73	1.48	1.27	1.06	0.98	0.93	0.93	0.80	0.72	0.50	0.35	0.00	0.00	0.22	0.46	0.62	0.65	0.77	0.85	0.84	0.88	0.84	0.93	1.09	1.24	1.62	1.87	2.32	2.65	2.49	2.04	2.40	5.92	26.17	26.17
42	442.91	28.66	28.66	7.01	3.03	2.68	3.13	3.13	2.68	2.25	1.87	1.72	1.46	1.26	1.08	0.98	0.93	0.93	0.80	0.71	0.48	0.34	-0.01	0.00	0.21	0.45	0.61	0.64	0.77	0.85	0.87	0.87	0.85	0.93	1.10	1.24	1.60	1.88	2.33	2.63	2.52	2.07	2.44	6.00	26.25	26.25
43	446.25	28.62	28.62	6.97	3.03	2.69	3.11	3.14	2.65	2.25	1.85	1.71	1.45	1.25	1.07	0.98	0.93	0.92	0.80	0.71	0.49	0.33	0.00	0.00	0.20	0.45	0.62	0.65	0.77	0.86	0.85	0.86	0.84	0.91	1.07	1.25	1.60	1.86	2.33	2.63	2.52	2.04	2.47	6.01	26.28	26.28
44	449.59	28.59	28.59	6.94	2.96	2.66	3.07	3.10	2.60	2.21	1.84	1.67	1.41	1.22	1.04	0.96	0.91	0.90	0.78	0.70	0.47	0.32	-0.02	0.00	0.20	0.45	0.62	0.65	0.76	0.85	0.83	0.85	0.83	0.89	1.05	1.20	1.56	1.84	2.30	2.61	2.51	2.06	2.43	5.93	26.32	26.32
45	452.92	28.54	28.54	6.86	2.92	2.62	3.03	3.06	2.58	2.18	1.80	1.65	1.40	1.20	1.03	0.95	0.89	0.90	0.76	0.69	0.46	0.31	-0.03	0.00	0.20	0.43	0.61	0.64	0.74	0.84	0.82	0.83	0.81	0.86	1.03	1.19	1.56	1.82	2.28	2.60	2.50	2.03	2.44	5.96	26.41	26.41
46	456.26	28.63	28.63	7.00	2.98	2.65	3.02	3.04	2.58	2.17	1.81	1.66	1.41	1.20	1.04	0.95	0.90	0.89	0.76	0.70	0.46	0.31	-0.03	0.00	0.19	0.42	0.60	0.65	0.75	0.86	0.83	0.85	0.83	0.88	1.03	1.19	1.58	1.83	2.30	2.61	2.54	2.07	2.45	6.00	26.35	26.35
47	459.60	28.59	28.59	6.90	2.95	2.63	3.02	3.05	2.59	2.18	1.81	1.63	1.38	1.19	1.03	0.95	0.89	0.90	0.77	0.68	0.46	0.31	-0.02	0.00	0.19	0.44	0.61	0.66	0.75	0.85	0.82	0.85	0.84	0.86	1.05	1.20	1.56	1.84	2.31	2.62	2.53	2.08	2.46	6.00	26.43	26.43
48	462.94	28.66	28.66	6.92	2.98	2.63	3.06	3.05	2.59	2.17	1.80	1.64	1.38	1.19	1.03	0.95	0.90	0.90	0.76	0.69	0.46	0.32	-0.02	0.00	0.17	0.42	0.60	0.66	0.75	0.85	0.81	0.85	0.83	0.89	1.03	1.21	1.59	1.84	2.31	2.63	2.55	2.13	2.51	5.97	26.49	26.49
49	466.28	28.46	28.46	6.83	2.90	2.57	2.99	3.00	2.56	2.14	1.77	1.59	1.34	1.15	0.99	0.92	0.85	0.87	0.74	0.67	0.44	0.30	-0.03	0.00	0.18	0.42	0.59	0.65	0.72	0.84	0.80	0.83	0.82	0.84	1.02	1.18	1.56	1.84	2.30	2.61	2.54	2.11	2.46	5.93	26.45	26.45
50	469.62	28.60	28.60	6.91	2.93	2.60	3.00	3.01	2.56	2.12	1.77	1.60	1.33	1.13	0.99	0.92	0.86	0.88	0.75	0.68	0.44	0.30	-0.03	0.00	0.18	0.43	0.59	0.65	0.73	0.83	0.79	0.83	0.81	0.84	1.00	1.17	1.56	1.83	2.30	2.64	2.53	2.13	2.52	5.99	26.53	26.53
51	472.96	29.04	29.04	7.06	3.08	2.71	3.08	3.08	2.63	2.18	1.81	1.65	1.38	1.18	1.03	0.95	0.89	0.91	0.76	0.69	0.46	0.31	-0.02	0.00	0.18	0.42	0.62	0.67	0.75	0.87	0.82	0.87	0.85	0.87	1.03	1.20	1.59	1.86	2.35	2.70	2.61	2.22	2.62	6.14	26.77	26.77
52	476.29	29.33	29.33	7.20	3.21	2.83	3.15	3.14	2.68	2.24	1.86	1.67	1.40	1.22	1.05	0.97	0.93	0.93	0.79	0.72	0.47	0.31	-0.03	0.00	0.17	0.42	0.62	0.68	0.75	0.88	0.84	0.88	0.87	0.89	1.06	1.24	1.63	1.90	2.38	2.73	2.67	2.28	2.73	6.24	27.07	27.07
53	479.63	29.19	29.19	7.15	3.13	2.78	3.13	3.11	2.64	2.20	1.83	1.65	1.38	1.21	1.05	0.97	0.92	0.92	0.78	0.74	0.47	0.31	-0.02	0.00	0.18	0.42	0.62	0.69	0.75	0.89	0.83	0.88	0.86	0.88	1.05	1.23	1.61	1.89	2.37	2.74	2.65	2.28	2.72	6.18	27.03	27.03
54	482.98	28.91	28.91	6.89	3.04	2.66	3.02	3.03	2.59	2.13	1.79	1.61	1.34	1.17	1.01	0.94	0.89	0.91	0.77	0.69	0.46	0.31	-0.03	0.00	0.17	0.41	0.62	0.69	0.75	0.88	0.83	0.87	0.86	0.86	1.05	1.21	1.58	1.84	2.34	2.70	2.62	2.24	2.69	6.09	26.93	26.93
55	486.32	29.20	29.20	7.00	3.12	2.72	3.09	3.05	2.60	2.14	1.80	1.63	1.36	1.18	1.03	0.95	0.90	0.91	0.77	0.71	0.45	0.29	-0.05	0.00	0.16	0.40	0.60	0.69	0.75	0.88	0.83	0.88	0.87	0.88	1.04	1.22	1.61	1.87	2.36	2.70	2.66	2.26	2.71	6.08	27.00	27.00
56	489.66	29.30	29.30	7.02	3.17	2.75	3.11	3.07	2.62	2.16	1.81	1.62	1.37	1.18	1.04	0.96	0.92	0.93	0.79	0.73	0.46	0.30	-0.02	0.00	0.18	0.42	0.63	0.70	0.76	0.90	0.83	0.89	0.87	0.90	1.05	1.24	1.62	1.90	2.38	2.71	2.70	2.26	2.76	6.12	27.08	27.08
57	493.00	29.21	29.21	6.96	3.14	2.73	3.09	3.03	2.60	2.14	1.78	1.60	1.34	1.15	1.01	0.94	0.88	0.90	0.76	0.70	0.44	0.29	-0.04	0.00	0.17	0.41	0.61	0.68	0.74	0.86	0.81	0.87	0.85	0.86	1.03	1.21	1.59	1.86	2.36	2.70	2.68	2.26	2.78	6.07	27.09	27.09
58	496.34	29.36	29.36	7.06	3.21	2.71	3.11	3.05	2.60	2.15	1.78	1.60	1.34	1.17	1.00	0.92	0.88	0.90	0.76	0.71	0.44	0.29	-0.04	0.00	0.18	0.39	0.60	0.69	0.75	0.87	0.80	0.86	0.85	0.85	1.03	1.20	1.60	1.87	2.35	2.70	2.70	2.24	2.80	6.12	27.23	27.23
59	499.68	29.69	29.69	7.14	3.30	2.81	3.13	3.09	2.64	2.18	1.81	1.63	1.35	1.17	1.03	0.95	0.90	0.91	0.78	0.72	0.45	0.30	-0.03	0.00	0.16	0.39	0.61	0.70	0.75	0.89	0.82	0.87	0.87	0.88	1.05	1.24	1.61	1.91	2.39	2.75	2.75	2.34	2.87	6.18	27.42	27.42
60	503.02	29.57	29.57	7.08	3.28	2.77	3.14	3.07	2.63	2.15	1.81	1.61	1.34	1.16	1.02	0.94	0.89	0.91	0.76	0.71	0.44	0.28	-0.04	0.00	0.16	0.39	0.60	0.69	0.74	0.88	0.81	0.87	0.86	0.86	1.01	1.21	1.61	1.88	2.37	2.74	2.74	2.31	2.90	6.17	27.34	27.34
61	506.36	29.60	29.60	7.03	3.26	2.78	3.14	3.05	2.63	2.14	1.80	1.59	1.33	1.15	1.01	0.92	0.88	0.89	0.76	0.71	0.43	0.28	-0.03	0.00	0.15	0.38	0.61	0.70	0.74	0.88	0.81	0.86	0.85	0.86	1.02	1.21	1.59	1.88	2.37	2.75	2.74	2.31	2.89	6.19	27.39	27.39
62	509.70	29.72	29.72	7.04	3.30	2.76	3.14	3.07	2.63	2.15	1.81	1.60	1.34	1.15	1.03	0.95	0.90	0.91	0.77	0.73	0.45	0.28	-0.04	0.00	0.14	0.39	0.62	0.72	0.75	0.89	0.82	0.88	0.87	0.87	1.04	1.23	1.60	1.89	2.38	2.78	2.76	2.31	2.96	6.21	27.69	27.69
63	513.05	29.76	29.76	7.10	3.36	2.82	3.15	3.09	2.65	2.15	1.81	1.60	1.35	1.14	1.01	0.94	0.89	0.91	0.78	0.72	0.44	0.28	-0.05	0.00	0.14	0.37	0.61	0.70	0.76	0.90	0.81	0.88	0.86	0.86	1.04	1.23	1.60	1.91	2.41	2.80	2.77	2.33	2.95	6.14	27.54	27.54
64	516.39	29.79	29.79	7.12	3.38	2.78	3.17	3.07	2.64	2.15	1.79	1.60	1.34	1.15	1.02	0.94	0.91	0.92	0.78	0.73	0.45	0.28	-0.04	0.00	0.16	0.38	0.62	0.72	0.75	0.90	0.82	0.88	0.87	0.88	1.05	1.25	1.63	1.91	2.42	2.80	2.80	2.36	3.02	6.26	27.69	27.69
65	519.73	29.91	29.91	7.13	3.44	2.82	3.17	3.10	2.66	2.15	1.82	1.60	1.35	1.16	1.02	0.93	0.90	0.91	0.77	0.73	0.44	0.28	-0.05	0.00	0.13	0.37	0.60	0.71	0.74	0.90	0.81	0.88	0.87	0.88	1.03	1.24	1.62	1.92	2.42	2.80	2.79	2.39	3.02	6.24	27.80	27.80
66	523.07	30.01	30.01	7.16	3.47	2.83	3.17	3.10	2.66	2.17	1.82	1.59	1.34	1.15	1.01	0.93	0.89	0.91	0.78	0.72	0.45	0.29	-0.05	0.00	0.14	0.37	0.61	0.71	0.75	0.90	0.81	0.88	0.87	0.89	1.05	1.24	1.64	1.93	2.45	2.82	2.83	2.42	3.08	6.32	27.97	27.97
67	526.42	30.01	30.01	7.13	3.47	2.83	3.17	3.10	2.64	2.15	1.80	1.59	1.32	1.13	1.00	0.92	0.88	0.89	0.76	0.72	0.44	0.29	-0.06	0.00	0.13	0.36	0.60	0.71	0.74	0.89	0.79	0.87	0.86	0.87	1.06	1.24	1.64	1.94	2.43	2.83	2.84	2.41	3.09	6.31	27.86	27.86
68	529.76	30.04	30.04	7.11	3.46	2.83	3.17	3.10	2.65	2.14	1.80	1.59	1.32	1.13	0.98	0.90	0.86	0.87	0.76	0.71	0.43	0.27	-0.05	0.00	0.12	0.35	0.59	0.71	0.73	0.89	0.80	0.87	0.86	0.88	1.04	1.25	1.64	1.95	2.45	2.88	2.87	2.44	3.13	6.38	28.05	28.05
69	533.10	30.11	30.11	7.10	3.47	2.85	3.19	3.13	2.66	2.15	1.80	1.57	1.30	1.10	0.98	0.89	0.88	0.88	0.75	0.72	0.44	0.28	-0.04	0.00	0.13	0.36	0.59	0.71	0.74	0.88	0.80	0.86	0.86	0.86	1.04	1.25	1.65	1.96	2.47	2.88	2.89	2.50	3.16	6.40	28.02	28.02
70	536.44	30.31	30.31	7.18	3.53	2.87	3.22	3.12	2.67	2.16	1.80	1.57	1.30	1.10	0.97	0.89	0.85	0.87	0.74	0.70	0.43	0.27	-0.06	0.00	0.12	0.34	0.58	0.68	0.73	0.87	0.78	0.86	0.84	0.85	1.04	1.25	1.64	1.96	2.49	2.89	2.92	2.52	3.16	6.44	28.15	28.15
71	539.79	30.32	30.32	7.21	3.57	2.90	3.22	3.14	2.68	2.15	1.81	1.56	1.28	1.09	0.96	0.88	0.83	0.86	0.72	0.70	0.42	0.26	-0.06	0.00	0.11	0.35	0.57	0.69	0.72	0.86	0.77	0.83	0.83	0.85	1.05	1.24	1.66	1.96	2.49	2.91	2.96	2.56	3.18	6.52	28.29	28.29
72	543.13	30.40	30.40	7.22	3.60	2.94	3.24	3.14	2.67	2.15	1.81	1.58	1.29	1.09	0.96	0.88	0.83	0.87	0.73	0.69	0.42	0.26	-0.05	0.00	0.12	0.34	0.58	0.69	0.72	0.86	0.77	0.82	0.82	0.84	1.02	1.25	1.63	1.96	2.48	2.90	2.95	2.55	3.19	6.55	28.28	28.28
73	546.47	30.44	30.44	7.27	3.58	2.92	3.24	3.14	2.67	2.16	1.80	1.55	1.28	1.09	0.97	0.87	0.83	0.85	0.73	0.70	0.43	0.27	-0.05	0.00	0.12	0.33	0.58	0.69	0.73	0.87	0.76	0.82	0.83	0.84	1.02	1.23	1.63	1.96	2.47	2.90	2.94	2.58	3.20	6.62	28.42	28.42
74	549.82	30.45	30.45	7.24	3.57	2.93	3.23	3.11	2.65	2.13	1.78	1.54	1.27	1.07	0.95	0.87	0.83	0.85	0.72	0.70	0.43	0.26	-0.05	0.00	0.11	0.32	0.57	0.69	0.71	0.85	0.75	0.81	0.81	0.83	1.01	1.23	1.62	1.94	2.46	2.90	2.95	2.60	3.20	6.61	28.51	28.51
75	553.16	30.38	30.38	7.18	3.51	2.87	3.17	3.10	2.63	2.10	1.75	1.51	1.24	1.06	0.93	0.85	0.82	0.84	0.71	0.70	0.42	0.27	-0.06	0.00	0.11	0.33	0.58	0.69	0.72	0.85	0.76	0.81	0.81	0.84	1.02	1.23	1.62	1.94	2.46	2.88	2.94	2.59	3.19	6.68	28.48	28.48
76	556.50	30.30	30.30	7.17	3.41	2.84	3.15	3.04	2.59	2.08	1.74	1.50	1.23	1.04	0.92	0.84	0.80	0.82	0.69	0.67	0.41	0.26	-0.06	0.00	0.10	0.31	0.57	0.68	0.70	0.85	0.75	0.80	0.80	0.82	1.00	1.20	1.60	1.92	2.43	2.86	2.90	2.56	3.13	6.62	28.44	28.44
77	559.84	30.23	30.23	7.05	3.38	2.79	3.08	3.01	2.57	2.05	1.71	1.47	1.23	1.02	0.91	0.83	0.80	0.82	0.69	0.68	0.42	0.26	-0.05	0.00	0.11	0.31	0.58	0.69	0.71	0.85	0.75	0.81	0.80	0.83	1.00	1.21	1.58	1.91	2.43	2.85	2.88	2.55	3.08	6.60	28.41	28.41
78	563.19	30.17	30.17	7.01	3.33	2.77	3.06	2.98	2.53	2.02	1.70	1.44	1.20	1.00	0.88	0.81	0.78	0.81	0.68	0.66	0.40	0.24	-0.06	0.00	0.10	0.31	0.56	0.67	0.69	0.83	0.73	0.79	0.79	0.81	0.99	1.20	1.58	1.91	2.42	2.83	2.86	2.56	3.05	6.58	28.39	28.39
79	566.53	30.04	30.04	7.02	3.26	2.73	3.02	2.95	2.50	1.99	1.67	1.42	1.17	0.98	0.87	0.79	0.76	0.78	0.65	0.65	0.38	0.24	-0.06	0.00	0.08	0.30	0.56	0.67	0.67	0.82	0.71	0.77	0.77	0.80	0.98	1.18	1.58	1.89	2.40	2.84	2.86	2.54	3.03	6.59	28.38	28.38
80	569.87	30.05	30.05	6.99	3.25	2.72	3.00	2.93	2.50	1.98	1.66	1.42	1.17	0.97	0.86	0.79	0.75	0.78	0.66	0.66	0.40	0.24	-0.04	0.00	0.09	0.31	0.56	0.67	0.68	0.81	0.71	0.76	0.76	0.78	0.96	1.16	1.55	1.87	2.37	2.82	2.82	2.52	2.98	6.60	28.31	28.31
81	573.22	30.03	30.03	6.93	3.19	2.70	2.96	2.90	2.46	1.95	1.62	1.38	1.14	0.94	0.84	0.76	0.72	0.77	0.65	0.65	0.40	0.26	-0.03	0.00	0.10	0.31	0.56	0.67	0.67	0.80	0.69	0.75	0.75	0.77	0.94	1.15	1.52	1.84	2.35	2.79	2.81	2.47	2.95	6.54	28.35	28.35
82	576.56	29.95	29.95	6.88	3.08	2.66	2.91	2.84	2.39	1.91	1.58	1.34	1.09	0.92	0.80	0.73	0.71	0.74	0.63	0.63	0.38	0.25	-0.03	0.00	0.10	0.30	0.55	0.65	0.66	0.78	0.66	0.72	0.71	0.72	0.90	1.11	1.48	1.79	2.29	2.71	2.76	2.44	2.86	6.51	28.22	28.22
83	579.90	29.68	29.68	6.75	3.01	2.55	2.84	2.77	2.34	1.85	1.52	1.29	1.05	0.87	0.77	0.70	0.68	0.70	0.62	0.62	0.37	0.25	-0.04	0.00	0.10	0.31	0.54	0.65	0.64	0.77	0.65	0.69	0.68	0.71	0.86	1.08	1.43	1.77	2.25	2.66	2.72	2.39	2.80	6.47	28.19	28.19
84	583.24	29.57	29.57	6.63	2.90	2.47	2.75	2.71	2.29	1.78	1.48	1.23	0.99	0.81	0.73	0.66	0.65	0.68	0.58	0.60	0.36	0.23	-0.04	0.00	0.08	0.29	0.54	0.63	0.63	0.73	0.62	0.65	0.64	0.67	0.82	1.02	1.39	1.70	2.18	2.60	2.66	2.33	2.74	6.40	28.12	28.12
85	586.58	29.69	29.69	6.70	2.92	2.51	2.80	2.71	2.29	1.80	1.49	1.25	1.01	0.84	0.74	0.68	0.66	0.70	0.60	0.62	0.38	0.25	-0.03	0.00	0.10	0.29	0.54	0.64	0.63	0.75	0.62	0.67	0.66	0.66	0.82	1.02	1.39	1.71	2.19	2.61	2.66	2.32	2.75	6.39	28.05	28.05
86	589.93	29.99	29.99	6.94	3.05	2.62	2.87	2.79	2.37	1.87	1.54	1.30	1.06	0.88	0.79	0.71	0.69	0.72	0.61	0.62	0.38	0.26	-0.03	0.00	0.09	0.29	0.54	0.64	0.65	0.77	0.64	0.69	0.68	0.71	0.87	1.08	1.42	1.75	2.24	2.66	2.74	2.38	2.85	6.59	28.31	28.31
87	593.27	30.61	30.61	7.22	3.24	2.76	3.02	2.89	2.45	1.94	1.62	1.37	1.12	0.92	0.84	0.76	0.74	0.75	0.64	0.66	0.40	0.25	-0.03	0.00	0.09	0.30	0.54	0.66	0.65	0.79	0.67	0.72	0.72	0.75	0.92	1.13	1.47	1.80	2.31	2.71	2.84	2.48	3.02	6.79	28.66	28.66
88	596.61	30.93	30.93	7.43	3.36	2.82	3.09	2.92	2.48	1.97	1.65	1.40	1.16	0.97	0.85	0.78	0.75	0.78	0.65	0.66	0.40	0.26	-0.02	0.00	0.08	0.29	0.56	0.67	0.66	0.82	0.70	0.75	0.76	0.79	0.96	1.16	1.52	1.88	2.38	2.82	2.96	2.61	3.14	7.08	29.20	29.20
89	599.95	30.98	30.98	7.49	3.37	2.84	3.10	2.95	2.50	1.98	1.66	1.41	1.17	0.99	0.88	0.80	0.77	0.79	0.69	0.69	0.43	0.27	-0.01	0.00	0.09	0.30	0.57	0.70	0.70	0.84	0.72	0.78	0.80	0.81	0.99	1.19	1.55	1.90	2.40	2.83	2.95	2.66	3.19	7.13	29.22	29.22
90	603.29	30.95	30.95	7.53	3.37	2.86	3.10	2.94	2.49	1.98	1.66	1.39	1.17	0.97	0.89	0.80	0.77	0.79	0.67	0.68	0.42	0.26	-0.02	0.00	0.08	0.29	0.56	0.67	0.69	0.83	0.72	0.78	0.79	0.81	1.00	1.21	1.55	1.90	2.41	2.83	2.98	2.69	3.22	7.11	29.24	29.24
91	606.64	31.02	31.02	7.51	3.37	2.85	3.07	2.92	2.48	1.98	1.67	1.40	1.17	0.99	0.90	0.80	0.77	0.80	0.68	0.69	0.43	0.27	0.00	0.00	0.08	0.30	0.58	0.70	0.71	0.85	0.74	0.78	0.81	0.83	1.02	1.21	1.56	1.90	2.39	2.82	2.99	2.69	3.30	7.23	29.33	29.33
92	609.98	30.99	30.99	7.44	3.36	2.80	3.04	2.90	2.46	1.94	1.62	1.38	1.14	0.94	0.85	0.79	0.75	0.76	0.66	0.67	0.42	0.26	-0.01	0.00	0.09	0.30	0.57	0.68	0.70	0.82	0.71	0.76	0.78	0.81	0.97	1.18	1.53	1.87	2.37	2.80	2.93	2.63	3.21	7.17	29.29	29.29
93	613.32	30.75	30.75	7.32	3.29	2.71	2.94	2.83	2.40	1.88	1.59	1.33	1.12	0.92	0.83	0.74	0.71	0.74	0.64	0.66	0.40	0.25	-0.02	0.00	0.08	0.29	0.56	0.66	0.68	0.80	0.67	0.72	0.75	0.78	0.95	1.14	1.48	1.82	2.31	2.74	2.85	2.60	3.16	7.08	29.10	29.10
94	616.66	30.48	30.48	7.24	3.18	2.67	2.89	2.76	2.35	1.85	1.53	1.28	1.06	0.88	0.80	0.71	0.68	0.70	0.61	0.62	0.39	0.25	0.00	0.00	0.08	0.29	0.54	0.64	0.64	0.76	0.65	0.67	0.71	0.73	0.90	1.09	1.43	1.76	2.25	2.67	2.79	2.53	3.05	6.99	28.91	28.91
95	620.00	30.28	30.28	7.13	3.10	2.59	2.81	2.71	2.29	1.78	1.49	1.25	1.02	0.83	0.75	0.66	0.64	0.67	0.58	0.60	0.38	0.25	0.01	0.00	0.09	0.29	0.53	0.63	0.61	0.73	0.61	0.65	0.65	0.69	0.85	1.05	1.37	1.71	2.22	2.63	2.72	2.46	3.01	6.84	28.67	28.67
96	623.34	30.03	30.03	6.93	3.04	2.52	2.76	2.64	2.23	1.73	1.42	1.18	0.95	0.77	0.70	0.62	0.59	0.63	0.53	0.57	0.35	0.23	-0.01	0.00	0.08	0.27	0.50	0.59	0.57	0.69	0.56	0.59	0.60	0.63	0.81	0.99	1.32	1.65	2.14	2.53	2.61	2.37	2.92	6.75	28.40	28.40
97	626.68	29.82	29.82	6.87	2.92	2.42	2.64	2.56	2.16	1.67	1.38	1.13	0.92	0.75	0.66	0.59	0.55	0.60	0.51	0.57	0.35	0.24	0.00	0.00	0.09	0.28	0.51	0.59	0.56	0.66	0.54	0.56	0.57	0.60	0.77	0.95	1.27	1.60	2.10	2.49	2.56	2.32	2.82	6.69	28.32	28.32
98	630.02	29.64	29.64	6.74	2.81	2.33	2.54	2.51	2.09	1.60	1.31	1.07	0.86	0.68	0.62	0.55	0.52	0.56	0.48	0.54	0.34	0.21	-0.01	0.00	0.08	0.27	0.49	0.58	0.54	0.64	0.50	0.54	0.54	0.56	0.72	0.91	1.23	1.54	2.03	2.44	2.51	2.25	2.76	6.58	28.13	28.13
99	633.36	29.33	29.33	6.60	2.72	2.28	2.44	2.40	2.03	1.55	1.26	1.01	0.83	0.65	0.59	0.51	0.49	0.55	0.46	0.53	0.32	0.20	-0.01	0.00	0.09	0.27	0.49	0.57	0.53	0.62	0.49	0.51	0.52	0.55	0.68	0.87	1.19	1.52	1.98	2.39	2.43	2.20	2.74	6.49	28.05	28.05
100	636.70	29.24	29.24	6.53	2.71	2.22	2.40	2.35	1.97	1.49	1.20	0.98	0.79	0.63	0.57	0.50	0.48	0.53	0.44	0.52	0.31	0.20	0.00	0.00	0.08	0.26	0.49	0.55	0.51	0.61	0.47	0.50	0.51	0.52	0.67	0.85	1.17	1.47	1.94	2.35	2.41	2.18	2.69	6.56	28.12	28.12
101	640.04	29.45	29.45	6.73	2.74	2.31	2.43	2.39	2.00	1.52	1.23	1.01	0.80	0.66	0.58	0.52	0.50	0.52	0.47	0.53	0.31	0.20	-0.02	0.00	0.08	0.26	0.49	0.56	0.52	0.62	0.49	0.53	0.52	0.54	0.69	0.87	1.18	1.50	2.00	2.41	2.48	2.30	2.84	6.73	28.40	28.40
102	643.37	29.95	29.95	6.93	2.89	2.34	2.47	2.42	2.03	1.54	1.26	1.02	0.83	0.67	0.62	0.54	0.51	0.55	0.49	0.55	0.32	0.22	-0.00	0.00	0.07	0.27	0.49	0.58	0.55	0.64	0.50	0.55	0.55	0.58	0.73	0.91	1.22	1.56	2.03	2.48	2.55	2.40	2.93	6.96	28.93	28.93
103	646.71	30.11	30.11	7.13	2.99	2.43	2.57	2.49	2.11	1.60	1.30	1.07	0.88	0.70	0.64	0.57	0.54	0.56	0.50	0.55	0.33	0.22	-0.01	0.00	0.08	0.26	0.49	0.58	0.55	0.65	0.52	0.57	0.58	0.61	0.76	0.94	1.24	1.59	2.08	2.51	2.60	2.43	3.04	7.11	29.15	29.15
104	650.05	30.55	30.55	7.23	3.10	2.51	2.64	2.54	2.12	1.64	1.33	1.08	0.90	0.73	0.68	0.59	0.55	0.58	0.49	0.56	0.35	0.21	-0.02	0.00	0.07	0.24	0.49	0.56	0.56	0.66	0.52	0.57	0.58	0.62	0.79	0.97	1.27	1.61	2.10	2.52	2.67	2.43	3.08	7.14	29.21	29.21
105	653.39	30.57	30.57	7.36	3.15	2.48	2.65	2.56	2.14	1.64	1.34	1.08	0.91	0.75	0.67	0.60	0.56	0.58	0.50	0.56	0.33	0.21	-0.03	0.00	0.07	0.24	0.49	0.56	0.54	0.64	0.53	0.56	0.59	0.62	0.78	0.95	1.26	1.59	2.10	2.51	2.60	2.40	2.99	7.07	29.06	29.06
106	656.73	30.42	30.42	7.21	3.02	2.41	2.55	2.50	2.08	1.60	1.32	1.07	0.88	0.74	0.67	0.60	0.57	0.58	0.50	0.56	0.33	0.22	-0.01	0.00	0.09	0.25	0.50	0.57	0.58	0.66	0.54	0.58	0.61	0.62	0.79	0.95	1.24	1.57	2.07	2.48	2.59	2.32	2.89	7.06	28.97	28.97
107	660.06	30.28	30.28	7.09	2.94	2.33	2.49	2.43	2.04	1.54	1.26	1.03	0.85	0.70	0.65	0.56	0.54	0.55	0.46	0.53	0.32	0.19	-0.01	0.00	0.07	0.23	0.48	0.54	0.52	0.64	0.51	0.54	0.58	0.59	0.74	0.90	1.19	1.54	2.02	2.42	2.51	2.23	2.79	6.97	28.87	28.87
108	663.40	30.07	30.07	7.06	2.84	2.30	2.45	2.40	2.00	1.53	1.22	1.01	0.83	0.66	0.63	0.54	0.51	0.54	0.45	0.52	0.30	0.19	-0.03	0.00	0.06	0.24	0.47	0.54	0.52	0.61	0.49	0.53	0.54	0.57	0.73	0.88	1.17	1.53	1.99	2.39	2.50	2.24	2.80	6.97	28.81	28.81
109	666.73	30.07	30.07	6.99	2.80	2.22	2.42	2.37	1.98	1.49	1.21	0.98	0.80	0.66	0.60	0.53	0.50	0.54	0.44	0.52	0.30	0.19	-0.00	0.00	0.07	0.24	0.47	0.54	0.51	0.61	0.49	0.54	0.53	0.58	0.70	0.87	1.17	1.47	1.97	2.39	2.44	2.20	2.72	6.97	28.91	28.91
110	670.07	30.11	30.11	7.07	2.80	2.23	2.40	2.36	1.96	1.47	1.20	0.96	0.78	0.62	0.59	0.50	0.48	0.50	0.43	0.48	0.28	0.18	-0.03	0.00	0.05	0.23	0.44	0.52	0.49	0.57	0.47	0.50	0.52	0.55	0.71	0.86	1.15	1.49	1.95	2.39	2.43	2.18	2.72	7.02	28.90	28.90
111	673.41	30.16	30.16	7.04	2.78	2.20	2.42	2.36	1.96	1.49	1.18	0.98	0.79	0.63	0.58	0.50	0.48	0.50	0.41	0.49	0.27	0.18	-0.02	0.00	0.07	0.22	0.43	0.49	0.49	0.57	0.46	0.51	0.52	0.53	0.69	0.85	1.14	1.46	1.94	2.36	2.42	2.16	2.70	6.99	28.77	28.77
112	676.74	30.32	30.32	7.29	2.88	2.27	2.46	2.40	2.01	1.52	1.21	0.98	0.80	0.65	0.61	0.52	0.49	0.53	0.44	0.48	0.28	0.18	-0.02	0.00	0.07	0.23	0.43	0.49	0.50	0.59	0.47	0.51	0.53	0.56	0.70	0.88	1.15	1.49	1.98	2.41	2.46	2.17	2.74	7.08	29.07	29.07
113	680.07	30.43	30.43	7.29	2.87	2.24	2.46	2.40	2.00	1.51	1.21	0.96	0.80	0.64	0.59	0.51	0.48	0.50	0.42	0.48	0.28	0.18	-0.03	0.00	0.06	0.22	0.44	0.49	0.47	0.56	0.46	0.49	0.50	0.55	0.69	0.87	1.15	1.48	1.98	2.40	2.45	2.21	2.77	7.13	29.06	29.06
114	683.41	30.31	30.31	7.14	2.78	2.20	2.42	2.38	1.96	1.48	1.17	0.93	0.76	0.61	0.55	0.48	0.45	0.48	0.40	0.46	0.27	0.18	-0.01	0.00	0.06	0.23	0.42	0.48	0.47	0.54	0.43	0.45	0.49	0.51	0.66	0.84	1.12	1.46	1.95	2.37	2.43	2.17	2.73	7.10	29.11	29.11
115	686.74	30.21	30.21	7.16	2.72	2.14	2.36	2.34	1.92	1.42	1.14	0.90	0.72	0.59	0.53	0.45	0.42	0.47	0.38	0.45	0.27	0.18	-0.01	0.00	0.07	0.22	0.40	0.47	0.45	0.51	0.41	0.43	0.45	0.49	0.62	0.79	1.05	1.41	1.89	2.32	2.37	2.11	2.65	7.10	28.99	28.99
116	690.07	30.18	30.18	7.18	2.66	2.10	2.32	2.30	1.89	1.41	1.11	0.88	0.71	0.56	0.53	0.44	0.42	0.45	0.37	0.43	0.26	0.17	-0.02	0.00	0.06	0.22	0.42	0.45	0.44	0.49	0.39	0.42	0.47	0.49	0.62	0.78	1.04	1.39	1.89	2.32	2.38	2.12	2.63	7.14	28.98	28.98
117	693.41	30.33	30.33	7.19	2.68	2.13	2.33	2.30	1.89	1.42	1.11	0.87	0.72	0.56	0.52	0.43	0.43	0.46	0.35	0.45	0.25	0.17	-0.04	0.00	0.06	0.23	0.41	0.46	0.44	0.51	0.39	0.42	0.47	0.47	0.63	0.79	1.06	1.40	1.88	2.33	2.40	2.15	2.66	7.17	29.19	29.19
118	696.74	30.51	30.51	7.22	2.67	2.12	2.33	2.30	1.89	1.39	1.10	0.86	0.70	0.58	0.53	0.44	0.42	0.45	0.36	0.43	0.24	0.14	-0.04	0.00	0.05	0.21	0.41	0.46	0.43	0.50	0.41	0.43	0.46	0.49	0.63	0.76	1.05	1.41	1.87	2.32	2.38	2.14	2.60	7.16	29.19	29.19
119	700.07	30.33	30.33	7.18	2.62	2.05	2.25	2.28	1.85	1.36	1.08	0.84	0.68	0.54	0.53	0.44	0.40	0.44	0.35	0.42	0.23	0.13	-0.04	0.00	0.04	0.21	0.41	0.46	0.42	0.50	0.41	0.43	0.46	0.49	0.62	0.76	1.03	1.37	1.86	2.28	2.33	2.08	2.56	7.12	29.29	29.29
120	703.40	30.44	30.44	7.25	2.61	2.06	2.26	2.26	1.84	1.37	1.10	0.86	0.69	0.54	0.55	0.43	0.41	0.44	0.35	0.42	0.23	0.12	-0.03	0.00	0.05	0.23	0.39	0.45	0.44	0.52	0.40	0.45	0.47	0.47	0.61	0.76	1.03	1.37	1.86	2.32	2.33	2.08	2.56	7.08	29.24	29.24
121	706.73	30.21	30.21	7.10	2.53	2.03	2.23	2.22	1.80	1.32	1.03	0.81	0.68	0.52	0.51	0.44	0.40	0.42	0.33	0.41	0.22	0.14	-0.03	0.00	0.05	0.19	0.40	0.44	0.42	0.50	0.40	0.41	0.46	0.46	0.60	0.75	1.01	1.36	1.83	2.27	2.34	2.07	2.53	7.08	29.19	29.19
122	710.06	30.00	30.00	6.91	2.39	1.96	2.15	2.16	1.74	1.28	0.99	0.77	0.61	0.49	0.47	0.40	0.39	0.41	0.33	0.40	0.20	0.13	-0.05	0.00	0.05	0.21	0.39	0.43	0.40	0.48	0.39	0.39	0.43	0.44	0.56	0.71	0.96	1.30	1.81	2.22	2.28	2.05	2.43	6.99	29.03	29.03
123	713.39	29.89	29.89	6.90	2.30	1.84	2.07	2.12	1.71	1.24	0.95	0.71	0.57	0.45	0.44	0.37	0.35	0.37	0.29	0.36	0.19	0.11	-0.07	0.00	0.02	0.18	0.36	0.40	0.38	0.45	0.35	0.35	0.41	0.40	0.53	0.66	0.92	1.26	1.74	2.18	2.25	2.00	2.45	6.96	29.12	29.12
124	716.72	29.81	29.81	6.92	2.31	1.90	2.09	2.13	1.70	1.26	0.96	0.74	0.60	0.48	0.47	0.40	0.37	0.41	0.30	0.37	0.19	0.10	-0.05	0.00	0.05	0.19	0.38	0.42	0.40	0.47	0.37	0.40	0.43	0.43	0.56	0.70	0.97	1.30	1.77	2.21	2.27	2.03	2.46	6.99	29.18	29.18
125	720.05	30.25	30.25	7.07	2.40	2.00	2.17	2.17	1.77	1.32	1.01	0.79	0.65	0.51	0.50	0.43	0.40	0.42	0.35	0.41	0.21	0.09	-0.06	0.00	0.03	0.19	0.39	0.42	0.41	0.49	0.40	0.43	0.48	0.48	0.60	0.73	0.99	1.35	1.84	2.27	2.31	2.09	2.49	7.12	29.34	29.34
126	723.37	30.43	30.43	7.15	2.49	2.03	2.22	2.23	1.83	1.36	1.03	0.83	0.67	0.55	0.55	0.46	0.44	0.46	0.36	0.41	0.22	0.10	-0.04	0.00	0.05	0.20	0.39	0.45	0.42	0.52	0.42	0.44	0.50	0.50	0.63	0.76	1.00	1.39	1.85	2.30	2.36	2.13	2.54	7.15	29.41	29.41
127	726.70	30.37	30.37	7.03	2.40	1.97	2.16	2.17	1.75	1.31	1.01	0.79	0.64	0.49	0.51	0.44	0.41	0.43	0.33	0.39	0.21	0.10	-0.03	0.00	0.04	0.19	0.38	0.43	0.40	0.49	0.38	0.43	0.45	0.47	0.58	0.72	0.97	1.34	1.81	2.25	2.29	2.12	2.47	7.00	29.41	29.41
128	730.03	29.72	29.72	6.78	2.24	1.85	2.08	2.09	1.69	1.23	0.93	0.71	0.57	0.44	0.46	0.38	0.35	0.40	0.28	0.37	0.18	0.07	-0.07	0.00	0.03	0.19	0.35	0.41	0.37	0.47	0.36	0.40	0.42	0.42	0.56	0.68	0.94	1.28	1.77	2.20	2.31	2.05	2.41	6.93	29.12	29.12
129	733.35	29.67	29.67	6.81	2.15	1.84	2.05	2.06	1.69	1.20	0.91	0.70	0.55	0.43	0.44	0.38	0.37	0.37	0.28	0.36	0.18	0.08	-0.06	0.00	0.06	0.19	0.35	0.40	0.37	0.45	0.35	0.37	0.42	0.41	0.52	0.66	0.92	1.26	1.72	2.19	2.26	2.03	2.38	6.97	29.09	29.09
130	736.68	29.87	29.87	6.89	2.29	1.91	2.10	2.09	1.69	1.24	0.95	0.74	0.59	0.45	0.48	0.40	0.40	0.41	0.30	0.36	0.21	0.08	-0.05	0.00	0.06	0.20	0.39	0.42	0.38	0.46	0.38	0.41	0.44	0.44	0.55	0.69	0.94	1.30	1.78	2.22	2.31	2.05	2.42	7.01	29.09	29.09
131	740.00	29.88	29.88	6.83	2.31	1.89	2.14	2.10	1.69	1.24	0.95	0.71	0.57	0.46	0.47	0.41	0.40	0.41	0.32	0.36	0.20	0.10	-0.05	0.00	0.07	0.21	0.38	0.42	0.36	0.47	0.39	0.41	0.44	0.43	0.55	0.69	0.93	1.28	1.79	2.23	2.32	2.04	2.47	7.01	29.22	29.22
132	743.32	30.09	30.09	6.87	2.28	1.87	2.11	2.08	1.67	1.21	0.94	0.69	0.57	0.44	0.47	0.40	0.36	0.40	0.28	0.36	0.18	0.08	-0.06	0.00	0.05	0.18	0.35	0.41	0.37	0.45	0.37	0.39	0.42	0.42	0.53	0.66	0.93	1.27	1.77	2.22	2.34	2.03	2.42	6.97	29.29	29.29
133	746.65	30.13	30.13	6.90	2.29	1.91	2.13	2.10	1.72	1.26	0.95	0.72	0.58	0.45	0.48	0.41	0.39	0.41	0.32	0.38	0.20	0.10	-0.04	0.00	0.07	0.20	0.38	0.41	0.39	0.47	0.39	0.43	0.44	0.43	0.56	0.68	0.94	1.29	1.78	2.22	2.37	2.08	2.46	6.99	29.30	29.30
134	749.97	29.97	29.97	6.86	2.30	1.87	2.12	2.06	1.68	1.21	0.91	0.67	0.55	0.43	0.46	0.38	0.37	0.39	0.30	0.35	0.20	0.08	-0.07	0.00	0.06	0.17	0.34	0.40	0.37	0.45	0.36	0.40	0.42	0.40	0.50	0.64	0.90	1.26	1.73	2.15	2.30	2.00	2.41	6.90	29.25	29.25
135	753.29	30.07	30.07	6.88	2.27	1.92	2.18	2.11	1.71	1.22	0.91	0.69	0.57	0.45	0.48	0.40	0.40	0.41	0.30	0.36	0.18	0.08	-0.06	0.00	0.07	0.17	0.34	0.40	0.36	0.46	0.39	0.39	0.41	0.40	0.53	0.64	0.89	1.27	1.76	2.20	2.31	2.05	2.46	6.92	29.39	29.39
136	756.61	30.80	30.80	7.17	2.53	2.08	2.29	2.22	1.80	1.31	1.03	0.76	0.62	0.49	0.53	0.46	0.45	0.45	0.33	0.40	0.20	0.09	-0.04	0.00	0.06	0.18	0.35	0.42	0.42	0.47	0.41	0.43	0.46	0.44	0.58	0.71	0.94	1.32	1.82	2.27	2.38	2.12	2.59	7.07	29.74	29.74
137	759.93	30.52	30.52	7.06	2.44	1.98	2.22	2.15	1.74	1.26	0.95	0.71	0.56	0.44	0.47	0.43	0.41	0.42	0.32	0.37	0.20	0.09	-0.04	0.00	0.05	0.19	0.34	0.39	0.39	0.44	0.37	0.39	0.41	0.38	0.50	0.62	0.90	1.25	1.74	2.24	2.33	2.06	2.50	6.94	29.41	29.41
138	763.25	29.33	29.33	6.49	2.04	1.72	1.99	1.93	1.53	1.06	0.78	0.54	0.40	0.30	0.33	0.31	0.29	0.31	0.22	0.28	0.14	0.04	-0.09	0.00	0.04	0.16	0.29	0.32	0.31	0.37	0.27	0.30	0.29	0.27	0.37	0.51	0.75	1.13	1.59	2.07	2.19	1.89	2.39	6.73	28.97	28.97
139	766.57	29.26	29.26	6.33	1.97	1.66	1.93	1.87	1.48	1.03	0.73	0.51	0.37	0.26	0.31	0.29	0.28	0.30	0.22	0.28	0.13	0.05	-0.08	0.00	0.05	0.17	0.28	0.33	0.29	0.36	0.27	0.28	0.28	0.25	0.35	0.47	0.71	1.09	1.56	2.00	2.10	1.83	2.28	6.62	28.85	28.85
140	769.89	30.48	30.48	6.92	2.32	1.88	2.10	2.06	1.64	1.19	0.88	0.65	0.50	0.38	0.43	0.39	0.39	0.40	0.29	0.36	0.18	0.07	-0.07	0.00	0.02	0.16	0.33	0.36	0.38	0.45	0.37	0.38	0.40	0.38	0.49	0.62	0.87	1.24	1.73	2.18	2.29	2.06	2.62	7.04	29.79	29.79
141	773.20	30.89	30.89	7.14	2.51	1.97	2.19	2.13	1.74	1.26	0.94	0.71	0.56	0.45	0.50	0.47	0.45	0.45	0.34	0.40	0.20	0.09	-0.09	0.00	0.03	0.18	0.36	0.42	0.43	0.50	0.43	0.44	0.47	0.44	0.55	0.66	0.93	1.30	1.78	2.28	2.37	2.14	2.68	7.21	30.11	30.11
142	776.52	30.54	30.54	6.97	2.32	1.87	2.08	2.03	1.63	1.17	0.89	0.66	0.54	0.42	0.47	0.43	0.42	0.43	0.31	0.40	0.19	0.08	-0.08	0.00	0.03	0.16	0.35	0.40	0.42	0.50	0.42	0.45	0.45	0.41	0.50	0.62	0.90	1.26	1.73	2.14	2.26	2.01	2.55	7.06	29.80	29.80
143	779.84	30.15	30.15	6.60	2.15	1.69	1.94	1.95	1.55	1.11	0.83	0.58	0.49	0.38	0.46	0.41	0.42	0.42	0.32	0.37	0.21	0.09	-0.07	0.00	0.06	0.18	0.38	0.40	0.39	0.49	0.42	0.42	0.42	0.39	0.47	0.59	0.85	1.21	1.66	2.06	2.19	1.87	2.49	6.73	29.57	29.57
144	783.15	30.09	30.09	6.57	2.09	1.67	1.90	1.89	1.50	1.09	0.81	0.58	0.44	0.36	0.45	0.42	0.42	0.42	0.33	0.42	0.20	0.08	-0.06	0.00	0.05	0.17	0.37	0.40	0.39	0.49	0.43	0.43	0.41	0.38	0.46	0.57	0.81	1.16	1.68	2.08	2.14	1.90	2.48	6.68	29.38	29.38
145	786.46	29.50	29.50	6.25	1.92	1.48	1.74	1.77	1.42	0.95	0.71	0.50	0.39	0.30	0.38	0.38	0.38	0.39	0.28	0.37	0.17	0.08	-0.05	0.00	0.06	0.18	0.38	0.41	0.41	0.49	0.40	0.42	0.41	0.35	0.44	0.53	0.78	1.14	1.60	1.99	2.05	1.83	2.31	6.59	29.19	29.19
146	789.78	29.21	29.21	6.01	1.83	1.43	1.70	1.70	1.38	0.95	0.67	0.46	0.37	0.27	0.37	0.35	0.39	0.38	0.28	0.36	0.19	0.07	-0.05	0.00	0.04	0.17	0.34	0.38	0.40	0.47	0.36	0.40	0.36	0.32	0.39	0.50	0.74	1.10	1.53	1.97	2.04	1.81	2.22	6.43	29.07	29.07
147	793.09	29.17	29.17	6.09	1.90	1.46	1.73	1.70	1.37	0.95	0.68	0.49	0.39	0.29	0.40	0.38	0.39	0.40	0.31	0.36	0.19	0.07	-0.07	0.00	0.05	0.17	0.35	0.41	0.41	0.50	0.39	0.42	0.40	0.33	0.41	0.55	0.75	1.11	1.57	1.98	2.08	1.80	2.33	6.49	29.04	29.04
148	796.40	29.13	29.13	6.11	1.82	1.43	1.74	1.69	1.41	1.00	0.74	0.50	0.38	0.32	0.43	0.40	0.43	0.43	0.33	0.40	0.20	0.10	-0.04	0.00	0.08	0.19	0.37	0.43	0.42	0.51	0.44	0.44	0.41	0.36	0.45	0.55	0.80	1.14	1.58	2.01	2.08	1.83	2.33	6.49	29.04	29.04
149	799.71	29.29	29.29	6.08	1.83	1.40	1.69	1.74	1.41	0.98	0.72	0.50	0.39	0.33	0.43	0.41	0.42	0.45	0.34	0.40	0.21	0.09	-0.05	0.00	0.07	0.19	0.38	0.42	0.45	0.52	0.46	0.46	0.42	0.40	0.48	0.56	0.79	1.16	1.62	2.02	2.05	1.88	2.30	6.52	29.25	29.25
150	803.02	29.25	29.25	6.21	1.90	1.46	1.72	1.76	1.44	1.00	0.75	0.53	0.42	0.36	0.45	0.44	0.47	0.48	0.37	0.42	0.20	0.10	-0.06	0.00	0.06	0.18	0.38	0.44	0.48	0.54	0.49	0.49	0.46	0.41	0.48	0.60	0.81	1.16	1.63	2.03	2.09	1.82	2.41	6.52	29.05	29.05
151	806.33	29.38	29.38	6.15	1.90	1.48	1.77	1.77	1.44	1.03	0.75	0.55	0.48	0.37	0.50	0.46	0.48	0.48	0.39	0.44	0.22	0.13	-0.04	0.00	0.06	0.20	0.41	0.45	0.49	0.57	0.48	0.52	0.50	0.41	0.51	0.62	0.84	1.20	1.62	2.03	2.10	1.88	2.37	6.48	29.14	29.14
152	809.64	29.38	29.38	6.07	1.94	1.49	1.75	1.78	1.47	1.04	0.76	0.56	0.46	0.38	0.48	0.47	0.49	0.49	0.38	0.46	0.21	0.11	-0.07	0.00	0.02	0.18	0.39	0.45	0.48	0.57	0.52	0.51	0.47	0.43	0.49	0.59	0.83	1.22	1.62	1.97	2.10	1.85	2.29	6.54	28.99	28.99
153	812.94	30.59	30.59	6.74	2.37	1.87	2.08	2.08	1.75	1.28	1.03	0.77	0.63	0.54	0.62	0.60	0.60	0.61	0.49	0.52	0.28	0.14	-0.02	0.00	0.04	0.20	0.42	0.51	0.54	0.65	0.60	0.59	0.60	0.51	0.64	0.75	0.97	1.33	1.79	2.21	2.28	2.09	2.58	6.74	29.59	29.59
154	816.25	32.12	32.12	7.63	3.05	2.40	2.55	2.47	2.08	1.61	1.29	1.02	0.88	0.77	0.81	0.76	0.75	0.75	0.62	0.60	0.35	0.20	0.01	0.00	0.05	0.24	0.44	0.57	0.64	0.74	0.69	0.70	0.68	0.66	0.78	0.92	1.17	1.55	2.04	2.47	2.57	2.41	2.97	7.16	30.42	30.42
155	819.55	30.39	30.39	6.80	2.61	2.09	2.28	2.24	1.86	1.40	1.09	0.81	0.66	0.54	0.60	0.59	0.61	0.61	0.51	0.48	0.31	0.15	-0.00	0.00	0.05	0.21	0.36	0.48	0.52	0.62	0.54	0.56	0.50	0.48	0.58	0.74	1.00	1.38	1.88	2.32	2.43	2.23	2.80	6.84	29.80	29.80
156	822.86	29.24	29.24	6.32	2.35	1.98	2.17	2.15	1.75	1.31	0.96	0.67	0.51	0.41	0.46	0.47	0.50	0.51	0.42	0.41	0.25	0.12	-0.02	0.00	0.05	0.19	0.32	0.43	0.45	0.54	0.46	0.45	0.40	0.38	0.48	0.64	0.93	1.34	1.84	2.30	2.43	2.30	2.81	6.80	29.55	29.55
157	826.16	29.14	29.14	6.24	2.31	1.95	2.14	2.12	1.74	1.28	0.94	0.65	0.49	0.38	0.44	0.45	0.48	0.49	0.42	0.41	0.24	0.13	-0.01	0.00	0.07	0.19	0.34	0.43	0.45	0.54	0.45	0.45	0.40	0.37	0.47	0.64	0.94	1.33	1.85	2.32	2.45	2.30	2.80	6.81	29.42	29.42
158	829.46	30.13	30.13	6.69	2.58	2.12	2.28	2.24	1.84	1.38	1.02	0.75	0.59	0.48	0.53	0.54	0.55	0.56	0.48	0.47	0.29	0.14	-0.01	0.00	0.05	0.21	0.37	0.48	0.52	0.61	0.53	0.52	0.48	0.46	0.56	0.74	1.03	1.42	1.93	2.43	2.56	2.42	3.00	7.11	30.29	30.29
159	832.76	30.78	30.78	6.95	2.73	2.18	2.34	2.26	1.89	1.42	1.09	0.81	0.65	0.55	0.61	0.62	0.62	0.63	0.53	0.51	0.33	0.16	-0.00	0.00	0.06	0.23	0.41	0.52	0.58	0.69	0.59	0.59	0.55	0.52	0.63	0.79	1.07	1.46	1.96	2.43	2.60	2.46	3.06	7.25	30.62	30.62
160	836.06	30.39	30.39	6.66	2.55	2.00	2.16	2.15	1.78	1.32	1.00	0.74	0.59	0.49	0.57	0.59	0.62	0.62	0.50	0.51	0.32	0.18	-0.00	0.00	0.06	0.23	0.42	0.52	0.56	0.68	0.60	0.58	0.53	0.47	0.59	0.74	0.99	1.40	1.88	2.32	2.47	2.29	2.87	7.10	30.26	30.26
161	839.36	30.38	30.38	6.51	2.36	1.81	2.07	2.04	1.65	1.22	0.92	0.66	0.54	0.43	0.56	0.57	0.60	0.61	0.50	0.53	0.33	0.19	-0.01	0.00	0.08	0.24	0.44	0.52	0.57	0.69	0.61	0.58	0.50	0.47	0.57	0.68	0.93	1.33	1.80	2.24	2.35	2.21	2.79	7.02	30.17	30.17
162	842.66	30.60	30.60	6.60	2.41	1.79	2.04	2.02	1.66	1.19	0.90	0.67	0.56	0.45	0.55	0.56	0.60	0.64	0.51	0.56	0.33	0.21	-0.02	0.00	0.09	0.24	0.45	0.56	0.60	0.71	0.61	0.62	0.57	0.50	0.57	0.69	0.92	1.33	1.77	2.26	2.30	2.20	2.78	6.89	30.39	30.39
163	845.96	30.92	30.92	6.82	2.51	1.93	2.03	2.00	1.65	1.24	0.93	0.69	0.57	0.52	0.59	0.59	0.64	0.65	0.54	0.58	0.33	0.23	-0.02	0.00	0.05	0.23	0.45	0.57	0.63	0.73	0.66	0.65	0.61	0.51	0.63	0.71	0.99	1.36	1.80	2.29	2.43	2.22	2.82	7.03	30.62	30.62
164	849.25	30.79	30.79	6.63	2.37	1.93	2.02	2.03	1.70	1.20	0.93	0.66	0.61	0.48	0.57	0.59	0.64	0.69	0.57	0.59	0.33	0.20	-0.01	0.00	0.06	0.26	0.47	0.60	0.63	0.75	0.70	0.65	0.61	0.53	0.61	0.74	0.94	1.35	1.85	2.27	2.32	2.17	2.81	6.95	30.92	30.92
165	852.55	30.21	30.21	6.13	2.03	1.60	1.68	1.82	1.51	1.03	0.77	0.55	0.43	0.31	0.47	0.57	0.61	0.61	0.49	0.57	0.27	0.23	0.02	0.00	0.09	0.21	0.49	0.63	0.60	0.78	0.66	0.64	0.56	0.49	0.51	0.66	0.86	1.26	1.76	2.14	2.24	2.04	2.64	6.68	29.98	29.98
166	855.84	29.58	29.58	5.84	1.67	1.34	1.51	1.69	1.29	0.97	0.61	0.37	0.32	0.27	0.40	0.45	0.52	0.54	0.45	0.54	0.27	0.20	-0.04	0.00	0.05	0.22	0.47	0.58	0.57	0.64	0.59	0.48	0.45	0.39	0.47	0.53	0.71	1.11	1.55	1.99	1.99	1.89	2.38	6.42	29.68	29.68
167	859.13	28.97	28.97	5.88	1.62	1.16	1.53	1.60	1.25	0.76	0.63	0.38	0.28	0.24	0.41	0.46	0.50	0.51	0.46	0.49	0.26	0.18	-0.06	0.00	0.05	0.21	0.43	0.54	0.58	0.64	0.58	0.50	0.42	0.34	0.41	0.48	0.68	1.02	1.50	1.85	2.00	1.73	2.14	5.98	28.96	28.96
168	862.42	28.87	28.87	5.49	1.58	1.29	1.42	1.48	1.24	0.82	0.58	0.39	0.41	0.25	0.46	0.48	0.53	0.58	0.49	0.51	0.28	0.17	-0.01	0.00	0.11	0.24	0.45	0.53	0.62	0.70	0.60	0.57	0.48	0.37	0.43	0.51	0.67	1.09	1.49	1.89	1.93	1.80	2.19	6.14	29.32	29.32
169	865.71	29.09	29.09	5.22	1.60	1.15	1.48	1.54	1.17	0.83	0.54	0.41	0.29	0.23	0.37	0.45	0.51	0.56	0.46	0.53	0.24	0.18	-0.09	0.00	0.05	0.20	0.46	0.54	0.56	0.66	0.58	0.55	0.45	0.33	0.41	0.51	0.66	1.01	1.44	1.81	1.87	1.74	2.06	6.26	28.67	28.67
170	869.00	29.12	29.12	5.44	1.59	1.30	1.51	1.60	1.23	0.83	0.63	0.36	0.32	0.27	0.39	0.47	0.52	0.58	0.50	0.54	0.30	0.20	-0.02	0.00	0.05	0.22	0.43	0.52	0.58	0.67	0.58	0.51	0.42	0.32	0.43	0.49	0.71	1.03	1.43	1.81	1.87	1.74	2.03	5.90	28.54	28.54
171	872.29	29.39	29.39	5.75	1.85	1.34	1.56	1.67	1.37	0.97	0.67	0.47	0.36	0.31	0.47	0.50	0.59	0.61	0.48	0.51	0.29	0.13	-0.06	0.00	-0.01	0.20	0.42	0.53	0.61	0.70	0.64	0.56	0.47	0.35	0.46	0.54	0.77	1.14	1.57	2.00	2.05	1.84	2.35	6.44	29.75	29.75
172	875.58	29.57	29.57	5.89	1.93	1.57	1.79	1.80	1.49	1.06	0.81	0.58	0.48	0.39	0.54	0.59	0.63	0.68	0.56	0.57	0.32	0.20	-0.02	0.00	0.05	0.21	0.45	0.56	0.65	0.73	0.66	0.62	0.49	0.43	0.49	0.60	0.82	1.17	1.60	2.01	2.13	1.95	2.45	6.47	29.42	29.42
173	878.86	28.27	28.27	5.26	1.56	1.29	1.56	1.62	1.28	0.92	0.64	0.43	0.32	0.28	0.41	0.49	0.57	0.62	0.52	0.51	0.35	0.18	0.01	0.00	0.08	0.22	0.41	0.51	0.59	0.66	0.60	0.48	0.36	0.29	0.32	0.46	0.67	1.00	1.45	1.80	1.90	1.76	2.21	5.98	28.70	28.70
174	882.15	27.58	27.58	5.01	1.38	1.17	1.45	1.50	1.19	0.83	0.57	0.36	0.24	0.21	0.34	0.46	0.51	0.58	0.52	0.50	0.32	0.20	0.02	0.00	0.10	0.23	0.41	0.51	0.59	0.62	0.54	0.44	0.29	0.23	0.27	0.39	0.64	0.96	1.40	1.78	1.85	1.70	2.14	5.83	28.54	28.54
175	885.43	28.24	28.24	5.19	1.55	1.28	1.55	1.60	1.29	0.91	0.63	0.43	0.30	0.28	0.39	0.49	0.54	0.61	0.51	0.51	0.34	0.20	0.02	0.00	0.08	0.23	0.42	0.53	0.61	0.64	0.56	0.48	0.35	0.27	0.32	0.42	0.69	0.99	1.46	1.80	1.90	1.73	2.09	5.97	28.74	28.74
176	888.71	29.52	29.52	5.86	1.99	1.61	1.79	1.83	1.49	1.11	0.82	0.57	0.47	0.42	0.50	0.58	0.64	0.69	0.59	0.58	0.37	0.20	-0.01	0.00	0.06	0.24	0.45	0.57	0.67	0.74	0.65	0.60	0.51	0.43	0.47	0.62	0.86	1.22	1.68	2.07	2.20	2.06	2.61	6.53	29.90	29.90
177	892.00	29.15	29.15	5.68	1.94	1.57	1.73	1.78	1.43	1.07	0.77	0.54	0.46	0.39	0.52	0.59	0.65	0.68	0.59	0.58	0.38	0.22	0.01	0.00	0.08	0.24	0.46	0.58	0.65	0.72	0.64	0.59	0.47	0.41	0.45	0.58	0.82	1.20	1.62	2.01	2.15	2.03	2.51	6.41	29.86	29.86
178	895.27	28.81	28.81	5.43	1.65	1.38	1.60	1.63	1.31	0.96	0.70	0.48	0.36	0.33	0.44	0.54	0.59	0.63	0.56	0.56	0.36	0.22	0.00	0.00	0.08	0.22	0.43	0.58	0.62	0.68	0.59	0.52	0.39	0.32	0.36	0.49	0.72	1.04	1.50	1.85	1.97	1.85	2.31	6.19	29.16	29.16
179	898.55	28.63	28.63	5.34	1.67	1.39	1.63	1.62	1.35	0.93	0.69	0.44	0.33	0.31	0.44	0.52	0.56	0.62	0.56	0.55	0.34	0.18	-0.02	0.00	0.04	0.23	0.45	0.53	0.63	0.69	0.61	0.53	0.41	0.33	0.38	0.47	0.72	1.08	1.49	1.88	1.99	1.91	2.34	6.12	29.24	29.24
180	901.83	28.38	28.38	5.32	1.57	1.31	1.58	1.54	1.32	0.89	0.65	0.41	0.33	0.32	0.44	0.50	0.58	0.66	0.56	0.55	0.33	0.22	-0.01	0.00	0.03	0.22	0.43	0.53	0.64	0.70	0.58	0.53	0.39	0.32	0.35	0.48	0.70	1.03	1.47	1.84	1.98	1.84	2.28	6.07	29.35	29.35
181	905.11	28.42	28.42	5.27	1.54	1.35	1.50	1.53	1.28	0.88	0.62	0.40	0.32	0.29	0.42	0.51	0.56	0.63	0.56	0.54	0.34	0.20	0.01	0.00	0.06	0.22	0.44	0.54	0.64	0.69	0.61	0.52	0.37	0.24	0.31	0.47	0.67	0.97	1.41	1.81	1.89	1.83	2.22	6.02	28.84	28.84
182	908.38	29.29	29.29	5.52	1.80	1.46	1.65	1.68	1.37	0.98	0.71	0.49	0.39	0.31	0.48	0.57	0.63	0.64	0.60	0.58	0.37	0.21	0.03	0.00	0.06	0.22	0.47	0.56	0.65	0.74	0.64	0.58	0.44	0.40	0.37	0.54	0.75	1.10	1.53	1.89	1.99	1.94	2.31	6.11	29.11	29.11
183	911.65	29.45	29.45	5.80	1.92	1.52	1.74	1.74	1.41	1.03	0.76	0.50	0.37	0.36	0.49	0.57	0.63	0.65	0.60	0.57	0.34	0.25	-0.01	0.00	0.03	0.22	0.43	0.56	0.61	0.71	0.61	0.55	0.44	0.34	0.39	0.52	0.74	1.10	1.54	1.93	2.03	1.99	2.41	6.31	29.70	29.70
184	914.93	27.96	27.96	5.08	1.43	1.23	1.42	1.46	1.18	0.82	0.57	0.35	0.23	0.23	0.36	0.49	0.56	0.59	0.56	0.57	0.31	0.21	0.02	0.00	0.05	0.20	0.40	0.52	0.61	0.63	0.58	0.48	0.32	0.21	0.27	0.36	0.59	0.91	1.30	1.67	1.77	1.70	2.15	5.79	28.58	28.58
185	918.20	27.40	27.40	4.86	1.23	1.03	1.31	1.34	1.09	0.73	0.51	0.27	0.19	0.14	0.31	0.43	0.51	0.56	0.51	0.51	0.30	0.19	-0.01	0.00	0.02	0.20	0.40	0.48	0.59	0.61	0.50	0.44	0.25	0.15	0.16	0.31	0.50	0.82	1.28	1.58	1.64	1.53	2.04	5.59	28.22	28.22
186	921.47	28.23	28.23	4.92	1.52	1.24	1.37	1.51	1.14	0.81	0.55	0.34	0.26	0.22	0.37	0.50	0.55	0.61	0.54	0.56	0.35	0.24	0.01	0.00	0.05	0.21	0.43	0.54	0.61	0.68	0.59	0.52	0.34	0.24	0.29	0.40	0.62	0.95	1.36	1.69	1.82	1.76	2.24	5.92	29.06	29.06
187	924.74	29.52	29.52	5.82	1.99	1.59	1.78	1.68	1.33	1.01	0.76	0.44	0.39	0.32	0.46	0.57	0.59	0.62	0.56	0.59	0.31	0.20	-0.02	0.00	0.03	0.19	0.47	0.56	0.66	0.72	0.64	0.57	0.40	0.34	0.41	0.52	0.75	1.11	1.59	1.97	2.03	2.00	2.55	6.43	29.99	29.99
188	928.00	29.69	29.69	5.90	2.10	1.49	1.71	1.69	1.43	0.96	0.76	0.54	0.41	0.28	0.50	0.57	0.66	0.63	0.59	0.59	0.30	0.24	-0.02	0.00	-0.06	0.17	0.43	0.51	0.68	0.76	0.67	0.60	0.48	0.36	0.46	0.56	0.74	1.11	1.60	1.91	2.07	2.09	2.68	6.53	30.34	30.34
189	931.27	28.39	28.39	5.52	1.57	1.44	1.54	1.47	1.32	0.84	0.55	0.40	0.32	0.18	0.46	0.50	0.51	0.61	0.51	0.51	0.34	0.18	-0.06	0.00	-0.02	0.17	0.40	0.52	0.63	0.71	0.58	0.51	0.43	0.28	0.35	0.45	0.73	0.95	1.56	1.90	1.97	2.11	2.40	6.32	29.54	29.54
190	934.53	27.77	27.77	4.93	1.39	1.14	1.24	1.32	1.06	0.70	0.46	0.24	0.17	0.11	0.32	0.43	0.53	0.61	0.55	0.56	0.32	0.19	0.06	0.00	0.05	0.18	0.47	0.56	0.61	0.62	0.56	0.46	0.30	0.19	0.20	0.37	0.52	0.90	1.26	1.66	1.74	1.71	2.01	5.73	28.66	28.66
191	937.80	27.23	27.23	4.50	1.27	1.03	1.20	1.23	0.98	0.65	0.37	0.22	0.13	0.03	0.23	0.37	0.47	0.54	0.54	0.49	0.31	0.21	0.04	0.00	0.07	0.21	0.43	0.50	0.56	0.60	0.55	0.41	0.24	0.13	0.14	0.18	0.41	0.72	1.15	1.56	1.51	1.47	1.76	5.32	28.23	28.23
192	941.06	27.14	27.14	4.64	1.29	1.07	1.12	1.26	1.00	0.57	0.41	0.14	0.11	0.11	0.29	0.40	0.48	0.53	0.50	0.54	0.31	0.21	0.04	0.00	0.08	0.24	0.45	0.56	0.65	0.65	0.55	0.42	0.31	0.15	0.12	0.26	0.45	0.77	1.15	1.54	1.56	1.49	2.03	5.66	28.36	28.36
193	944.32	27.49	27.49	4.56	1.18	1.09	1.16	1.27	1.03	0.62	0.41	0.24	0.18	0.08	0.26	0.46	0.47	0.61	0.53	0.51	0.37	0.20	0.02	0.00	0.05	0.20	0.43	0.54	0.62	0.65	0.55	0.50	0.28	0.15	0.16	0.30	0.55	0.81	1.23	1.66	1.67	1.70	2.18	5.85	28.48	28.48
194	947.58	27.58	27.58	4.67	1.35	1.11	1.16	1.29	1.01	0.68	0.45	0.20	0.16	0.10	0.28	0.42	0.48	0.60	0.56	0.54	0.40	0.21	0.04	0.00	0.07	0.23	0.46	0.58	0.61	0.70	0.53	0.47	0.27	0.15	0.17	0.31	0.43	0.83	1.19	1.58	1.63	1.59	2.10	5.72	28.67	28.67
195	950.83	27.82	27.82	4.53	1.37	0.92	1.10	1.18	0.96	0.58	0.41	0.18	0.01	0.02	0.23	0.38	0.47	0.52	0.49	0.50	0.28	0.14	-0.04	0.00	0.01	0.16	0.38	0.51	0.48	0.59	0.46	0.36	0.20	0.12	0.06	0.19	0.40	0.71	1.24	1.48	1.48	1.60	2.06	5.62	28.81	28.81
196	954.09	28.44	28.44	4.61	1.34	0.95	1.17	1.27	0.95	0.57	0.36	0.12	0.05	0.01	0.24	0.32	0.44	0.49	0.46	0.50	0.27	0.17	-0.07	0.00	0.02	0.11	0.34	0.46	0.55	0.59	0.52	0.42	0.22	0.08	0.12	0.22	0.47	0.83	1.27	1.64	1.65	1.83	2.23	5.83	28.20	28.20
197	957.34	29.24	29.24	4.98	1.43	1.23	1.28	1.26	1.00	0.64	0.44	0.15	0.10	-0.02	0.26	0.27	0.28	0.46	0.45	0.50	0.26	0.16	-0.13	0.00	-0.11	0.11	0.22	0.41	0.55	0.50	0.39	0.41	0.23	0.12	0.11	0.32	0.44	0.87	1.15	1.69	1.65	1.77	2.02	6.00	29.92	29.92
198	960.60	29.27	29.27	5.47	1.83	1.33	1.23	1.34	1.15	0.81	0.55	0.32	0.29	0.26	0.46	0.43	0.59	0.63	0.60	0.67	0.40	0.28	0.09	0.00	0.11	0.24	0.54	0.65	0.64	0.75	0.67	0.57	0.40	0.26	0.23	0.47	0.60	0.89	1.34	1.74	1.90	1.84	2.51	6.08	29.43	29.43
199	963.85	28.51	28.51	4.50	1.48	1.11	1.22	1.34	0.97	0.82	0.43	0.32	0.15	0.00	0.19	0.51	0.56	0.63	0.50	0.51	0.22	0.17	0.04	0.00	0.12	0.28	0.48	0.61	0.64	0.83	0.55	0.58	0.41	0.34	0.37	0.42	0.58	0.94	1.47	1.68	1.52	1.82	2.48	5.77	29.25	29.25
200	967.10	28.58	28.58	4.73	1.37	1.06	1.18	1.13	0.99	0.61	0.54	0.12	-0.02	-0.02	0.20	0.30	0.39	0.53	0.57	0.52	0.29	0.23	-0.02	0.00	0.09	0.11	0.38	0.54	0.60	0.56	0.52	0.32	0.21	0.07	0.16	0.20	0.28	0.74	1.00	1.54	1.52	1.60	1.82	5.62	28.53	28.53
201	970.35	26.82	26.82	4.49	1.35	0.91	1.06	1.15	0.93	0.58	0.21	0.03	-0.05	-0.03	0.13	0.22	0.36	0.45	0.41	0.49	0.29	0.12	-0.05	0.00	-0.05	0.13	0.39	0.58	0.49	0.52	0.56	0.35	0.15	0.04	0.02	0.19	0.39	0.75	1.12	1.63	1.55	1.45	2.25	5.89	28.33	28.33
202	973.59	26.69	26.69	4.63	0.94	0.75	1.00	1.05	0.79	0.51	0.20	0.05	0.04	-0.04	0.18	0.24	0.43	0.44	0.55	0.50	0.32	0.18	-0.01	0.00	-0.03	0.10	0.42	0.52	0.50	0.59	0.47	0.35	0.13	-0.01	-0.04	0.11	0.30	0.67	1.14	1.38	1.47	1.28	1.74	5.19	28.53	28.53
203	976.84	26.48	26.48	3.96	0.98	0.55	0.74	0.84	0.81	0.36	0.22	0.00	-0.15	-0.11	0.05	0.29	0.40	0.51	0.44	0.51	0.29	0.13	-0.02	0.00	0.05	0.17	0.42	0.51	0.50	0.49	0.40	0.30	0.09	-0.07	-0.15	0.03	0.28	0.53	0.96	1.15	1.15	1.17	1.87	5.25	27.58	27.58
204	980.08	26.58	26.58	3.88	0.77	0.56	0.84	0.92	0.65	0.40	0.19	-0.08	-0.11	-0.17	0.09	0.25	0.34	0.47	0.48	0.50	0.28	0.14	0.08	0.00	0.03	0.15	0.39	0.51	0.55	0.52	0.41	0.26	0.07	-0.08	-0.08	0.04	0.21	0.60	0.95	1.31	1.25	1.18	1.67	4.97	27.49	27.49
205	983.32	27.38	27.38	4.52	1.02	0.66	0.98	1.00	0.91	0.42	0.29	0.01	-0.04	-0.07	0.19	0.27	0.35	0.52	0.43	0.49	0.25	0.16	-0.08	0.00	-0.10	0.08	0.33	0.44	0.48	0.52	0.45	0.30	0.20	-0.04	-0.04	0.06	0.30	0.56	0.91	1.27	1.45	1.32	1.95	5.61	28.87	28.87
206	986.56	27.29	27.29	4.94	1.39	0.99	1.06	1.16	0.89	0.58	0.44	0.06	0.09	0.04	0.32	0.40	0.44	0.50	0.50	0.56	0.44	0.28	0.06	0.00	0.05	0.10	0.42	0.55	0.64	0.66	0.54	0.46	0.18	0.16	0.08	0.30	0.46	0.71	1.17	1.45	1.72	1.41	2.16	5.91	29.28	29.28
207	989.80	26.75	26.75	4.03	0.94	0.63	0.92	0.79	0.69	0.31	0.05	-0.15	-0.22	-0.22	-0.03	0.22	0.32	0.46	0.33	0.34	0.22	0.06	-0.07	0.00	-0.05	0.07	0.32	0.44	0.40	0.50	0.29	0.19	-0.06	-0.11	-0.09	-0.03	0.17	0.57	0.87	1.13	1.23	0.98	1.48	5.19	26.99	26.99
208	993.04	26.96	26.96	3.48	0.74	0.21	0.84	0.63	0.52	0.33	0.04	-0.16	-0.27	-0.23	-0.01	0.11	0.30	0.28	0.44	0.44	0.22	0.13	-0.08	0.00	-0.02	0.16	0.40	0.42	0.45	0.45	0.37	0.21	-0.09	-0.18	-0.19	-0.02	0.13	0.41	0.73	1.12	1.16	0.94	1.67	4.27	26.24	26.24
209	996.28	26.29	26.29	3.73	0.46	0.33	0.56	0.60	0.70	0.24	0.08	-0.02	-0.21	-0.30	0.00	0.07	0.28	0.43	0.44	0.48	0.20	0.25	0.06	0.00	-0.04	0.13	0.42	0.48	0.56	0.53	0.46	0.19	0.07	-0.16	-0.05	-0.03	0.17	0.55	0.87	1.25	1.22	1.14	1.81	5.28	28.44	28.44
210	999.51	25.67	25.67	4.19	1.08	0.19	0.46	0.88	0.47	-0.00	0.05	-0.19	-0.21	-0.27	0.02	0.13	0.25	0.31	0.35	0.35	0.32	0.05	-0.08	0.00	-0.09	0.06	0.32	0.40	0.52	0.43	0.27	0.31	0.04	-0.05	-0.17	-0.06	0.38	0.44	1.17	1.09	1.49	1.11	1.57	5.61	27.94	27.94
211	1002.74	26.49	26.49	4.46	0.61	1.31	0.80	0.88	0.67	0.46	0.04	-0.19	-0.17	-0.20	-0.06	0.02	0.41	0.36	0.48	0.23	0.06	0.00	-0.06	0.00	-0.02	0.07	0.30	0.41	0.30	0.58	0.37	0.38	0.11	0.02	-0.11	0.27	0.34	0.96	0.94	1.54	1.41	1.35	2.22	4.83	27.05	27.05
212	1005.98	26.71	26.71	3.86	1.00	0.78	0.98	0.72	0.77	0.37	0.01	-0.22	-0.06	-0.17	-0.10	0.29	0.28	0.21	0.58	0.34	0.14	0.18	-0.14	0.00	-0.12	-0.02	0.36	0.56	0.43	0.47	0.37	0.37	0.06	-0.11	-0.10	0.07	0.20	0.60	1.07	1.56	1.06	0.86	1.30	5.66	29.63	29.63
213	1009.21	22.99	22.99	2.69	-0.18	-0.93	0.35	0.51	0.38	-0.10	-0.15	-0.47	-0.57	-0.75	-0.46	-0.08	-0.10	0.01	0.01	0.11	-0.18	-0.30	-0.34	0.00	-0.29	-0.18	0.07	0.01	0.14	0.31	0.07	-0.28	-0.26	-0.40	-0.79	-0.14	-0.11	0.05	0.57	0.29	0.64	0.16	0.83	3.34	29.91	29.91
214	1012.43	24.36	24.36	3.03	0.07	-0.50	0.02	-0.14	0.36	-0.31	-0.32	-0.30	-0.66	-0.59	-0.28	-0.28	-0.01	0.34	0.13	0.28	0.23	0.00	-0.16	0.00	-0.16	-0.13	0.20	0.20	0.54	0.02	0.35	0.08	-0.35	-0.75	-0.52	-0.05	-0.17	0.15	0.48	0.55	0.68	0.54	0.88	2.68	24.88	24.88
215	1015.66	20.31	20.31	2.38	-0.77	0.12	0.05	0.26	0.01	-0.10	-0.16	-0.09	-0.17	-0.18	0.08	0.15	0.24	0.46	0.37	0.40	0.26	0.38	0.16	0.00	-0.07	0.03	0.69	0.44	0.30	0.38	0.39	0.06	-0.03	-0.44	-0.44	-0.35	-0.06	0.08	0.50	0.74	0.93	0.46	1.60	3.85	24.97	24.97
216	1018.88	20.79	20.79	3.45	-0.97	0.29	-0.03	0.30	0.51	-0.03	-0.09	-0.28	-0.47	-0.75	-0.28	0.14	0.68	0.23	0.31	0.61	0.28	0.01	-0.04	0.00	-0.01	0.33	0.62	0.76	0.06	0.27	0.19	0.11	0.18	-0.27	-0.60	0.03	0.37	1.23	0.86	0.44	0.94	1.24	1.13	3.99	27.52	27.52
217	1022.11	28.96	28.96	4.73	1.67	0.02	0.07	0.18	0.92	-0.40	-0.13	-0.33	-0.75	-0.80	-0.88	-0.35	-0.30	-0.31	0.30	0.54	0.25	0.50	-0.11	0.00	-0.28	-0.12	0.17	0.05	0.94	0.55	0.25	0.20	-0.14	0.31	0.03	0.01	0.22	0.60	1.27	1.10	0.83	0.98	0.51	6.15	27.49	27.49
218	1025.33	21.81	21.81	6.71	-0.13	-0.30	-0.89	-0.01	0.08	-0.35	-0.89	-1.02	-0.87	-1.51	-0.73	-0.71	-0.85	-0.50	-0.84	-0.12	0.21	-0.66	-0.69	0.00	-0.87	-0.08	-0.29	0.22	-0.22	-0.35	0.38	-0.34	-0.47	-1.32	-0.75	-0.54	-0.46	-0.52	0.03	0.64	0.60	0.54	1.45	7.31	28.90	28.90
219	1028.55	18.30	18.30	2.60	-0.00	1.16	1.19	0.12	0.07	-0.83	-0.37	-0.08	-0.82	-0.21	0.04	-1.11	0.29	-0.11	-0.33	0.25	-0.23	-0.86	-0.75	0.00	-1.14	0.24	-0.17	0.07	0.38	0.99	-0.32	0.38	-0.26	-0.97	-0.47	0.67	0.33	-0.23	0.85	1.61	1.51	0.13	2.13	4.38	32.72	32.72
220	1031.77	35.87	35.87	1.98	0.46	2.14	0.32	1.36	1.79	-1.42	0.56	0.76	-1.19	0.37	-0.30	0.08	0.40	-0.86	-0.02	0.54	0.38	0.43	0.68	0.00	0.51	0.27	0.24	0.31	0.36	1.23	1.44	0.33	0.27	0.40	1.21	0.55	-0.07	2.15	3.36	1.61	3.60	2.00	1.64	6.05	18.98	18.98
221	1034.98	30.24	30.24	8.28	5.59	1.60	2.32	2.02	1.56	3.24	1.04	0.53	-0.21	-0.84	-0.04	0.07	0.65	-0.18	1.21	0.83	0.02	1.52	1.73	0.00	1.90	0.52	0.60	0.69	0.88	2.26	1.02	0.28	-0.49	-0.72	0.14	0.18	-0.05	0.83	3.16	4.73	-1.17	2.22	4.44	14.38	29.77	29.77
222	1038.20	35.06	35.06	4.84	-4.02	-2.62	1.01	-1.12	1.67	-1.52	2.23	-1.56	-1.68	-1.29	-0.71	-1.38	-1.33	-1.21	-2.41	0.59	-0.87	-1.06	-1.65	0.00	-2.97	-1.07	-1.66	-1.04	-1.86	-1.43	0.34	-0.16	0.28	-0.23	-1.77	-1.74	-1.09	-0.90	0.09	-1.24	4.22	2.22	-3.87	3.52	35.08	35.08
223	1041.41	28.33	28.33	12.56	2.98	2.73	1.60	1.04	0.94	0.12	0.11	2.27	1.68	0.18	3.20	0.71	1.60	2.65	1.56	1.89	0.71	1.53	0.55	0.00	-0.66	0.35	2.07	0.03	2.56	1.13	1.80	2.36	2.41	2.93	0.80	2.03	1.01	3.76	3.49	0.84	3.75	1.92	4.45	4.57	38.70	38.70
224	1044.62	44.45	44.45	3.58	3.62	1.31	3.99	5.28	3.17	4.66	-0.04	-2.59	2.21	-0.47	0.95	0.50	1.37	2.80	-0.88	-1.92	0.21	-1.24	0.28	0.00	0.12	0.55	1.51	-0.03	0.57	-1.00	3.63	-1.64	0.09	-0.93	0.14	1.88	-1.67	3.27	2.76	6.36	-4.29	1.75	7.47	5.59	36.46	36.46
225	1047.83	65.00	65.00	18.45	3.75	7.88	3.77	0.01	4.21	2.30	3.35	2.84	-2.16	0.15	1.75	2.32	0.20	-0.51	0.74	0.65	-1.65	2.59	0.79	0.00	-0.58	-1.59	-0.57	-0.16	-1.71	-0.71	-0.11	1.40	-1.99	1.50	1.09	0.18	1.11	0.81	0.12	5.05	0.09	7.33	-0.66	14.93	46.22	46.22
226	1051.04	32.50	32.50	25.93	8.10	1.35	7.89	-1.18	3.46	2.03	2.11	5.24	2.68	1.36	1.40	-1.04	1.48	1.00	1.83	1.38	-0.69	2.65	-0.71	0.00	-0.88	-1.03	1.77	2.30	1.97	0.62	3.55	2.89	0.17	-0.00	0.90	0.64	-2.65	2.51	7.49	-0.29	4.19	2.94	-1.10	9.52	68.53	68.53
227	1054.24	42.56	42.56	15.09	4.74	4.18	6.08	-4.12	1.57	0.31	1.95	1.28	4.13	1.24	4.44	-0.13	-0.35	1.34	1.64	0.19	3.20	-1.97	-0.15	0.00	0.94	-3.95	0.25	-0.83	2.31	-1.60	-0.29	1.40	4.29	1.28	4.05	-0.07	2.82	4.84	6.95	2.28	16.09	10.95	3.00	5.41	28.25	28.25
228	1057.44	58.70	58.70	28.64	12.64	3.11	4.91	-4.07	-4.69	0.79	3.91	-2.94	1.90	-0.39	1.61	-0.36	1.65	-1.30	-2.89	1.28	-0.60	-0.52	1.82	0.00	-2.71	-0.91	0.39	3.57	-3.25	0.53	0.74	3.24	0.70	-2.80	1.75	2.99	-2.19	-0.18	2.60	-3.37	-6.63	1.34	1.47	6.64	22.92	22.92
229	1060.65	21.60	21.60	-6.00	-13.70	4.31	3.96	-4.71	-0.60	-0.19	-6.30	-7.93	-2.62	-1.28	-2.21	-5.52	-3.99	-4.02	-5.16	0.92	-2.26	-6.13	-4.19	0.00	-8.40	-4.96	-4.24	-5.04	-6.55	-3.36	-3.12	-1.46	0.38	0.06	-4.34	3.29	-4.06	9.24	9.21	-9.02	0.82	12.99	4.47	24.23	26.92	26.92
230	1063.85	121.93	121.93	25.94	-10.47	2.60	10.97	26.67	3.01	11.44	19.90	7.06	6.16	-3.11	6.54	1.43	-8.58	7.92	4.96	9.86	0.84	9.00	6.70	0.00	6.12	3.57	10.91	3.09	4.92	2.03	-1.02	3.98	-4.95	-6.24	11.62	-3.53	10.27	-11.21	-1.58	-5.41	-6.42	14.77	-6.33	24.56	88.69	88.69
231	1067.04	-43.73	-43.73	34.06	13.51	-15.87	-0.16	-0.23	2.29	-9.81	-1.76	2.48	9.58	8.96	5.81	1.56	5.93	4.15	0.56	16.64	8.64	3.77	6.63	0.00	-2.26	8.23	13.13	-2.15	8.81	7.88	13.26	1.07	0.77	10.34	1.46	0.00	3.59	2.82	20.35	15.30	15.92	9.51	-25.23	21.08	21.43	21.43
232	1070.24	76.78	76.78	37.01	-2.87	24.74	12.93	-20.43	9.96	5.25	2.80	3.30	10.99	4.06	24.60	2.34	6.19	17.93	6.19	-5.80	1.22	10.08	7.24	0.00	-1.19	11.64	10.59	23.36	8.60	6.70	4.27	11.47	21.35	5.56	13.94	22.10	0.58	2.27	18.47	-13.46	5.14	11.94	6.97	-17.02	140.24	140.24
233	1073.43	49.60	49.60	15.93	19.79	11.25	19.59	14.51	-8.85	0.64	-1.45	7.94	-13.60	-1.00	5.00	12.30	6.78	7.69	-3.96	-1.28	2.65	12.72	-2.85	0.00	-3.75	2.64	5.63	2.32	-17.41	-1.17	14.18	0.69	18.24	2.13	14.66	20.83	9.26	17.83	24.01	5.29	-28.84	31.64	-4.29	20.52	66.39	66.39
234	1076.63	145.77	145.77	31.58	60.92	-15.82	-2.71	18.18	21.51	8.27	14.81	13.60	-18.22	-13.92	-8.16	-14.77	6.23	-20.06	7.29	12.69	-2.76	16.18	14.43	0.00	12.88	18.69	15.03	9.97	-10.44	-9.53	15.67	1.04	3.94	16.05	4.44	14.83	-10.38	23.93	8.90	24.36	-17.17	-10.23	-49.96	52.37	142.44	142.44
235	1079.82	113.19	113.19	22.05	76.30	42.82	16.61	-31.86	-14.60	-1.61	-8.98	-28.14	-6.65	-13.54	-13.90	-34.23	-0.67	-16.76	-16.03	6.19	-11.96	-11.55	-11.39	0.00	-23.45	-8.49	-16.16	-14.67	-22.38	-0.49	-10.93	-14.60	-3.42	-16.99	-10.07	-17.81	1.36	-45.90	12.50	15.58	14.42	-38.27	-7.68	12.82	383.81	383.81
236	1083.01	-44.00	-44.00	-60.25	-85.28	57.73	-27.48	27.95	41.95	-49.11	21.47	8.47	34.80	2.17	2.04	-2.29	-28.08	2.05	-33.65	-1.70	-17.68	0.50	8.75	0.00	-23.20	-15.38	5.03	-23.93	6.49	-6.42	-38.88	22.36	19.60	-11.43	13.20	10.74	41.26	-5.59	-18.47	-12.39	43.20	78.39	74.31	76.91	25.42	25.42
237	1086.19	-880.42	-880.42	-223.95	64.08	121.89	31.94	14.44	-42.96	109.79	-0.78	-9.68	-3.36	-10.85	73.00	-17.78	48.21	-4.49	36.19	54.04	1.68	49.28	18.82	0.00	50.08	-28.16	25.95	45.10	-16.30	69.54	1.09	27.82	24.45	-4.97	95.34	39.29	120.17	214.40	54.48	81.24	727.06	259.33	-846.39	-4253.41	815.91	815.91
238	1089.38	597.49	597.49	771.84	-469.57	-317.68	-584.44	-763.48	-3087.80	649.46	347.66	16.39	3.29	238.88	263.76	210.93	-1476.32	-699.66	-175.96	-30.90	-115.65	-4.24	-95.82	0.00	-43.66	-7.29	-97.00	-69.40	-60.34	-193.71	606.42	-504.53	129.36	4.23	8.15	99.82	60.02	95.24	-18.92	41.90	-72.04	60.98	-368.12	-319.64	-537.39	-537.39
239	1092.56	449786.62	449786.62	1281.84	-526.72	-3355.77	457.40	-196.66	414.53	6.17	4.06	73.78	236.76	118.88	-23.05	21.91	-17.00	50.83	19.53	-111.90	16.14	15.55	-66.52	0.00	-8.71	15.91	11.44	-37.04	45.91	-16.13	49.88	4.83	26.74	11.88	-57.31	2.27	-19.57	-93.76	-52.14	47.10	27.34	-91.81	-5.76	-99.49	425.31	425.31
240	1095.74	-24502.32	-24502.32	19662.42	117.64	2388.00	1081.72	38.63	1290.70	381.88	-7.92	-331.78	339.44	-140.02	272.70	112.79	182.48	110.50	35.01	-212.16	69.37	-24.36	-225.14	0.00	189.71	70.43	-122.57	127.45	178.11	63.27	-77.09	-0.53	-25.69	1.00	-22.84	22.55	-20.25	19.98	-25.53	-23.32	368.19	-41.22	-160.30	204.89	-130.61	-130.61
241	1098.92	571.37	571.37	210.95	-499.29	-189.09	-3942.32	-159.36	572.45	35.57	-115.88	246.17	40.53	130.50	-181.29	12.05	133.85	-1251.35	-2047.69	-767.85	-195.23	-270.52	-304.69	0.00	-129.48	-80.83	-652.59	1449.87	-655.06	139.80	78.17	103.08	166.80	172.37	83.64	42.35	-154.50	23.81	157.77	-29.54	-427.99	292.15	-93.84	-13.91	1775.06	1775.06
242	1102.10	-144575.91	-144575.91	-5137.99	-569.16	102.03	-453.94	11.78	-57.53	64.07	-124.37	11.20	102.55	229.26	270.30	42.81	-172.28	-1176.15	-115.48	-554.96	-100.60	-152.37	-38.36	0.00	-319.20	-211.15	-101.52	1162.10	-82.06	-110.77	327.18	39.24	-81.31	-49.97	6.38	-253.71	-85.26	-623.80	-359.37	-503.94	-723.12	-475.19	2654.82	-11761.57	-4737.76	-4737.76
243	1105.27	-320.97	-320.97	774.63	502.53	108.09	-129.36	77.11	-1.57	-260.88	-219.82	101.03	-80.95	-30.00	-122.79	7.35	-139.09	-49.51	-71.79	-93.20	38.04	55.42	-101.97	0.00	-49.10	-416.31	74.70	774.22	-88.22	-187.89	-160.63	-359.06	-228.54	-163.15	159.98	65.27	35.68	2.28	6.99	-373.26	454.18	1028.35	3480.52	-2306.39	25443.21	25443.21
244	1108.45	-7593.27	-7593.27	25459.92	8148.59	2192.84	1037.05	1089.04	1766.79	-6505.42	-208.48	-261.30	-164.61	-167.36	224.44	-221.50	-286.47	-231.73	-89.40	-46.02	-125.73	-102.22	-157.65	0.00	-198.32	-82.56	-60.22	-212.44	-29.13	-99.83	578.49	-481.05	-23.89	6.99	-265.81	-206.14	-205.60	-7703.74	62.97	193.94	64.92	-453.10	299.96	-218.75	1504.85	1504.85
245	1111.62	-1365.15	-1365.15	448.37	-1015.74	712.02	-8173.21	-215.89	273.97	-135.48	-345.79	-42.02	-38.39	-51.01	-100.99	-122.00	-123.75	38.93	-162.19	48.48	-255.97	-340.47	-64.21	0.00	94.26	17.39	-727.12	-96.58	168.31	403.00	456.92	-1104.36	494.76	-657.80	42.78	92.70	-116.98	-310.92	143.10	-61.23	-1208.66	1008.68	-3641.34	-1068.01	-1033.11	-1033.11
246	1114.78	330.72	330.72	-585.62	-141.38	-57.54	-174.20	-205.69	96.73	55.87	4.99	-102.07	-133.43	-169.04	-61.85	-278.78	-184.00	-192.01	-161.10	-152.02	-185.26	62.72	-98.78	0.00	-112.41	-74.78	-161.81	-69.66	120.25	-24.99	275.66	-109.36	-584.85	194.31	43.31	18.97	-15.11	-30.62	-25.05	11.08	53.28	-211.20	68.75	324.27	-282.56	-282.56
247	1117.95	-2285.62	-2285.62	3351.46	1722.25	9168.69	-1708.14	2721.56	20.42	5366.51	-393.39	958.67	-629.68	-1118.81	-84.75	-875.25	-516.49	-552.53	391.75	71.30	-665.93	-171.16	-511.66	0.00	-313.54	-51.90	-183.40	-321.33	-389.78	206.71	-460.48	1428.09	-77.63	-256.39	238.64	526.36	172.08	-67.81	43.49	-38.68	129.98	1034.49	-386.22	4233.34	-12616.94	-12616.94
248	1121.12	1352.65	1352.65	1307.24	972.98	217.65	685.97	-290.21	-127.68	318.61	93.54	-279.68	137.72	15.51	-171.43	-93.71	420.08	-48.17	54.53	130.34	295.23	-236.16	-385.27	0.00	933.15	523.91	10677.04	2997.21	-1996.50	-2043.50	-618.02	-2246.47	802.52	-4651.70	-742.95	-77.30	-961.00	-953.73	-603.30	-1292.22	-354.30	-150.87	-1226.15	-511.81	-2136.17	-2136.17
249	1124.28	5912.18	5912.18	1414.49	-279.95	-5883.58	7036.11	1665.09	1086.39	905.90	4187.29	1392.51	-1393.16	-100.37	1669466.19	18.53	952.03	600.38	-1189.80	-3.88	-136.36	-406.58	-238.91	0.00	-38.61	-531.07	19196.84	-531.33	175.51	-148.33	-192.66	-58.62	1.71	-125.88	166.33	-109.37	-0.55	-128.84	122.78	-68.77	-127.34	352.31	-804.66	1239.79	-602.44	-602.44
250	1127.44	1312.87	1312.87	-132.94	-152.65	-402.11	82.11	390.96	-75.06	300.77	49.82	272.04	34.15	-87.90	155.41	-182.98	136.86	-120.28	145.04	-33.83	29.49	-37.37	-85.23	0.00	7.36	-56.80	107.76	-149.47	263.03	236.35	618.24	1289.78	-249.64	-437.92	-319.37	-112.92	55.07	-66.58	28.60	-217.25	103.15	112.93	-100.69	-309.82	-479.43	-479.43
251	1130.60	5403.30	5403.30	-30293.10	1638.11	-156.55	-22.66	-261.11	82.54	114.28	-63.57	-163.77	-102.82	179.84	207.42	-105.32	-179.78	227.46	-64.39	319.40	341.60	209.93	76.09	0.00	198.92	326.74	39.69	-40.69	277.21	1664.31	-7786.36	-1204.15	-518.46	-351.15	144.76	-549.66	-172.65	-192.49	4.99	217.13	-163.04	18.77	114.51	260.65	-700.00	-700.00
252	1133.76	2074.47	2074.47	8.07	-255.47	164.97	261.64	485.86	283.28	45.06	-33.52	-109.94	603.70	168.04	56.91	-2360.15	-193.30	-721.13	-581.52	-70.70	-75.17	92.57	-185.88	0.00	115.24	-31.86	-42.85	115.64	-94.76	14.66	-2.08	134.98	145.04	-180.64	-124.75	-231.49	-344.51	238.61	26.88	-574.92	135.61	-1657.88	112.83	-693.20	10366.71	10366.71
253	1136.91	221.32	221.32	292.60	115.47	-121.49	-78.00	-39.38	-81.24	-48.97	-57.32	-56.35	-72.22	51.05	-107.29	-148.93	-32.99	-240.22	-88.09	-41.76	-220.45	-160.44	-277.04	0.00	-1068.07	580.17	163.64	265.66	-125.95	22.35	205.21	-11.97	80.42	51.78	25.72	64.40	-60.52	87.94	72.17	194.01	15.40	211.62	127.42	539.96	-1119.20	-1119.20
254	1140.06	67851.17	67851.17	1873.12	-572.17	89.56	40.60	135.28	-99.02	327.48	159.81	51.22	-264.13	241.32	97.75	-170.72	-435.98	518.03	447.12	2476.06	-12685.69	-3028.74	-319.29	0.00	242.30	514.16	161.00	17.18	-70.96	32.46	20.72	36.04	-50.40	-15.47	-81.91	-163.97	-9.54	38.46	-31.02	-201.95	-14.91	425.87	151.15	271.98	-4051.00	-4051.00
255	1143.21	204.57	204.57	206.29	138.48	125.02	-0.52	-13.06	54.58	-14.81	0.30	18.07	41.10	24.16	19.17	14.80	7.35	-0.12	3.45	-34.17	16.36	-3.83	-6.70	0.00	3.98	18.13	9.35	10.27	21.34	22.94	-5.04	11.18	13.00	-20.36	24.47	9.88	44.47	78.06	33.62	112.56	167.05	53.21	274.78	449.26	753.77	753.77
[END_OF_COSERROR]

[COLUMN_NAMES]
px	wl\angle	-90.00	-85.00	-80.00	-75.00	-70.00	-65.00	-60.00	-55.00	-50.00	-45.00	-40.00	-35.00	-30.00	-25.00	-20.00	-17.50	-15.00	-12.50	-10.00	-7.50	-5.00	-2.50	0.00	2.50	5.00	7.50	10.00	12.50	15.00	17.50	20.00	25.00	30.00	35.00	40.00	45.00	50.00	55.00	60.00	65.00	70.00	75.00	80.00	85.00	90.00

[UNCERTAINTY]
0	303.26	0.00	0.00	0.00	0.00	0.00	0.00	0.00	0.00	0.00	0.00	0.00	0.00	0.00	0.00	0.00	0.00	0.00	0.00	0.00	0.00	0.00	0.00	0.00	0.00	0.00	0.00	0.00	0.00	0.00	0.00	0.00	0.00	0.00	0.00	0.00	0.00	0.00	0.00	0.00	0.00	0.00	0.00	0.00	0.00	0.00
1	306.57	31.15	31.15	16.10	14.96	9.21	8.46	6.72	6.61	5.98	5.91	5.32	5.42	5.25	5.58	5.30	5.47	5.48	6.09	5.93	5.14	5.10	5.88	0.04	5.53	5.36	5.29	4.59	4.86	5.12	5.39	5.42	6.09	6.99	6.77	4.64	6.37	5.72	6.41	7.99	6.17	9.53	10.21	17.33	29.10	29.10
2	309.88	23.28	23.28	12.62	8.52	6.42	4.55	3.31	3.56	4.38	4.22	3.07	3.46	3.09	3.27	2.64	3.35	2.44	3.52	2.80	2.96	2.29	2.94	0.02	2.40	2.76	2.70	3.37	2.64	3.33	2.91	3.50	2.51	2.60	2.56	3.36	3.62	4.84	4.04	5.07	5.58	6.31	7.42	10.56	18.71	18.71
3	313.20	18.90	18.90	6.66	5.92	3.01	4.02	2.64	2.33	2.24	2.07	1.91	3.12	2.60	1.67	2.52	2.08	1.84	1.68	2.44	1.96	2.51	1.19	0.01	2.08	1.79	2.01	2.55	2.36	2.21	2.26	2.00	2.04	2.24	2.37	2.56	2.60	3.08	2.06	2.99	2.53	4.86	4.84	8.30	15.79	15.79
4	316.51	14.72	14.72	5.88	3.87	2.82	2.67	2.96	2.17	2.52	2.49	2.20	2.32	1.85	2.14	1.78	1.49	1.94	1.71	1.93	1.54	1.43	1.84	0.01	1.79	1.85	1.59	1.90	1.44	1.26	1.90	1.72	1.80	1.76	1.48	2.70	3.27	2.18	2.22	2.30	2.75	3.01	5.69	7.73	13.92	13.92
5	319.82	5.98	5.98	7.83	3.37	1.86	2.73	2.98	2.14	2.06	2.31	1.50	1.54	1.88	1.24	1.32	1.55	1.26	1.61	1.39	1.39	1.72	1.19	0.01	1.46	1.47	1.40	1.72	1.62	1.15	1.05	1.37	1.75	1.74	2.20	1.65	1.94	2.03	1.94	2.36	2.94	3.50	2.20	6.61	7.31	7.31
6	323.14	14.26	14.26	6.03	4.06	3.52	1.89	2.67	1.51	1.32	2.11	1.63	1.12	2.01	1.54	1.23	1.64	1.78	1.63	1.65	1.53	1.91	1.65	0.01	1.53	1.39	1.29	1.63	1.02	1.34	1.41	1.69	1.29	1.70	1.91	1.61	1.90	2.01	1.48	2.32	2.22	2.74	3.20	4.27	8.75	8.75
7	326.45	8.67	8.67	4.79	2.83	3.07	1.35	2.06	1.82	1.52	1.91	1.50	1.32	1.93	1.21	1.53	1.18	1.64	1.22	1.50	1.49	1.50	1.47	0.01	1.07	1.49	1.18	1.27	0.96	1.07	1.49	1.53	1.57	1.92	1.91	1.82	1.24	1.57	1.20	1.72	1.56	2.52	2.62	6.59	9.16	9.16
8	329.77	8.55	8.55	3.59	3.33	1.60	2.03	2.31	1.32	1.51	1.75	0.85	1.15	1.59	1.05	1.28	0.95	0.98	0.97	1.39	1.22	1.10	1.12	0.00	0.93	0.80	1.02	0.90	1.12	1.04	0.66	1.09	0.98	1.68	1.27	1.43	1.02	1.32	1.71	2.09	1.60	2.01	1.62	5.12	9.80	9.80
9	333.09	7.38	7.38	3.15	2.13	1.98	1.92	1.74	1.01	1.44	1.74	1.46	0.97	1.52	1.18	1.30	1.40	1.47	1.26	1.57	0.98	1.38	0.82	0.01	0.95	1.04	1.25	1.04	1.10	1.07	1.24	1.48	1.15	1.33	1.53	1.57	1.46	1.25	1.69	1.77	1.47	1.74	2.17	3.33	4.81	4.81
10	336.40	5.29	5.29	2.77	2.79	2.24	1.68	1.29	0.94	1.25	1.55	0.92	0.92	1.31	0.84	1.29	1.16	0.93	1.24	1.48	0.79	1.40	0.83	0.00	0.80	0.90	0.94	0.82	0.84	0.94	0.93	0.96	1.35	1.01	1.11	1.08	1.10	0.84	0.99	1.27	1.67	1.50	3.48	3.07	5.84	5.84
11	339.72	4.81	4.81	2.97	2.34	1.64	1.57	1.06	1.38	1.09	1.56	1.16	0.71	1.23	1.01	1.06	0.90	1.09	1.00	1.30	0.98	1.46	0.66	0.00	0.74	0.94	1.09	0.82	0.94	0.96	0.85	1.27	1.15	1.43	1.22	0.90	1.20	0.88	1.22	1.70	0.84	1.32	1.82	3.50	3.60	3.60
12	343.04	5.42	5.42	1.68	2.13	1.88	1.53	1.54	0.81	1.03	1.63	0.84	0.81	1.45	1.03	1.18	0.98	1.32	0.89	1.24	0.85	1.30	0.87	0.00	0.77	0.99	1.23	0.87	0.77	0.87	1.06	1.00	0.96	1.33	0.88	1.01	1.21	0.95	1.01	1.35	1.54	1.50	1.65	2.12	6.99	6.99
13	346.36	4.51	4.51	1.70	1.95	1.69	1.67	1.08	1.13	1.17	1.37	0.98	0.82	1.40	1.01	1.23	1.08	1.24	1.09	1.39	0.96	1.27	0.89	0.01	0.83	1.01	1.15	0.92	1.03	1.02	1.04	1.18	1.13	1.28	0.97	1.10	1.29	0.95	0.93	1.56	1.66	1.35	2.09	1.60	3.98	3.98
14	349.68	4.43	4.43	2.72	1.47	1.71	1.31	1.00	1.09	1.02	1.28	0.87	0.95	1.17	0.82	0.95	0.99	1.02	0.96	1.31	0.96	1.12	0.80	0.00	0.68	0.91	1.01	0.79	0.93	0.84	0.91	0.99	1.05	1.10	1.07	1.06	0.98	0.99	1.19	1.18	1.13	0.96	1.26	2.25	3.73	3.73
15	353.00	3.98	3.98	2.09	2.15	1.53	1.71	1.18	0.83	1.12	1.39	0.77	0.76	1.33	0.87	1.01	0.89	0.98	0.98	1.31	0.83	1.23	0.69	0.00	0.63	0.97	0.99	0.96	0.90	0.87	1.03	0.98	0.99	1.17	1.09	1.04	1.10	0.73	1.09	1.50	1.09	0.94	1.41	2.05	4.86	4.86
16	356.33	4.36	4.36	2.26	1.77	1.26	1.51	1.24	0.97	1.11	1.55	0.91	0.82	1.22	0.88	1.08	1.06	1.13	1.02	1.43	0.94	1.16	0.84	0.01	0.79	0.95	1.05	0.83	0.82	0.92	1.10	1.08	1.11	1.20	1.11	1.03	1.29	0.91	1.04	1.46	1.11	0.95	1.47	1.53	3.85	3.85
17	359.65	3.56	3.56	2.20	1.58	1.39	1.53	1.10	0.88	1.14	1.31	0.86	0.88	1.21	0.71	1.07	1.02	1.01	1.01	1.28	0.87	1.07	0.84	0.00	0.77	0.86	1.03	0.84	0.88	0.77	0.99	0.95	1.08	1.26	0.94	0.91	1.09	0.86	0.96	1.20	1.13	1.04	1.15	2.10	2.68	2.68
18	362.97	3.41	3.41	2.33	1.57	1.35	1.25	0.97	0.96	0.95	1.24	0.76	0.84	1.27	0.89	1.07	1.00	1.05	1.00	1.30	1.01	1.08	0.77	0.01	0.74	0.89	1.00	0.86	0.91	0.80	0.98	1.05	1.21	1.28	1.04	0.92	1.07	0.91	1.04	1.25	0.99	0.95	1.38	2.02	3.03	3.03
19	366.30	4.17	4.17	1.71	1.75	1.35	1.37	1.13	0.75	1.02	1.33	0.66	0.76	1.18	0.81	0.94	0.93	1.03	1.01	1.30	0.86	1.07	0.75	0.00	0.69	0.86	0.85	0.76	0.80	0.73	1.01	1.00	1.08	1.18	0.91	0.88	1.00	0.76	1.05	1.16	0.91	0.92	1.55	1.77	3.51	3.51
20	369.62	3.76	3.76	2.01	2.01	1.48	1.39	0.89	0.90	1.11	1.21	0.79	0.77	1.08	0.87	0.92	0.96	1.03	0.97	1.21	0.87	1.08	0.76	0.01	0.75	0.84	1.01	0.78	0.71	0.81	1.04	1.00	1.19	1.26	1.08	0.81	1.16	0.88	1.04	1.17	1.14	0.88	1.47	1.53	3.06	3.06
21	372.95	3.37	3.37	2.17	1.73	1.24	1.31	0.90	0.85	1.04	1.20	0.68	0.68	1.07	0.77	0.99	0.98	0.92	0.91	1.28	0.84	0.97	0.75	0.00	0.66	0.85	0.94	0.72	0.72	0.73	1.01	0.89	1.10	1.20	0.97	0.80	1.00	0.79	0.94	1.23	1.18	0.89	1.37	1.80	2.99	2.99
22	376.27	2.80	2.80	1.68	1.90	1.35	1.30	1.03	0.87	1.10	1.26	0.79	0.84	1.17	0.86	0.93	0.93	0.96	0.96	1.28	0.88	1.04	0.81	0.01	0.78	0.97	0.96	0.86	0.83	0.81	1.03	0.91	1.16	1.27	0.99	0.90	1.11	0.87	1.00	1.13	1.16	0.85	1.50	1.65	3.29	3.29
23	379.60	3.27	3.27	1.78	1.97	1.12	1.36	0.93	0.83	0.97	1.27	0.69	0.74	1.15	0.77	0.92	1.00	1.00	0.93	1.29	0.84	1.08	0.70	0.00	0.68	0.94	0.88	0.82	0.86	0.79	0.99	0.93	1.12	1.28	0.93	0.87	1.15	0.80	0.90	1.17	1.08	0.85	1.70	1.79	3.22	3.22
24	382.93	3.42	3.42	1.68	1.77	1.16	1.30	0.77	0.80	0.97	1.26	0.70	0.72	0.97	0.82	0.91	0.88	0.99	0.86	1.25	0.69	1.04	0.73	0.00	0.67	0.79	0.81	0.70	0.75	0.69	1.00	0.84	1.09	1.14	0.87	0.76	0.94	0.71	0.78	1.05	1.05	0.89	1.38	1.58	3.24	3.24
25	386.26	3.63	3.63	1.84	1.59	1.32	1.27	0.81	0.76	1.11	1.27	0.70	0.80	0.99	0.83	1.01	1.01	0.99	0.90	1.25	0.81	1.05	0.78	0.00	0.78	0.93	0.98	0.78	0.80	0.73	1.05	0.87	1.20	1.21	0.90	0.78	1.07	0.94	0.97	1.09	1.18	0.84	1.31	1.92	2.79	2.79
26	389.58	3.07	3.07	1.84	1.64	1.31	1.22	0.96	0.89	0.95	1.22	0.76	0.80	1.08	0.86	0.91	0.97	0.95	0.91	1.22	0.91	0.99	0.73	0.01	0.78	0.85	0.83	0.80	0.92	0.77	0.97	0.86	1.18	1.11	0.99	0.77	0.99	0.74	0.95	0.98	0.99	0.93	1.40	1.76	2.94	2.94
27	392.91	3.45	3.45	1.56	1.57	1.04	1.11	0.82	0.67	0.93	1.28	0.67	0.70	0.96	0.83	0.85	0.82	0.94	0.90	1.23	0.74	0.93	0.69	0.00	0.72	0.79	0.83	0.74	0.78	0.71	0.95	0.73	1.09	1.13	0.93	0.77	0.99	0.69	0.93	0.98	0.92	0.78	1.31	1.64	3.18	3.18
28	396.24	3.49	3.49	1.56	1.73	1.18	1.04	0.82	0.79	0.99	1.15	0.71	0.81	0.98	0.85	0.87	0.94	0.96	0.88	1.16	0.75	0.94	0.78	0.00	0.76	0.86	0.85	0.69	0.80	0.70	0.97	0.79	1.18	1.09	1.00	0.77	0.96	0.72	0.76	1.08	0.86	0.81	1.22	1.44	2.52	2.52
29	399.57	3.21	3.21	1.80	1.56	1.10	1.12	0.82	0.67	1.02	1.13	0.72	0.79	0.97	0.82	0.95	0.88	1.01	0.87	1.18	0.77	0.98	0.74	0.01	0.75	0.86	0.86	0.75	0.80	0.79	0.96	0.81	1.13	1.10	0.94	0.77	1.00	0.86	0.83	1.17	0.97	0.81	1.34	1.71	3.01	3.01
30	402.90	2.80	2.80	1.84	1.60	1.23	1.08	0.76	0.69	1.01	1.14	0.69	0.80	1.00	0.78	0.85	0.83	1.00	0.87	1.09	0.77	0.98	0.72	0.00	0.72	0.87	0.80	0.75	0.81	0.72	0.97	0.77	1.08	1.09	0.90	0.69	0.90	0.70	0.77	1.01	0.96	0.88	1.19	1.56	2.37	2.37
31	406.24	3.08	3.08	1.70	1.49	1.17	1.10	0.74	0.64	0.89	1.14	0.64	0.72	1.03	0.79	0.83	0.86	0.96	0.87	1.13	0.77	0.95	0.69	0.00	0.71	0.81	0.86	0.67	0.78	0.70	0.94	0.79	1.10	1.12	0.90	0.73	0.86	0.67	0.78	1.01	0.91	0.69	1.31	1.45	2.64	2.64
32	409.57	3.07	3.07	1.60	1.61	1.12	1.07	0.70	0.63	0.92	1.11	0.67	0.66	0.87	0.71	0.82	0.82	0.89	0.80	1.11	0.70	1.00	0.66	0.00	0.70	0.79	0.74	0.71	0.84	0.62	0.94	0.72	1.08	1.00	0.95	0.68	0.86	0.70	0.84	0.92	0.90	0.78	1.13	1.46	2.45	2.45
33	412.90	2.74	2.74	1.70	1.36	1.01	0.96	0.64	0.63	0.85	1.12	0.64	0.66	0.94	0.73	0.86	0.89	0.95	0.86	1.11	0.75	0.91	0.76	0.00	0.72	0.83	0.78	0.73	0.83	0.60	0.94	0.83	1.05	1.02	0.84	0.74	0.86	0.71	0.76	0.89	0.82	0.66	1.21	1.44	2.35	2.35
34	416.23	2.64	2.64	1.59	1.46	1.08	0.95	0.62	0.63	0.84	1.09	0.71	0.72	0.86	0.77	0.82	0.87	0.89	0.84	1.12	0.74	0.90	0.73	0.00	0.77	0.81	0.73	0.70	0.77	0.63	0.91	0.72	1.08	1.03	0.88	0.72	0.86	0.71	0.78	0.92	0.82	0.68	1.13	1.51	1.97	1.97
35	419.57	2.64	2.64	1.56	1.47	0.91	0.97	0.64	0.60	0.84	1.05	0.67	0.72	0.91	0.77	0.80	0.86	0.92	0.88	1.08	0.74	0.88	0.71	0.00	0.74	0.77	0.74	0.72	0.83	0.64	0.90	0.75	1.05	1.00	0.84	0.68	0.92	0.64	0.77	0.88	0.87	0.75	1.14	1.49	2.49	2.49
36	422.90	2.81	2.81	1.51	1.38	1.01	0.97	0.61	0.57	0.83	1.03	0.67	0.65	0.88	0.77	0.83	0.88	0.94	0.86	1.08	0.76	0.92	0.67	0.00	0.76	0.80	0.76	0.69	0.80	0.63	0.89	0.72	1.06	1.01	0.87	0.70	0.77	0.72	0.78	0.82	0.73	0.59	1.14	1.47	2.41	2.41
37	426.23	2.95	2.95	1.67	1.37	0.93	0.90	0.64	0.64	0.87	1.02	0.69	0.73	0.83	0.75	0.83	0.86	0.94	0.83	1.10	0.74	0.91	0.70	0.00	0.74	0.77	0.74	0.70	0.80	0.63	0.88	0.69	1.04	0.99	0.85	0.65	0.77	0.67	0.78	0.84	0.73	0.63	1.22	1.36	2.06	2.06
38	429.57	2.70	2.70	1.73	1.47	1.01	0.85	0.59	0.54	0.81	0.94	0.69	0.65	0.81	0.73	0.83	0.81	0.87	0.83	1.01	0.71	0.88	0.69	0.00	0.77	0.78	0.70	0.70	0.78	0.60	0.89	0.66	1.05	0.98	0.83	0.68	0.79	0.66	0.72	0.89	0.76	0.67	1.06	1.39	2.15	2.15
39	432.90	2.75	2.75	1.71	1.34	0.91	0.84	0.63	0.59	0.83	1.01	0.75	0.66	0.85	0.71	0.78	0.82	0.89	0.83	1.04	0.74	0.85	0.67	0.00	0.78	0.71	0.73	0.70	0.80	0.58	0.87	0.63	1.03	0.99	0.83	0.62	0.76	0.62	0.67	0.82	0.73	0.65	1.15	1.27	2.29	2.29
40	436.24	2.62	2.62	1.62	1.36	0.96	0.83	0.59	0.49	0.76	0.97	0.66	0.64	0.84	0.70	0.78	0.79	0.85	0.83	0.99	0.72	0.85	0.62	0.00	0.74	0.72	0.69	0.66	0.75	0.55	0.84	0.62	0.99	0.93	0.79	0.60	0.71	0.57	0.69	0.77	0.76	0.64	1.14	1.40	1.92	1.92
41	439.58	2.68	2.68	1.60	1.22	0.84	0.84	0.64	0.56	0.73	0.97	0.66	0.65	0.80	0.72	0.77	0.81	0.89	0.82	0.98	0.68	0.88	0.63	0.00	0.79	0.70	0.72	0.67	0.76	0.57	0.86	0.63	1.01	0.95	0.77	0.61	0.73	0.61	0.65	0.76	0.71	0.64	1.06	1.41	1.80	1.80
42	442.91	2.71	2.71	1.61	1.27	0.92	0.80	0.58	0.54	0.73	0.96	0.71	0.68	0.81	0.74	0.78	0.81	0.89	0.80	1.01	0.72	0.86	0.65	0.00	0.79	0.71	0.72	0.69	0.75	0.59	0.85	0.63	1.02	0.90	0.80	0.61	0.73	0.60	0.67	0.77	0.73	0.65	1.00	1.24	2.14	2.14
43	446.25	2.49	2.49	1.59	1.23	0.85	0.79	0.62	0.48	0.75	0.90	0.69	0.62	0.79	0.67	0.75	0.78	0.87	0.83	0.95	0.67	0.84	0.63	0.00	0.75	0.66	0.69	0.67	0.78	0.54	0.79	0.59	0.93	0.94	0.75	0.58	0.71	0.55	0.71	0.68	0.70	0.58	1.03	1.22	1.95	1.95
44	449.59	2.44	2.44	1.66	1.21	0.84	0.77	0.58	0.49	0.68	0.90	0.69	0.61	0.77	0.69	0.76	0.78	0.86	0.78	0.93	0.69	0.86	0.60	0.00	0.77	0.69	0.70	0.69	0.74	0.54	0.79	0.61	0.92	0.90	0.78	0.56	0.70	0.58	0.70	0.70	0.69	0.65	0.98	1.27	1.91	1.91
45	452.92	2.67	2.67	1.56	1.27	0.87	0.77	0.57	0.54	0.74	0.89	0.70	0.62	0.80	0.71	0.76	0.77	0.85	0.82	0.93	0.68	0.82	0.61	0.00	0.81	0.69	0.67	0.64	0.76	0.54	0.83	0.60	0.92	0.89	0.78	0.59	0.67	0.59	0.66	0.68	0.69	0.58	0.99	1.24	1.62	1.62
46	456.26	2.62	2.62	1.60	1.17	0.81	0.73	0.58	0.50	0.67	0.84	0.66	0.63	0.78	0.69	0.74	0.76	0.80	0.76	0.90	0.64	0.81	0.63	0.00	0.76	0.66	0.65	0.62	0.69	0.52	0.75	0.54	0.94	0.86	0.74	0.53	0.65	0.53	0.61	0.66	0.66	0.59	0.97	1.29	1.79	1.79
47	459.60	2.60	2.60	1.60	1.13	0.79	0.71	0.55	0.47	0.66	0.82	0.70	0.58	0.75	0.63	0.71	0.76	0.82	0.76	0.88	0.62	0.79	0.56	0.00	0.72	0.63	0.65	0.59	0.70	0.50	0.75	0.54	0.85	0.84	0.72	0.53	0.59	0.50	0.63	0.58	0.62	0.52	0.93	1.29	1.79	1.79
48	462.94	2.37	2.37	1.56	1.08	0.83	0.73	0.58	0.46	0.66	0.82	0.71	0.61	0.74	0.62	0.72	0.72	0.80	0.76	0.86	0.65	0.79	0.56	0.00	0.75	0.62	0.62	0.61	0.67	0.51	0.73	0.53	0.84	0.85	0.71	0.55	0.61	0.51	0.59	0.60	0.62	0.59	0.86	1.34	1.74	1.74
49	466.28	2.34	2.34	1.49	1.05	0.70	0.70	0.54	0.44	0.58	0.75	0.68	0.53	0.70	0.57	0.68	0.69	0.76	0.72	0.83	0.64	0.77	0.50	0.00	0.72	0.60	0.59	0.58	0.66	0.46	0.71	0.51	0.80	0.81	0.66	0.48	0.55	0.50	0.58	0.55	0.60	0.57	0.87	1.23	1.65	1.65
50	469.62	2.37	2.37	1.51	1.01	0.76	0.67	0.54	0.45	0.63	0.73	0.66	0.55	0.72	0.57	0.68	0.68	0.78	0.71	0.84	0.61	0.77	0.53	0.00	0.73	0.56	0.60	0.56	0.63	0.48	0.69	0.51	0.80	0.80	0.67	0.49	0.56	0.48	0.58	0.53	0.54	0.56	0.87	1.33	1.59	1.59
51	472.96	2.41	2.41	1.60	1.01	0.73	0.66	0.55	0.47	0.65	0.75	0.67	0.60	0.75	0.62	0.71	0.73	0.80	0.75	0.83	0.63	0.81	0.55	0.00	0.76	0.60	0.62	0.61	0.68	0.49	0.72	0.52	0.85	0.84	0.68	0.51	0.56	0.48	0.61	0.56	0.58	0.57	0.81	1.27	1.78	1.78
52	476.29	2.47	2.47	1.59	1.04	0.71	0.65	0.57	0.46	0.63	0.80	0.69	0.56	0.79	0.65	0.68	0.71	0.79	0.74	0.83	0.64	0.80	0.57	0.00	0.74	0.60	0.59	0.60	0.66	0.53	0.70	0.51	0.80	0.85	0.66	0.49	0.54	0.51	0.63	0.57	0.66	0.55	0.83	1.23	1.56	1.56
53	479.63	2.41	2.41	1.64	1.00	0.77	0.65	0.54	0.47	0.62	0.75	0.72	0.60	0.77	0.66	0.73	0.71	0.83	0.75	0.86	0.67	0.82	0.55	0.00	0.75	0.59	0.64	0.65	0.67	0.51	0.71	0.54	0.79	0.87	0.67	0.55	0.55	0.53	0.66	0.56	0.59	0.61	0.81	1.33	1.67	1.67
54	482.98	2.50	2.50	1.70	1.02	0.74	0.62	0.51	0.47	0.64	0.74	0.67	0.54	0.73	0.58	0.67	0.71	0.78	0.74	0.82	0.65	0.77	0.51	0.00	0.72	0.56	0.57	0.57	0.62	0.50	0.69	0.49	0.79	0.80	0.63	0.46	0.52	0.47	0.54	0.51	0.60	0.55	0.81	1.36	1.69	1.69
55	486.32	2.29	2.29	1.64	1.07	0.75	0.67	0.57	0.47	0.65	0.74	0.71	0.61	0.76	0.57	0.68	0.69	0.82	0.73	0.79	0.66	0.75	0.57	0.00	0.71	0.60	0.58	0.58	0.63	0.51	0.72	0.48	0.81	0.82	0.66	0.50	0.51	0.51	0.61	0.53	0.58	0.55	0.85	1.39	1.57	1.57
56	489.66	2.42	2.42	1.55	0.95	0.75	0.62	0.58	0.48	0.63	0.71	0.75	0.59	0.75	0.61	0.69	0.73	0.82	0.74	0.86	0.67	0.83	0.55	0.00	0.76	0.61	0.59	0.62	0.66	0.50	0.72	0.51	0.76	0.84	0.66	0.50	0.52	0.51	0.61	0.53	0.59	0.58	0.84	1.30	1.42	1.42
57	493.00	2.14	2.14	1.64	1.00	0.77	0.61	0.55	0.45	0.63	0.69	0.74	0.57	0.79	0.59	0.66	0.69	0.78	0.74	0.82	0.66	0.80	0.54	0.00	0.73	0.55	0.61	0.60	0.65	0.50	0.71	0.51	0.75	0.82	0.64	0.49	0.52	0.48	0.65	0.52	0.60	0.62	0.84	1.31	1.67	1.67
58	496.34	2.35	2.35	1.59	0.98	0.74	0.62	0.52	0.51	0.57	0.71	0.73	0.60	0.77	0.60	0.70	0.72	0.82	0.73	0.78	0.65	0.77	0.54	0.00	0.70	0.59	0.61	0.59	0.62	0.52	0.68	0.48	0.77	0.79	0.63	0.51	0.54	0.51	0.61	0.49	0.57	0.55	0.83	1.37	1.63	1.63
59	499.68	2.38	2.38	1.64	1.00	0.74	0.60	0.53	0.46	0.59	0.69	0.66	0.58	0.78	0.59	0.68	0.70	0.80	0.73	0.77	0.62	0.79	0.53	0.00	0.75	0.57	0.58	0.56	0.62	0.52	0.69	0.48	0.75	0.82	0.63	0.45	0.50	0.52	0.60	0.53	0.60	0.62	0.86	1.27	1.63	1.63
60	503.02	2.22	2.22	1.61	0.96	0.80	0.56	0.51	0.44	0.58	0.69	0.69	0.54	0.76	0.56	0.67	0.67	0.78	0.70	0.75	0.63	0.76	0.53	0.00	0.72	0.56	0.58	0.58	0.59	0.55	0.67	0.47	0.75	0.82	0.60	0.44	0.48	0.50	0.63	0.51	0.59	0.57	0.80	1.32	1.57	1.57
61	506.36	2.38	2.38	1.60	1.02	0.81	0.63	0.56	0.49	0.63	0.68	0.73	0.60	0.76	0.63	0.67	0.69	0.78	0.72	0.75	0.64	0.79	0.57	0.00	0.72	0.56	0.60	0.59	0.62	0.56	0.70	0.52	0.76	0.80	0.62	0.50	0.51	0.54	0.65	0.52	0.63	0.59	0.85	1.24	1.43	1.43
62	509.70	2.12	2.12	1.52	0.98	0.72	0.62	0.51	0.46	0.55	0.67	0.69	0.56	0.76	0.57	0.66	0.70	0.77	0.69	0.74	0.63	0.73	0.53	0.00	0.70	0.54	0.59	0.58	0.61	0.51	0.66	0.45	0.70	0.78	0.61	0.44	0.52	0.49	0.56	0.47	0.58	0.58	0.78	1.21	1.53	1.53
63	513.05	2.30	2.30	1.50	0.98	0.67	0.61	0.54	0.47	0.62	0.67	0.70	0.59	0.79	0.56	0.63	0.66	0.80	0.70	0.73	0.62	0.75	0.55	0.00	0.72	0.51	0.55	0.55	0.58	0.53	0.67	0.47	0.73	0.77	0.58	0.46	0.49	0.52	0.60	0.50	0.57	0.61	0.84	1.28	1.59	1.59
64	516.39	2.18	2.18	1.49	0.89	0.67	0.61	0.51	0.45	0.58	0.64	0.69	0.56	0.75	0.57	0.65	0.67	0.77	0.70	0.73	0.62	0.76	0.51	0.00	0.66	0.55	0.56	0.55	0.58	0.51	0.62	0.43	0.70	0.78	0.58	0.44	0.48	0.50	0.60	0.42	0.51	0.56	0.77	1.24	1.58	1.58
65	519.73	2.17	2.17	1.43	0.91	0.72	0.60	0.51	0.49	0.57	0.63	0.70	0.54	0.72	0.55	0.62	0.64	0.78	0.69	0.73	0.60	0.73	0.54	0.00	0.68	0.54	0.54	0.57	0.57	0.52	0.63	0.44	0.74	0.77	0.58	0.45	0.48	0.50	0.62	0.48	0.59	0.59	0.79	1.19	1.43	1.43
66	523.07	2.18	2.18	1.42	0.96	0.72	0.62	0.52	0.48	0.59	0.68	0.74	0.56	0.77	0.57	0.64	0.68	0.79	0.67	0.74	0.62	0.75	0.56	0.00	0.68	0.55	0.57	0.57	0.60	0.56	0.68	0.46	0.69	0.77	0.60	0.49	0.49	0.53	0.62	0.50	0.57	0.62	0.82	1.19	1.42	1.42
67	526.42	2.19	2.19	1.32	1.02	0.72	0.65	0.51	0.49	0.59	0.64	0.70	0.57	0.80	0.55	0.64	0.65	0.76	0.69	0.71	0.60	0.75	0.52	0.00	0.65	0.53	0.54	0.55	0.58	0.54	0.63	0.44	0.71	0.77	0.55	0.46	0.46	0.52	0.59	0.49	0.54	0.60	0.75	1.23	1.30	1.30
68	529.76	2.21	2.21	1.33	0.95	0.66	0.59	0.54	0.48	0.57	0.63	0.71	0.56	0.78	0.55	0.63	0.66	0.78	0.68	0.73	0.60	0.74	0.54	0.00	0.65	0.54	0.54	0.54	0.55	0.56	0.62	0.43	0.71	0.77	0.56	0.47	0.45	0.53	0.57	0.50	0.54	0.56	0.87	1.21	1.41	1.41
69	533.10	2.19	2.19	1.32	0.99	0.66	0.56	0.50	0.47	0.57	0.64	0.72	0.54	0.76	0.56	0.61	0.66	0.76	0.64	0.69	0.59	0.74	0.54	0.00	0.62	0.53	0.50	0.52	0.53	0.55	0.61	0.46	0.67	0.76	0.58	0.46	0.46	0.50	0.63	0.45	0.50	0.55	0.81	1.10	1.42	1.42
70	536.44	2.14	2.14	1.27	0.99	0.67	0.58	0.49	0.47	0.58	0.61	0.70	0.55	0.77	0.56	0.60	0.65	0.74	0.64	0.72	0.59	0.72	0.54	0.00	0.63	0.52	0.53	0.55	0.54	0.55	0.62	0.46	0.69	0.75	0.57	0.44	0.46	0.54	0.62	0.49	0.55	0.56	0.82	1.19	1.49	1.49
71	539.79	2.15	2.15	1.24	0.94	0.65	0.56	0.50	0.47	0.59	0.63	0.69	0.56	0.75	0.54	0.62	0.66	0.76	0.66	0.71	0.62	0.72	0.54	0.00	0.62	0.53	0.53	0.53	0.54	0.54	0.62	0.42	0.66	0.76	0.56	0.45	0.48	0.52	0.57	0.49	0.52	0.60	0.78	1.13	1.38	1.38
72	543.13	2.13	2.13	1.10	0.98	0.60	0.60	0.53	0.48	0.57	0.63	0.66	0.54	0.75	0.55	0.62	0.64	0.75	0.66	0.68	0.58	0.73	0.52	0.00	0.64	0.52	0.55	0.53	0.52	0.53	0.61	0.44	0.66	0.75	0.54	0.43	0.46	0.51	0.58	0.48	0.53	0.59	0.81	1.09	1.39	1.39
73	546.47	2.02	2.02	1.11	0.98	0.67	0.57	0.51	0.46	0.57	0.62	0.69	0.56	0.73	0.54	0.60	0.64	0.73	0.65	0.69	0.59	0.73	0.55	0.00	0.63	0.50	0.53	0.53	0.52	0.55	0.59	0.42	0.67	0.72	0.55	0.44	0.45	0.53	0.59	0.46	0.54	0.57	0.79	1.06	1.32	1.32
74	549.82	2.02	2.02	1.07	0.96	0.66	0.60	0.50	0.46	0.57	0.60	0.70	0.55	0.71	0.56	0.60	0.63	0.72	0.66	0.67	0.58	0.72	0.53	0.00	0.63	0.51	0.53	0.53	0.51	0.56	0.59	0.42	0.66	0.75	0.55	0.44	0.45	0.55	0.63	0.45	0.52	0.59	0.76	1.03	1.40	1.40
75	553.16	2.16	2.16	1.14	0.91	0.64	0.57	0.53	0.46	0.57	0.60	0.70	0.55	0.72	0.56	0.60	0.63	0.72	0.66	0.67	0.57	0.70	0.54	0.00	0.61	0.51	0.52	0.51	0.53	0.57	0.60	0.44	0.66	0.75	0.53	0.42	0.44	0.53	0.56	0.47	0.51	0.58	0.75	1.07	1.34	1.34
76	556.50	2.06	2.06	1.07	1.03	0.61	0.60	0.47	0.43	0.56	0.59	0.68	0.53	0.72	0.54	0.58	0.62	0.70	0.61	0.65	0.56	0.70	0.54	0.00	0.60	0.50	0.49	0.50	0.49	0.55	0.58	0.42	0.66	0.73	0.53	0.44	0.45	0.53	0.58	0.47	0.52	0.57	0.79	1.07	1.26	1.26
77	559.84	2.01	2.01	1.05	0.95	0.60	0.54	0.49	0.47	0.54	0.57	0.66	0.53	0.73	0.54	0.56	0.61	0.73	0.62	0.64	0.54	0.71	0.53	0.00	0.57	0.47	0.46	0.48	0.46	0.55	0.54	0.39	0.64	0.72	0.52	0.42	0.39	0.52	0.59	0.46	0.46	0.55	0.83	1.08	1.27	1.27
78	563.19	2.08	2.08	1.09	0.94	0.65	0.54	0.49	0.44	0.57	0.59	0.68	0.53	0.72	0.54	0.58	0.61	0.71	0.61	0.64	0.58	0.70	0.56	0.00	0.58	0.52	0.51	0.51	0.48	0.56	0.57	0.42	0.67	0.73	0.53	0.43	0.45	0.53	0.59	0.47	0.51	0.57	0.78	1.00	1.09	1.09
79	566.53	1.95	1.95	1.02	0.93	0.61	0.63	0.49	0.47	0.57	0.61	0.71	0.56	0.74	0.57	0.61	0.63	0.74	0.64	0.65	0.59	0.73	0.57	0.00	0.61	0.54	0.53	0.52	0.51	0.58	0.59	0.45	0.64	0.72	0.55	0.45	0.46	0.58	0.60	0.49	0.54	0.53	0.74	1.04	1.31	1.31
80	569.87	2.17	2.17	1.01	0.96	0.62	0.55	0.50	0.46	0.55	0.59	0.69	0.53	0.71	0.55	0.58	0.58	0.71	0.62	0.65	0.54	0.69	0.54	0.00	0.59	0.50	0.52	0.49	0.47	0.57	0.58	0.42	0.65	0.72	0.53	0.44	0.42	0.54	0.60	0.46	0.49	0.55	0.74	0.98	1.16	1.16
81	573.22	1.92	1.92	1.09	0.92	0.57	0.58	0.53	0.45	0.55	0.58	0.69	0.51	0.71	0.55	0.55	0.58	0.70	0.59	0.62	0.56	0.68	0.54	0.00	0.57	0.50	0.51	0.49	0.47	0.54	0.58	0.40	0.61	0.70	0.52	0.43	0.42	0.51	0.55	0.48	0.48	0.56	0.77	1.00	1.33	1.33
82	576.56	1.94	1.94	1.03	0.90	0.64	0.55	0.50	0.48	0.57	0.56	0.68	0.52	0.70	0.53	0.56	0.59	0.69	0.59	0.63	0.54	0.69	0.54	0.00	0.55	0.49	0.52	0.50	0.44	0.55	0.56	0.42	0.62	0.73	0.53	0.43	0.42	0.54	0.61	0.46	0.49	0.58	0.70	0.92	1.15	1.15
83	579.90	1.91	1.91	1.02	0.87	0.64	0.57	0.50	0.47	0.54	0.58	0.70	0.51	0.70	0.54	0.55	0.58	0.70	0.60	0.61	0.55	0.70	0.52	0.00	0.56	0.50	0.48	0.48	0.45	0.54	0.56	0.43	0.61	0.72	0.53	0.44	0.45	0.50	0.58	0.47	0.49	0.51	0.70	0.92	1.26	1.26
84	583.24	1.85	1.85	0.96	0.89	0.64	0.58	0.51	0.44	0.54	0.58	0.70	0.56	0.72	0.53	0.54	0.60	0.70	0.62	0.65	0.59	0.68	0.52	0.00	0.56	0.51	0.51	0.49	0.48	0.54	0.58	0.43	0.63	0.70	0.53	0.45	0.43	0.55	0.59	0.49	0.47	0.58	0.69	0.95	1.18	1.18
85	586.58	2.09	2.09	0.91	0.85	0.63	0.57	0.47	0.43	0.55	0.55	0.64	0.50	0.66	0.52	0.52	0.56	0.67	0.55	0.60	0.51	0.67	0.54	0.00	0.53	0.49	0.49	0.46	0.43	0.55	0.54	0.38	0.63	0.68	0.51	0.43	0.44	0.50	0.54	0.50	0.46	0.54	0.68	0.94	1.05	1.05
86	589.93	2.11	2.11	1.00	0.84	0.65	0.54	0.49	0.44	0.55	0.56	0.66	0.53	0.68	0.53	0.55	0.59	0.67	0.60	0.62	0.52	0.68	0.54	0.00	0.56	0.50	0.48	0.46	0.42	0.56	0.55	0.40	0.62	0.70	0.51	0.44	0.44	0.52	0.54	0.42	0.49	0.55	0.72	0.91	1.28	1.28
87	593.27	2.04	2.04	0.99	0.81	0.61	0.51	0.45	0.43	0.51	0.53	0.66	0.50	0.69	0.54	0.54	0.56	0.67	0.58	0.58	0.54	0.66	0.53	0.00	0.53	0.47	0.48	0.46	0.45	0.53	0.56	0.39	0.60	0.69	0.50	0.40	0.39	0.48	0.60	0.46	0.46	0.50	0.69	0.87	1.11	1.11
88	596.61	2.08	2.08	1.01	0.78	0.66	0.55	0.47	0.41	0.54	0.55	0.70	0.55	0.70	0.52	0.57	0.59	0.67	0.61	0.62	0.56	0.68	0.52	0.00	0.53	0.53	0.49	0.49	0.47	0.55	0.54	0.42	0.59	0.69	0.54	0.43	0.42	0.54	0.60	0.50	0.48	0.52	0.65	0.88	1.31	1.31
89	599.95	1.97	1.97	0.92	0.75	0.67	0.55	0.44	0.42	0.53	0.54	0.68	0.53	0.71	0.53	0.52	0.57	0.69	0.56	0.60	0.54	0.66	0.53	0.00	0.50	0.49	0.50	0.46	0.43	0.56	0.52	0.40	0.60	0.68	0.51	0.44	0.45	0.55	0.58	0.48	0.50	0.55	0.69	0.97	1.20	1.20
90	603.29	2.00	2.00	0.89	0.80	0.63	0.58	0.47	0.43	0.56	0.56	0.66	0.55	0.72	0.52	0.55	0.56	0.68	0.60	0.62	0.55	0.68	0.56	0.00	0.53	0.51	0.50	0.49	0.46	0.57	0.56	0.39	0.64	0.71	0.52	0.43	0.45	0.51	0.58	0.48	0.48	0.58	0.72	0.90	1.10	1.10
91	606.64	1.89	1.89	0.92	0.76	0.63	0.60	0.46	0.46	0.55	0.54	0.67	0.53	0.68	0.54	0.53	0.56	0.67	0.57	0.61	0.53	0.63	0.56	0.00	0.51	0.47	0.48	0.43	0.42	0.53	0.54	0.40	0.61	0.71	0.50	0.44	0.42	0.53	0.55	0.50	0.49	0.52	0.65	0.77	1.09	1.09
92	609.98	2.03	2.03	0.92	0.83	0.64	0.55	0.47	0.44	0.58	0.56	0.63	0.53	0.69	0.50	0.55	0.55	0.64	0.54	0.58	0.55	0.64	0.56	0.00	0.53	0.51	0.50	0.46	0.44	0.55	0.54	0.40	0.64	0.73	0.52	0.44	0.42	0.55	0.57	0.48	0.47	0.56	0.66	1.00	1.26	1.26
93	613.32	1.92	1.92	0.94	0.77	0.63	0.57	0.42	0.43	0.52	0.53	0.64	0.52	0.66	0.49	0.53	0.55	0.68	0.53	0.59	0.51	0.65	0.57	0.00	0.51	0.47	0.49	0.44	0.42	0.56	0.54	0.40	0.59	0.68	0.51	0.43	0.42	0.52	0.55	0.46	0.45	0.55	0.61	0.83	1.12	1.12
94	616.66	1.97	1.97	0.89	0.77	0.61	0.56	0.42	0.42	0.55	0.52	0.63	0.51	0.68	0.48	0.51	0.56	0.65	0.54	0.57	0.52	0.65	0.54	0.00	0.51	0.48	0.46	0.45	0.41	0.54	0.52	0.40	0.59	0.66	0.51	0.42	0.40	0.50	0.55	0.51	0.45	0.51	0.65	0.85	1.23	1.23
95	620.00	2.07	2.07	0.96	0.79	0.60	0.56	0.46	0.40	0.57	0.50	0.64	0.50	0.68	0.50	0.49	0.52	0.64	0.55	0.57	0.50	0.62	0.52	0.00	0.49	0.50	0.46	0.46	0.41	0.54	0.51	0.40	0.57	0.64	0.49	0.43	0.39	0.51	0.55	0.48	0.49	0.49	0.67	0.80	1.15	1.15
96	623.34	2.10	2.10	0.93	0.79	0.59	0.54	0.43	0.41	0.56	0.50	0.64	0.47	0.65	0.47	0.50	0.52	0.63	0.52	0.56	0.50	0.62	0.49	0.00	0.48	0.48	0.49	0.42	0.41	0.52	0.53	0.38	0.57	0.66	0.52	0.41	0.44	0.53	0.56	0.48	0.42	0.51	0.67	0.81	1.20	1.20
97	626.68	2.07	2.07	1.01	0.86	0.62	0.56	0.44	0.41	0.54	0.49	0.62	0.49	0.69	0.51	0.48	0.53	0.61	0.54	0.57	0.53	0.66	0.53	0.00	0.48	0.47	0.48	0.44	0.43	0.53	0.53	0.39	0.60	0.68	0.50	0.47	0.45	0.55	0.56	0.49	0.42	0.54	0.61	0.85	1.21	1.21
98	630.02	1.98	1.98	0.82	0.73	0.52	0.53	0.40	0.40	0.50	0.46	0.58	0.46	0.62	0.49	0.50	0.51	0.61	0.51	0.57	0.50	0.60	0.51	0.00	0.44	0.45	0.49	0.39	0.37	0.54	0.49	0.39	0.57	0.64	0.48	0.41	0.39	0.53	0.55	0.49	0.48	0.48	0.68	0.80	1.11	1.11
99	633.36	2.00	2.00	0.86	0.66	0.56	0.50	0.45	0.40	0.56	0.50	0.59	0.47	0.66	0.46	0.48	0.52	0.61	0.51	0.57	0.46	0.59	0.54	0.00	0.44	0.48	0.46	0.41	0.38	0.53	0.50	0.38	0.54	0.66	0.48	0.41	0.41	0.54	0.56	0.47	0.43	0.51	0.65	0.72	1.08	1.08
100	636.70	1.85	1.85	1.03	0.80	0.59	0.56	0.42	0.40	0.53	0.52	0.63	0.47	0.65	0.49	0.51	0.54	0.61	0.52	0.57	0.51	0.62	0.53	0.00	0.50	0.48	0.49	0.42	0.42	0.54	0.49	0.39	0.56	0.69	0.50	0.42	0.42	0.52	0.54	0.50	0.48	0.50	0.61	0.85	0.93	0.93
101	640.04	2.17	2.17	0.91	0.76	0.63	0.56	0.47	0.43	0.53	0.52	0.64	0.53	0.68	0.51	0.52	0.55	0.64	0.56	0.60	0.54	0.64	0.59	0.00	0.51	0.52	0.50	0.45	0.47	0.57	0.55	0.43	0.63	0.68	0.54	0.47	0.48	0.56	0.63	0.51	0.52	0.56	0.71	0.90	1.09	1.09
102	643.37	1.78	1.78	0.77	0.74	0.59	0.51	0.45	0.42	0.54	0.49	0.64	0.51	0.65	0.51	0.51	0.54	0.64	0.51	0.56	0.53	0.62	0.48	0.00	0.47	0.48	0.48	0.44	0.41	0.54	0.52	0.40	0.58	0.66	0.51	0.40	0.44	0.54	0.56	0.44	0.44	0.53	0.68	0.93	1.15	1.15
103	646.71	2.07	2.07	0.89	0.81	0.56	0.55	0.41	0.42	0.52	0.48	0.63	0.51	0.64	0.52	0.51	0.54	0.62	0.53	0.55	0.48	0.63	0.53	0.00	0.49	0.49	0.47	0.43	0.39	0.54	0.49	0.35	0.59	0.64	0.48	0.44	0.42	0.51	0.56	0.51	0.50	0.49	0.71	0.92	1.31	1.31
104	650.05	1.95	1.95	0.94	0.80	0.62	0.56	0.43	0.36	0.55	0.49	0.59	0.48	0.66	0.51	0.50	0.52	0.60	0.51	0.57	0.49	0.60	0.53	0.00	0.46	0.47	0.48	0.42	0.40	0.52	0.50	0.38	0.56	0.65	0.49	0.42	0.45	0.53	0.55	0.51	0.46	0.49	0.63	0.83	0.96	0.96
105	653.39	1.80	1.80	0.88	0.95	0.61	0.57	0.42	0.38	0.52	0.48	0.62	0.49	0.64	0.50	0.48	0.52	0.63	0.52	0.59	0.51	0.60	0.52	0.00	0.46	0.52	0.51	0.44	0.41	0.50	0.51	0.41	0.56	0.67	0.47	0.46	0.41	0.58	0.61	0.50	0.45	0.50	0.63	0.73	1.10	1.10
106	656.73	2.06	2.06	0.99	0.84	0.59	0.46	0.42	0.41	0.53	0.47	0.65	0.51	0.63	0.48	0.48	0.57	0.59	0.49	0.58	0.50	0.60	0.51	0.00	0.47	0.49	0.48	0.42	0.42	0.52	0.51	0.41	0.56	0.65	0.52	0.44	0.40	0.55	0.53	0.52	0.40	0.51	0.66	0.87	1.26	1.26
107	660.06	2.10	2.10	0.88	0.85	0.60	0.53	0.48	0.38	0.52	0.43	0.58	0.48	0.67	0.49	0.47	0.50	0.61	0.50	0.54	0.47	0.58	0.55	0.00	0.46	0.48	0.49	0.43	0.40	0.56	0.48	0.40	0.56	0.66	0.49	0.40	0.40	0.52	0.55	0.50	0.42	0.46	0.70	0.81	1.20	1.20
108	663.40	1.79	1.79	1.00	0.88	0.56	0.56	0.39	0.40	0.56	0.47	0.59	0.49	0.66	0.52	0.51	0.53	0.59	0.51	0.61	0.50	0.61	0.54	0.00	0.46	0.48	0.48	0.43	0.38	0.53	0.46	0.41	0.58	0.67	0.49	0.41	0.38	0.52	0.58	0.50	0.41	0.53	0.76	0.80	0.99	0.99
109	666.73	1.90	1.90	1.01	0.80	0.61	0.54	0.39	0.41	0.53	0.46	0.62	0.46	0.64	0.50	0.48	0.52	0.62	0.53	0.55	0.52	0.62	0.52	0.00	0.44	0.45	0.45	0.37	0.36	0.50	0.45	0.37	0.55	0.66	0.50	0.43	0.41	0.52	0.55	0.44	0.43	0.42	0.73	0.86	0.92	0.92
110	670.07	1.73	1.73	0.98	0.82	0.64	0.55	0.46	0.39	0.54	0.51	0.60	0.48	0.62	0.50	0.51	0.49	0.59	0.50	0.57	0.52	0.61	0.56	0.00	0.46	0.48	0.52	0.42	0.44	0.57	0.52	0.42	0.59	0.65	0.50	0.46	0.44	0.55	0.56	0.52	0.48	0.55	0.62	0.79	1.06	1.06
111	673.41	2.09	2.09	0.82	0.95	0.61	0.50	0.44	0.39	0.48	0.47	0.57	0.48	0.62	0.48	0.49	0.50	0.57	0.47	0.56	0.46	0.58	0.54	0.00	0.45	0.46	0.51	0.40	0.42	0.53	0.48	0.40	0.56	0.61	0.51	0.41	0.42	0.52	0.55	0.49	0.41	0.44	0.70	0.74	1.08	1.08
112	676.74	1.91	1.91	0.83	0.93	0.61	0.52	0.44	0.40	0.53	0.47	0.60	0.47	0.60	0.50	0.49	0.50	0.59	0.50	0.55	0.48	0.59	0.51	0.00	0.43	0.46	0.46	0.41	0.38	0.53	0.47	0.38	0.56	0.61	0.48	0.42	0.41	0.53	0.61	0.51	0.41	0.51	0.66	0.80	1.01	1.01
113	680.07	2.04	2.04	0.84	0.87	0.58	0.53	0.37	0.35	0.49	0.42	0.60	0.45	0.59	0.48	0.43	0.50	0.56	0.49	0.52	0.44	0.57	0.52	0.00	0.43	0.45	0.44	0.36	0.35	0.50	0.44	0.37	0.57	0.63	0.45	0.41	0.40	0.49	0.57	0.50	0.39	0.47	0.62	0.72	0.98	0.98
114	683.41	1.71	1.71	0.97	0.89	0.56	0.48	0.38	0.34	0.50	0.42	0.57	0.43	0.59	0.47	0.45	0.48	0.54	0.47	0.52	0.47	0.56	0.49	0.00	0.41	0.42	0.46	0.33	0.37	0.46	0.44	0.36	0.51	0.59	0.41	0.37	0.40	0.52	0.48	0.44	0.38	0.46	0.59	0.69	1.06	1.06
115	686.74	2.11	2.11	0.87	0.80	0.53	0.52	0.44	0.36	0.46	0.44	0.56	0.44	0.57	0.46	0.45	0.47	0.60	0.46	0.52	0.45	0.55	0.47	0.00	0.41	0.44	0.46	0.38	0.35	0.47	0.43	0.35	0.46	0.59	0.46	0.43	0.40	0.50	0.51	0.44	0.42	0.39	0.67	0.79	1.10	1.10
116	690.07	2.00	2.00	0.94	0.87	0.55	0.48	0.39	0.38	0.51	0.41	0.52	0.45	0.57	0.41	0.42	0.48	0.54	0.46	0.51	0.42	0.54	0.46	0.00	0.38	0.41	0.41	0.36	0.33	0.46	0.42	0.36	0.45	0.58	0.45	0.35	0.36	0.48	0.52	0.46	0.36	0.46	0.68	0.77	1.12	1.12
117	693.41	1.90	1.90	0.86	0.83	0.53	0.55	0.34	0.35	0.48	0.41	0.56	0.38	0.55	0.45	0.42	0.44	0.51	0.46	0.46	0.44	0.54	0.49	0.00	0.37	0.44	0.47	0.37	0.34	0.49	0.43	0.36	0.51	0.59	0.43	0.42	0.36	0.51	0.54	0.47	0.44	0.41	0.59	0.58	0.99	0.99
118	696.74	1.76	1.76	0.91	0.82	0.51	0.54	0.42	0.35	0.46	0.44	0.60	0.46	0.62	0.47	0.46	0.51	0.57	0.49	0.53	0.48	0.60	0.51	0.00	0.42	0.51	0.50	0.39	0.39	0.52	0.46	0.38	0.53	0.64	0.48	0.42	0.37	0.60	0.59	0.45	0.41	0.52	0.63	0.86	1.06	1.06
119	700.07	1.91	1.91	0.97	0.80	0.52	0.53	0.37	0.41	0.55	0.50	0.60	0.51	0.61	0.48	0.45	0.51	0.58	0.50	0.57	0.49	0.61	0.52	0.00	0.44	0.47	0.49	0.40	0.41	0.53	0.45	0.42	0.53	0.65	0.49	0.43	0.43	0.52	0.52	0.49	0.39	0.46	0.71	0.92	1.18	1.18
120	703.40	1.94	1.94	0.93	0.88	0.47	0.47	0.40	0.34	0.51	0.44	0.60	0.48	0.63	0.45	0.43	0.50	0.55	0.45	0.50	0.47	0.56	0.50	0.00	0.44	0.46	0.46	0.38	0.41	0.50	0.47	0.37	0.53	0.65	0.48	0.41	0.36	0.55	0.55	0.45	0.37	0.43	0.65	0.75	1.30	1.30
121	706.73	1.78	1.78	0.94	0.83	0.48	0.46	0.38	0.38	0.46	0.43	0.55	0.50	0.64	0.41	0.43	0.49	0.56	0.45	0.48	0.46	0.56	0.48	0.00	0.38	0.44	0.44	0.37	0.34	0.52	0.44	0.40	0.52	0.58	0.47	0.44	0.38	0.52	0.50	0.46	0.41	0.47	0.62	0.68	0.84	0.84
122	710.06	1.89	1.89	0.81	0.69	0.54	0.40	0.41	0.33	0.44	0.43	0.55	0.44	0.56	0.43	0.43	0.49	0.50	0.45	0.48	0.40	0.56	0.47	0.00	0.36	0.42	0.48	0.31	0.34	0.48	0.42	0.36	0.51	0.60	0.43	0.41	0.37	0.48	0.52	0.41	0.38	0.42	0.59	0.62	0.88	0.88
123	713.39	1.93	1.93	1.06	0.68	0.48	0.45	0.36	0.32	0.45	0.36	0.56	0.39	0.56	0.42	0.40	0.41	0.48	0.44	0.46	0.42	0.53	0.49	0.00	0.37	0.41	0.46	0.31	0.34	0.45	0.45	0.34	0.50	0.56	0.45	0.42	0.36	0.53	0.47	0.44	0.41	0.42	0.52	0.77	1.10	1.10
124	716.72	1.96	1.96	0.85	0.77	0.47	0.48	0.41	0.43	0.52	0.43	0.56	0.48	0.58	0.49	0.46	0.51	0.57	0.49	0.53	0.46	0.55	0.47	0.00	0.41	0.45	0.46	0.42	0.37	0.45	0.44	0.38	0.51	0.56	0.43	0.41	0.39	0.56	0.51	0.46	0.42	0.44	0.58	0.89	0.91	0.91
125	720.05	2.07	2.07	0.90	0.76	0.44	0.47	0.35	0.35	0.48	0.42	0.56	0.42	0.62	0.47	0.41	0.50	0.54	0.43	0.55	0.45	0.60	0.50	0.00	0.38	0.45	0.48	0.36	0.35	0.50	0.44	0.40	0.54	0.63	0.45	0.39	0.39	0.54	0.55	0.44	0.43	0.43	0.71	0.76	1.29	1.29
126	723.37	1.65	1.65	0.89	0.76	0.56	0.42	0.36	0.38	0.56	0.45	0.58	0.40	0.62	0.49	0.45	0.47	0.57	0.46	0.53	0.46	0.61	0.50	0.00	0.44	0.45	0.47	0.37	0.35	0.51	0.45	0.40	0.54	0.62	0.49	0.44	0.38	0.55	0.54	0.48	0.45	0.56	0.70	0.74	1.08	1.08
127	726.70	1.76	1.76	0.93	0.75	0.48	0.51	0.39	0.34	0.52	0.42	0.59	0.45	0.60	0.48	0.43	0.48	0.57	0.47	0.53	0.49	0.59	0.48	0.00	0.41	0.44	0.43	0.40	0.38	0.48	0.45	0.40	0.49	0.61	0.46	0.42	0.41	0.58	0.54	0.52	0.43	0.43	0.57	0.84	1.14	1.14
128	730.03	1.74	1.74	0.94	0.69	0.46	0.47	0.38	0.39	0.46	0.39	0.52	0.44	0.57	0.44	0.39	0.46	0.49	0.46	0.53	0.43	0.56	0.44	0.00	0.38	0.42	0.45	0.34	0.34	0.45	0.41	0.35	0.47	0.58	0.43	0.41	0.38	0.52	0.48	0.50	0.40	0.40	0.62	0.86	0.90	0.90
129	733.35	1.84	1.84	0.96	0.72	0.43	0.40	0.35	0.34	0.43	0.38	0.53	0.38	0.55	0.44	0.39	0.44	0.52	0.42	0.46	0.38	0.53	0.45	0.00	0.34	0.42	0.42	0.34	0.32	0.43	0.41	0.34	0.50	0.56	0.46	0.36	0.38	0.48	0.54	0.43	0.39	0.39	0.59	0.76	0.88	0.88
130	736.68	1.69	1.69	0.95	0.72	0.54	0.43	0.37	0.30	0.48	0.42	0.57	0.43	0.54	0.45	0.38	0.42	0.53	0.41	0.51	0.39	0.54	0.46	0.00	0.37	0.42	0.46	0.34	0.36	0.46	0.41	0.38	0.49	0.57	0.46	0.38	0.38	0.50	0.50	0.48	0.43	0.45	0.65	0.82	0.85	0.85
131	740.00	1.67	1.67	1.01	0.75	0.52	0.48	0.31	0.30	0.46	0.41	0.51	0.39	0.56	0.44	0.37	0.46	0.54	0.46	0.49	0.45	0.55	0.43	0.00	0.37	0.42	0.47	0.33	0.35	0.42	0.41	0.35	0.44	0.60	0.42	0.44	0.37	0.52	0.54	0.47	0.48	0.35	0.58	0.67	1.11	1.11
132	743.32	1.80	1.80	1.00	0.65	0.51	0.44	0.36	0.31	0.47	0.38	0.57	0.45	0.58	0.45	0.44	0.46	0.52	0.48	0.52	0.44	0.54	0.45	0.00	0.36	0.44	0.44	0.32	0.36	0.46	0.44	0.33	0.48	0.57	0.45	0.41	0.35	0.52	0.61	0.50	0.38	0.43	0.53	0.84	0.87	0.87
133	746.65	2.11	2.11	1.02	0.76	0.42	0.43	0.38	0.38	0.49	0.43	0.56	0.45	0.60	0.45	0.41	0.50	0.52	0.46	0.48	0.45	0.52	0.44	0.00	0.37	0.39	0.46	0.37	0.36	0.47	0.41	0.33	0.48	0.56	0.46	0.42	0.38	0.51	0.53	0.53	0.40	0.47	0.52	0.80	0.79	0.79
134	749.97	1.75	1.75	1.05	0.57	0.50	0.46	0.41	0.31	0.50	0.43	0.55	0.48	0.57	0.48	0.41	0.47	0.54	0.45	0.47	0.46	0.53	0.45	0.00	0.39	0.43	0.45	0.37	0.35	0.45	0.41	0.38	0.46	0.56	0.46	0.41	0.41	0.55	0.52	0.49	0.44	0.42	0.61	0.82	1.03	1.03
135	753.29	1.93	1.93	0.95	0.70	0.43	0.41	0.31	0.34	0.52	0.43	0.59	0.46	0.60	0.45	0.45	0.48	0.52	0.46	0.49	0.43	0.56	0.52	0.00	0.40	0.44	0.41	0.32	0.38	0.45	0.41	0.33	0.48	0.56	0.42	0.40	0.37	0.52	0.51	0.49	0.48	0.46	0.38	0.79	0.88	0.88
136	756.61	1.81	1.81	0.93	0.63	0.50	0.44	0.34	0.30	0.43	0.40	0.50	0.42	0.55	0.43	0.43	0.46	0.50	0.44	0.47	0.41	0.55	0.45	0.00	0.37	0.41	0.46	0.32	0.34	0.45	0.42	0.38	0.48	0.57	0.46	0.42	0.37	0.52	0.49	0.47	0.41	0.39	0.67	0.85	1.08	1.08
137	759.93	1.80	1.80	0.80	0.61	0.49	0.41	0.37	0.30	0.43	0.41	0.48	0.37	0.48	0.36	0.36	0.43	0.48	0.39	0.42	0.39	0.50	0.40	0.00	0.35	0.35	0.39	0.34	0.33	0.40	0.39	0.32	0.44	0.50	0.42	0.37	0.37	0.43	0.49	0.45	0.35	0.32	0.50	0.80	0.89	0.89
138	763.25	1.75	1.75	0.84	0.71	0.49	0.41	0.34	0.30	0.44	0.35	0.48	0.40	0.49	0.35	0.37	0.45	0.46	0.40	0.44	0.40	0.48	0.41	0.00	0.33	0.39	0.35	0.29	0.28	0.39	0.36	0.33	0.37	0.47	0.41	0.36	0.33	0.45	0.44	0.42	0.35	0.26	0.50	0.77	0.91	0.91
139	766.57	1.86	1.86	0.97	0.63	0.45	0.40	0.36	0.31	0.40	0.36	0.50	0.36	0.53	0.41	0.36	0.41	0.45	0.43	0.46	0.39	0.54	0.42	0.00	0.34	0.39	0.40	0.31	0.30	0.40	0.35	0.33	0.39	0.52	0.40	0.34	0.32	0.44	0.45	0.45	0.35	0.38	0.45	0.73	0.93	0.93
140	769.89	2.08	2.08	1.04	0.68	0.50	0.49	0.35	0.33	0.52	0.41	0.62	0.40	0.53	0.41	0.38	0.46	0.46	0.42	0.50	0.48	0.52	0.48	0.00	0.39	0.40	0.46	0.35	0.35	0.50	0.41	0.35	0.46	0.58	0.48	0.40	0.35	0.55	0.51	0.50	0.34	0.35	0.54	0.89	1.07	1.07
141	773.20	1.93	1.93	1.11	0.75	0.59	0.50	0.38	0.31	0.54	0.40	0.51	0.48	0.55	0.43	0.37	0.42	0.54	0.43	0.48	0.47	0.54	0.47	0.00	0.35	0.44	0.51	0.36	0.38	0.51	0.43	0.35	0.49	0.61	0.46	0.44	0.40	0.52	0.49	0.56	0.43	0.40	0.67	0.81	0.92	0.92
142	776.52	2.04	2.04	1.11	0.63	0.48	0.40	0.35	0.37	0.48	0.41	0.50	0.42	0.56	0.42	0.39	0.45	0.52	0.38	0.52	0.38	0.53	0.43	0.00	0.31	0.44	0.50	0.36	0.36	0.50	0.47	0.42	0.49	0.59	0.47	0.44	0.37	0.52	0.53	0.50	0.47	0.44	0.56	0.70	1.27	1.27
143	779.84	2.06	2.06	0.95	0.83	0.48	0.46	0.46	0.41	0.57	0.47	0.66	0.50	0.64	0.50	0.44	0.56	0.57	0.51	0.54	0.51	0.57	0.50	0.00	0.41	0.49	0.48	0.36	0.43	0.48	0.48	0.42	0.50	0.64	0.48	0.42	0.45	0.60	0.59	0.52	0.48	0.43	0.67	0.96	1.70	1.70
144	783.15	1.93	1.93	1.05	0.66	0.50	0.47	0.39	0.31	0.52	0.42	0.53	0.48	0.62	0.51	0.42	0.44	0.56	0.49	0.55	0.48	0.58	0.49	0.00	0.40	0.43	0.52	0.39	0.42	0.47	0.42	0.42	0.52	0.62	0.47	0.48	0.40	0.57	0.59	0.57	0.45	0.45	0.59	0.78	0.81	0.81
145	786.46	1.81	1.81	0.87	0.82	0.51	0.52	0.32	0.35	0.50	0.46	0.60	0.42	0.58	0.40	0.42	0.49	0.55	0.48	0.53	0.47	0.57	0.45	0.00	0.37	0.47	0.51	0.37	0.38	0.51	0.45	0.45	0.52	0.58	0.50	0.45	0.44	0.57	0.54	0.52	0.45	0.38	0.57	0.82	1.19	1.19
146	789.78	2.16	2.16	0.85	0.55	0.39	0.47	0.36	0.35	0.49	0.40	0.52	0.45	0.53	0.45	0.40	0.45	0.50	0.43	0.49	0.42	0.56	0.49	0.00	0.35	0.43	0.48	0.33	0.34	0.46	0.42	0.39	0.45	0.59	0.46	0.43	0.41	0.51	0.47	0.48	0.43	0.37	0.50	0.69	1.39	1.39
147	793.09	2.19	2.19	0.93	0.66	0.43	0.45	0.32	0.40	0.50	0.42	0.57	0.46	0.56	0.48	0.37	0.47	0.51	0.43	0.50	0.42	0.53	0.49	0.00	0.41	0.41	0.50	0.39	0.37	0.47	0.41	0.41	0.47	0.61	0.46	0.44	0.39	0.55	0.60	0.49	0.43	0.51	0.67	0.80	0.96	0.96
148	796.40	1.86	1.86	1.09	0.63	0.51	0.43	0.34	0.37	0.51	0.39	0.61	0.39	0.55	0.44	0.36	0.39	0.51	0.45	0.49	0.44	0.53	0.46	0.00	0.35	0.40	0.48	0.31	0.32	0.44	0.40	0.38	0.45	0.60	0.50	0.40	0.42	0.48	0.53	0.46	0.40	0.38	0.55	0.87	0.95	0.95
149	799.71	1.64	1.64	0.92	0.66	0.47	0.48	0.42	0.33	0.47	0.44	0.54	0.41	0.54	0.46	0.40	0.46	0.55	0.51	0.50	0.46	0.57	0.48	0.00	0.39	0.42	0.46	0.37	0.38	0.49	0.48	0.42	0.46	0.54	0.45	0.46	0.45	0.57	0.49	0.50	0.36	0.37	0.64	0.70	1.01	1.01
150	803.02	1.77	1.77	1.03	0.67	0.45	0.44	0.39	0.34	0.50	0.45	0.51	0.46	0.55	0.46	0.39	0.48	0.49	0.41	0.48	0.49	0.52	0.49	0.00	0.37	0.42	0.50	0.40	0.39	0.48	0.43	0.42	0.49	0.60	0.51	0.42	0.40	0.49	0.55	0.57	0.45	0.43	0.59	0.68	0.97	0.97
151	806.33	2.29	2.29	0.88	0.61	0.40	0.52	0.37	0.37	0.50	0.36	0.56	0.42	0.59	0.44	0.40	0.42	0.49	0.45	0.51	0.46	0.55	0.42	0.00	0.35	0.43	0.45	0.34	0.31	0.43	0.43	0.40	0.39	0.61	0.51	0.47	0.46	0.53	0.56	0.44	0.47	0.40	0.57	0.79	1.30	1.30
152	809.64	1.69	1.69	1.25	0.75	0.47	0.42	0.39	0.36	0.52	0.49	0.59	0.45	0.57	0.43	0.40	0.48	0.53	0.45	0.54	0.46	0.60	0.49	0.00	0.36	0.43	0.45	0.35	0.39	0.46	0.36	0.37	0.42	0.58	0.46	0.35	0.35	0.56	0.50	0.55	0.45	0.39	0.48	0.68	1.18	1.18
153	812.94	1.58	1.58	1.19	0.66	0.55	0.49	0.40	0.41	0.57	0.45	0.58	0.45	0.54	0.50	0.46	0.50	0.54	0.49	0.54	0.47	0.61	0.49	0.00	0.42	0.43	0.49	0.40	0.40	0.48	0.48	0.42	0.46	0.58	0.48	0.49	0.41	0.54	0.54	0.52	0.45	0.41	0.68	0.99	1.25	1.25
154	816.25	1.86	1.86	0.97	0.67	0.50	0.42	0.35	0.24	0.44	0.32	0.47	0.39	0.45	0.38	0.34	0.39	0.44	0.37	0.45	0.34	0.38	0.39	0.00	0.30	0.37	0.42	0.34	0.32	0.45	0.37	0.35	0.44	0.50	0.43	0.35	0.35	0.45	0.41	0.49	0.34	0.44	0.51	0.85	1.17	1.17
155	819.55	1.84	1.84	0.72	0.58	0.42	0.32	0.24	0.21	0.31	0.26	0.34	0.29	0.35	0.29	0.26	0.29	0.35	0.30	0.33	0.27	0.35	0.28	0.00	0.23	0.26	0.34	0.24	0.23	0.31	0.26	0.25	0.30	0.36	0.29	0.29	0.27	0.35	0.35	0.35	0.29	0.22	0.44	0.72	0.87	0.87
156	822.86	1.66	1.66	0.71	0.58	0.38	0.30	0.21	0.19	0.26	0.25	0.31	0.24	0.31	0.25	0.23	0.27	0.32	0.25	0.31	0.24	0.31	0.25	0.00	0.20	0.23	0.26	0.21	0.19	0.26	0.23	0.21	0.29	0.34	0.26	0.23	0.22	0.31	0.28	0.32	0.24	0.24	0.42	0.58	0.66	0.66
157	826.16	1.67	1.67	0.76	0.64	0.40	0.29	0.21	0.20	0.26	0.22	0.31	0.23	0.34	0.27	0.22	0.28	0.31	0.27	0.32	0.24	0.32	0.27	0.00	0.22	0.25	0.29	0.22	0.20	0.27	0.23	0.21	0.28	0.36	0.28	0.26	0.22	0.33	0.32	0.34	0.23	0.23	0.38	0.59	0.63	0.63
158	829.46	1.84	1.84	0.85	0.61	0.37	0.35	0.26	0.23	0.29	0.27	0.34	0.28	0.36	0.30	0.26	0.28	0.35	0.31	0.35	0.26	0.34	0.30	0.00	0.23	0.27	0.32	0.24	0.23	0.30	0.26	0.26	0.28	0.38	0.31	0.30	0.25	0.34	0.33	0.39	0.26	0.24	0.44	0.66	0.79	0.79
159	832.76	1.88	1.88	0.80	0.64	0.45	0.38	0.28	0.22	0.30	0.27	0.38	0.32	0.42	0.33	0.27	0.30	0.41	0.31	0.37	0.30	0.35	0.33	0.00	0.25	0.30	0.36	0.28	0.26	0.35	0.28	0.27	0.32	0.41	0.35	0.32	0.28	0.36	0.37	0.41	0.28	0.28	0.50	0.62	0.76	0.76
160	836.06	1.80	1.80	0.80	0.64	0.36	0.35	0.23	0.25	0.41	0.30	0.40	0.32	0.42	0.33	0.26	0.32	0.43	0.33	0.40	0.31	0.39	0.33	0.00	0.29	0.31	0.37	0.27	0.29	0.37	0.31	0.33	0.33	0.47	0.40	0.37	0.32	0.41	0.42	0.43	0.35	0.30	0.46	0.83	0.77	0.77
161	839.36	1.84	1.84	0.84	0.69	0.50	0.48	0.32	0.27	0.47	0.41	0.54	0.40	0.50	0.41	0.35	0.37	0.43	0.40	0.42	0.41	0.45	0.38	0.00	0.31	0.36	0.41	0.29	0.34	0.41	0.38	0.35	0.40	0.49	0.44	0.40	0.35	0.51	0.47	0.48	0.39	0.39	0.41	0.77	0.93	0.93
162	842.66	1.95	1.95	0.88	0.77	0.48	0.47	0.37	0.35	0.55	0.47	0.49	0.41	0.54	0.48	0.38	0.46	0.53	0.53	0.56	0.43	0.53	0.45	0.00	0.44	0.44	0.51	0.40	0.38	0.45	0.42	0.41	0.45	0.53	0.44	0.46	0.39	0.53	0.44	0.52	0.42	0.35	0.66	0.83	1.13	1.13
163	845.96	2.51	2.51	1.12	0.91	0.56	0.48	0.51	0.35	0.54	0.48	0.54	0.49	0.67	0.53	0.44	0.52	0.57	0.49	0.58	0.42	0.60	0.56	0.00	0.41	0.44	0.64	0.45	0.47	0.59	0.57	0.42	0.55	0.65	0.55	0.49	0.46	0.62	0.64	0.64	0.57	0.57	0.64	0.94	1.60	1.60
164	849.25	3.52	3.52	1.19	0.86	0.70	0.63	0.46	0.49	0.65	0.62	0.65	0.57	0.77	0.59	0.61	0.58	0.66	0.60	0.60	0.62	0.70	0.56	0.00	0.48	0.54	0.68	0.50	0.50	0.53	0.54	0.50	0.63	0.77	0.54	0.58	0.48	0.61	0.75	0.71	0.64	0.74	0.89	1.25	1.97	1.97
165	852.55	2.41	2.41	1.36	0.87	0.76	0.76	0.64	0.56	0.69	0.52	0.59	0.53	0.76	0.64	0.46	0.59	0.71	0.66	0.57	0.60	0.66	0.71	0.00	0.51	0.56	0.58	0.46	0.45	0.55	0.55	0.49	0.57	0.79	0.55	0.57	0.63	0.65	0.74	0.74	0.75	0.84	0.80	1.14	1.87	1.87
166	855.84	3.44	3.44	1.32	0.98	0.82	0.71	0.51	0.63	0.72	0.70	0.73	0.59	0.81	0.67	0.54	0.71	0.64	0.59	0.73	0.65	0.80	0.58	0.00	0.62	0.58	0.72	0.57	0.57	0.70	0.68	0.56	0.57	0.80	0.76	0.67	0.57	0.75	0.75	0.84	0.84	0.71	1.23	1.30	2.02	2.02
167	859.13	2.74	2.74	1.32	0.84	0.55	0.80	0.57	0.53	0.56	0.60	0.52	0.62	0.56	0.60	0.50	0.54	0.72	0.49	0.59	0.56	0.67	0.47	0.00	0.41	0.56	0.60	0.51	0.55	0.53	0.45	0.44	0.56	0.61	0.51	0.41	0.59	0.48	0.63	0.52	0.73	0.52	0.93	1.66	2.99	2.99
168	862.42	4.12	4.12	1.32	0.97	0.63	0.58	0.49	0.58	0.53	0.48	0.55	0.50	0.64	0.55	0.45	0.41	0.55	0.57	0.52	0.52	0.58	0.53	0.00	0.34	0.44	0.59	0.36	0.44	0.52	0.44	0.47	0.53	0.64	0.62	0.52	0.52	0.73	0.58	0.61	0.65	0.93	0.61	0.81	2.10	2.10
169	865.71	2.51	2.51	1.31	0.91	0.53	0.64	0.53	0.50	0.62	0.51	0.58	0.51	0.62	0.62	0.50	0.54	0.59	0.62	0.53	0.58	0.77	0.61	0.00	0.51	0.54	0.63	0.45	0.49	0.55	0.50	0.47	0.57	0.66	0.53	0.45	0.48	0.74	0.64	0.66	0.67	0.67	0.94	1.43	1.52	1.52
170	869.00	2.46	2.46	1.23	0.84	0.60	0.43	0.39	0.35	0.58	0.49	0.63	0.53	0.61	0.52	0.40	0.47	0.53	0.52	0.52	0.46	0.52	0.43	0.00	0.42	0.39	0.55	0.38	0.40	0.42	0.46	0.49	0.48	0.63	0.47	0.45	0.39	0.44	0.54	0.60	0.59	0.46	0.70	0.74	1.83	1.83
171	872.29	2.13	2.13	1.30	0.64	0.44	0.56	0.52	0.42	0.48	0.50	0.53	0.46	0.64	0.44	0.42	0.51	0.43	0.44	0.48	0.46	0.50	0.48	0.00	0.37	0.47	0.46	0.37	0.41	0.46	0.48	0.36	0.50	0.52	0.49	0.47	0.43	0.45	0.55	0.64	0.51	0.52	0.74	0.81	1.57	1.57
172	875.58	1.88	1.88	0.83	0.73	0.42	0.48	0.36	0.23	0.38	0.30	0.34	0.34	0.41	0.33	0.35	0.35	0.42	0.32	0.39	0.33	0.34	0.39	0.00	0.29	0.26	0.43	0.22	0.27	0.35	0.35	0.28	0.42	0.42	0.36	0.31	0.28	0.35	0.43	0.41	0.36	0.39	0.62	0.80	0.86	0.86
173	878.86	1.89	1.89	0.87	0.66	0.46	0.32	0.27	0.27	0.24	0.22	0.34	0.19	0.32	0.27	0.23	0.24	0.31	0.30	0.27	0.24	0.38	0.28	0.00	0.19	0.23	0.34	0.22	0.19	0.25	0.19	0.21	0.26	0.35	0.29	0.24	0.30	0.40	0.31	0.37	0.37	0.25	0.36	0.59	0.81	0.81
174	882.15	1.74	1.74	0.79	0.57	0.43	0.35	0.26	0.20	0.23	0.21	0.30	0.19	0.28	0.27	0.22	0.25	0.28	0.24	0.27	0.26	0.28	0.19	0.00	0.19	0.21	0.25	0.17	0.19	0.25	0.20	0.19	0.21	0.32	0.25	0.24	0.28	0.32	0.28	0.31	0.22	0.23	0.37	0.55	0.77	0.77
175	885.43	1.78	1.78	1.01	0.61	0.41	0.37	0.33	0.23	0.30	0.23	0.32	0.22	0.31	0.26	0.21	0.23	0.33	0.24	0.35	0.23	0.27	0.27	0.00	0.21	0.27	0.29	0.25	0.22	0.27	0.27	0.23	0.27	0.34	0.33	0.29	0.25	0.33	0.31	0.38	0.32	0.25	0.34	0.79	0.98	0.98
176	888.71	2.25	2.25	0.82	0.70	0.45	0.42	0.27	0.22	0.32	0.23	0.29	0.29	0.36	0.32	0.27	0.28	0.36	0.29	0.39	0.27	0.35	0.30	0.00	0.21	0.30	0.38	0.23	0.26	0.33	0.29	0.25	0.32	0.41	0.32	0.33	0.30	0.34	0.31	0.37	0.33	0.30	0.44	0.67	0.98	0.98
177	892.00	1.86	1.86	0.67	0.67	0.38	0.35	0.28	0.33	0.29	0.22	0.36	0.25	0.39	0.36	0.24	0.25	0.39	0.32	0.32	0.30	0.35	0.26	0.00	0.22	0.24	0.36	0.22	0.23	0.28	0.27	0.28	0.26	0.41	0.34	0.31	0.31	0.39	0.35	0.38	0.42	0.38	0.46	0.70	0.82	0.82
178	895.27	1.80	1.80	1.05	0.59	0.35	0.30	0.28	0.24	0.36	0.36	0.40	0.32	0.34	0.30	0.28	0.32	0.36	0.32	0.38	0.30	0.35	0.29	0.00	0.24	0.26	0.30	0.23	0.20	0.29	0.27	0.26	0.32	0.39	0.35	0.34	0.34	0.36	0.39	0.36	0.32	0.34	0.42	0.57	0.80	0.80
179	898.55	1.89	1.89	0.74	0.52	0.40	0.45	0.29	0.22	0.30	0.29	0.39	0.28	0.31	0.27	0.22	0.33	0.36	0.30	0.36	0.28	0.33	0.29	0.00	0.21	0.31	0.33	0.27	0.26	0.35	0.31	0.26	0.29	0.36	0.30	0.32	0.28	0.34	0.38	0.42	0.32	0.37	0.48	0.86	1.06	1.06
180	901.83	2.39	2.39	0.97	0.64	0.45	0.45	0.29	0.24	0.31	0.29	0.41	0.28	0.37	0.30	0.24	0.32	0.36	0.32	0.36	0.29	0.38	0.35	0.00	0.30	0.29	0.35	0.32	0.26	0.38	0.29	0.25	0.37	0.40	0.34	0.38	0.35	0.32	0.41	0.46	0.40	0.41	0.49	0.85	1.10	1.10
181	905.11	1.99	1.99	0.84	0.81	0.46	0.40	0.29	0.26	0.40	0.30	0.40	0.30	0.38	0.35	0.31	0.31	0.41	0.33	0.34	0.29	0.44	0.28	0.00	0.25	0.33	0.42	0.27	0.24	0.29	0.33	0.27	0.36	0.41	0.39	0.37	0.29	0.44	0.36	0.34	0.47	0.43	0.52	0.56	0.98	0.98
182	908.38	1.66	1.66	0.92	0.73	0.63	0.48	0.40	0.33	0.38	0.28	0.44	0.31	0.46	0.30	0.30	0.35	0.39	0.41	0.41	0.38	0.41	0.33	0.00	0.23	0.34	0.41	0.33	0.31	0.37	0.27	0.32	0.35	0.43	0.43	0.36	0.35	0.44	0.42	0.44	0.47	0.36	0.40	0.91	1.04	1.04
183	911.65	2.54	2.54	0.93	0.75	0.37	0.41	0.32	0.23	0.29	0.27	0.38	0.30	0.39	0.30	0.31	0.27	0.34	0.34	0.35	0.25	0.41	0.31	0.00	0.30	0.29	0.47	0.25	0.28	0.29	0.34	0.29	0.29	0.39	0.28	0.34	0.31	0.33	0.45	0.45	0.27	0.32	0.55	0.59	1.17	1.17
184	914.93	1.48	1.48	0.83	0.66	0.41	0.41	0.26	0.27	0.29	0.28	0.32	0.34	0.29	0.29	0.25	0.25	0.33	0.29	0.33	0.24	0.33	0.28	0.00	0.25	0.27	0.30	0.26	0.20	0.22	0.24	0.18	0.22	0.30	0.25	0.28	0.25	0.30	0.33	0.45	0.35	0.35	0.39	0.68	1.80	1.80
185	918.20	2.24	2.24	0.81	0.55	0.44	0.38	0.30	0.20	0.32	0.29	0.34	0.28	0.36	0.26	0.28	0.26	0.36	0.28	0.32	0.29	0.34	0.29	0.00	0.20	0.30	0.28	0.24	0.19	0.22	0.20	0.18	0.22	0.34	0.26	0.23	0.30	0.34	0.36	0.37	0.40	0.49	0.43	0.66	1.11	1.11
186	921.47	2.29	2.29	0.91	0.72	0.50	0.47	0.28	0.28	0.37	0.37	0.52	0.26	0.44	0.33	0.32	0.38	0.41	0.34	0.39	0.38	0.46	0.31	0.00	0.30	0.30	0.37	0.29	0.30	0.26	0.26	0.24	0.29	0.37	0.32	0.40	0.32	0.39	0.31	0.50	0.45	0.45	0.45	0.87	1.66	1.66
187	924.74	2.10	2.10	1.51	0.79	0.58	0.56	0.45	0.48	0.44	0.46	0.48	0.44	0.47	0.44	0.36	0.46	0.41	0.51	0.41	0.45	0.48	0.50	0.00	0.38	0.37	0.43	0.36	0.46	0.49	0.37	0.52	0.50	0.49	0.44	0.42	0.48	0.62	0.52	0.61	0.49	0.57	0.69	1.20	1.79	1.79
188	928.00	2.54	2.54	1.29	0.96	0.78	0.76	0.62	0.51	0.61	0.53	0.63	0.55	0.59	0.61	0.51	0.60	0.61	0.51	0.66	0.59	0.68	0.54	0.00	0.41	0.61	0.60	0.49	0.46	0.51	0.50	0.52	0.53	0.60	0.49	0.48	0.60	0.66	0.66	0.70	0.57	0.54	1.16	1.52	2.07	2.07
189	931.27	3.58	3.58	1.92	1.02	0.91	0.55	0.56	0.58	0.69	0.38	0.70	0.66	0.63	0.51	0.53	0.51	0.63	0.49	0.60	0.56	0.49	0.47	0.00	0.41	0.48	0.47	0.43	0.37	0.44	0.44	0.38	0.43	0.56	0.34	0.45	0.42	0.54	0.75	0.68	0.79	0.78	0.92	1.61	3.36	3.36
190	934.53	2.81	2.81	1.40	0.98	0.88	0.74	0.60	0.46	0.55	0.61	0.61	0.49	0.49	0.53	0.52	0.50	0.54	0.57	0.47	0.54	0.69	0.46	0.00	0.50	0.52	0.58	0.47	0.46	0.49	0.47	0.46	0.51	0.64	0.52	0.53	0.50	0.67	0.61	0.68	0.48	0.84	0.94	1.45	2.67	2.67
191	937.80	2.49	2.49	1.21	0.82	0.73	0.84	0.42	0.46	0.46	0.37	0.54	0.41	0.56	0.49	0.42	0.44	0.36	0.42	0.50	0.45	0.48	0.45	0.00	0.42	0.38	0.44	0.29	0.32	0.47	0.37	0.46	0.42	0.63	0.57	0.45	0.40	0.48	0.66	0.53	0.47	0.41	0.66	0.88	2.64	2.64
192	941.06	3.06	3.06	0.94	0.63	0.62	0.72	0.53	0.48	0.48	0.53	0.42	0.52	0.46	0.47	0.40	0.52	0.48	0.41	0.49	0.44	0.51	0.41	0.00	0.37	0.42	0.46	0.34	0.33	0.41	0.40	0.34	0.38	0.44	0.43	0.47	0.44	0.43	0.53	0.56	0.58	0.58	0.90	1.13	1.82	1.82
193	944.32	2.72	2.72	1.00	0.79	0.78	0.57	0.50	0.49	0.34	0.29	0.38	0.42	0.45	0.30	0.39	0.32	0.31	0.28	0.41	0.34	0.38	0.31	0.00	0.31	0.31	0.36	0.35	0.29	0.33	0.33	0.29	0.38	0.49	0.45	0.37	0.32	0.35	0.51	0.49	0.51	0.66	0.92	0.85	1.75	1.75
194	947.58	2.93	2.93	1.42	0.76	0.67	0.57	0.39	0.39	0.45	0.31	0.39	0.39	0.52	0.43	0.35	0.39	0.41	0.37	0.44	0.46	0.50	0.35	0.00	0.34	0.28	0.29	0.28	0.31	0.27	0.31	0.25	0.32	0.37	0.38	0.43	0.37	0.41	0.43	0.53	0.48	0.62	0.62	1.23	2.49	2.49
195	950.83	3.19	3.19	0.99	1.01	0.73	0.59	0.59	0.54	0.46	0.39	0.50	0.46	0.45	0.40	0.27	0.35	0.36	0.50	0.40	0.37	0.41	0.45	0.00	0.40	0.40	0.46	0.29	0.30	0.40	0.41	0.41	0.45	0.56	0.43	0.46	0.39	0.48	0.61	0.38	0.62	0.67	0.50	1.48	2.53	2.53
196	954.09	2.77	2.77	1.33	1.18	0.93	0.53	0.61	0.46	0.61	0.50	0.52	0.44	0.65	0.40	0.46	0.43	0.55	0.50	0.47	0.48	0.55	0.45	0.00	0.46	0.43	0.53	0.41	0.38	0.48	0.38	0.53	0.44	0.52	0.60	0.39	0.44	0.62	0.50	0.81	0.93	0.68	1.23	1.02	3.04	3.04
197	957.34	4.17	4.17	1.89	1.00	0.84	1.11	1.04	0.70	0.86	0.79	0.75	0.74	0.80	0.67	0.68	0.70	0.61	0.54	0.80	0.65	0.73	0.60	0.00	0.66	0.66	0.72	0.63	0.62	0.73	0.63	0.75	0.76	0.72	0.92	0.72	0.78	0.79	0.89	0.83	0.97	0.89	1.68	1.72	3.65	3.65
198	960.60	6.67	6.67	2.72	1.71	1.91	1.39	0.81	1.12	1.04	0.78	0.79	0.74	0.87	0.73	0.61	0.54	0.92	0.61	0.72	0.74	0.80	0.65	0.00	0.77	1.03	0.84	0.64	0.61	0.70	0.73	0.83	0.60	0.81	0.85	0.81	0.67	0.92	1.09	0.85	1.40	1.25	1.81	3.06	4.37	4.37
199	963.85	5.95	5.95	3.51	1.54	1.39	1.18	1.04	1.10	1.00	1.01	1.06	1.01	0.74	1.03	0.66	0.82	1.05	1.00	1.03	0.99	1.12	1.03	0.00	0.73	0.88	0.88	0.73	0.64	0.91	0.82	0.68	0.84	0.86	0.70	0.80	0.67	1.05	1.17	1.15	1.11	1.01	1.51	2.57	2.21	2.21
200	967.10	4.22	4.22	2.11	1.55	1.49	1.08	0.88	0.94	0.97	0.74	0.70	0.67	0.73	0.72	0.61	0.87	0.64	0.67	0.65	0.67	0.61	0.75	0.00	0.59	0.80	0.68	0.51	0.56	0.78	0.57	0.68	0.84	0.80	0.78	0.63	0.75	0.74	0.79	1.27	1.15	1.09	1.78	2.25	4.28	4.28
201	970.35	3.77	3.77	3.54	1.58	1.27	1.14	0.75	0.91	0.76	0.81	0.74	0.84	0.81	0.62	0.73	0.85	0.79	0.68	0.93	0.74	0.72	0.62	0.00	0.75	0.69	0.69	0.73	0.65	0.66	0.71	0.69	0.66	0.61	0.82	0.81	0.81	0.77	0.83	0.99	0.88	1.09	1.62	2.52	3.85	3.85
202	973.59	4.25	4.25	1.51	1.54	1.07	1.01	0.76	0.70	0.62	0.66	0.60	0.71	0.51	0.42	0.53	0.50	0.58	0.57	0.54	0.58	0.54	0.64	0.00	0.39	0.43	0.61	0.42	0.43	0.39	0.61	0.52	0.48	0.54	0.67	0.56	0.57	0.83	0.71	0.66	0.77	1.29	1.21	1.37	4.05	4.05
203	976.84	4.16	4.16	1.63	1.01	0.74	0.86	0.59	0.47	0.50	0.61	0.42	0.52	0.52	0.40	0.49	0.35	0.50	0.40	0.56	0.53	0.64	0.52	0.00	0.36	0.48	0.43	0.46	0.41	0.53	0.49	0.50	0.33	0.65	0.55	0.56	0.39	0.59	0.52	0.61	0.61	0.92	1.36	1.53	3.54	3.54
204	980.08	3.15	3.15	2.02	1.32	1.04	0.89	0.76	0.82	0.55	0.67	0.58	0.62	0.53	0.59	0.57	0.54	0.54	0.55	0.61	0.65	0.58	0.59	0.00	0.57	0.52	0.50	0.64	0.49	0.49	0.60	0.53	0.50	0.65	0.64	0.51	0.62	0.66	0.66	0.64	0.79	0.82	1.56	1.52	3.27	3.27
205	983.32	4.90	4.90	1.94	1.41	1.26	1.05	0.98	0.66	0.80	0.68	0.67	0.68	0.65	0.61	0.55	0.83	0.63	0.65	0.62	0.62	0.66	0.61	0.00	0.57	0.58	0.57	0.55	0.54	0.64	0.67	0.63	0.60	0.70	0.79	0.70	0.71	0.77	0.83	0.72	0.87	1.06	1.44	2.35	3.70	3.70
206	986.56	4.57	4.57	2.12	1.56	1.07	0.98	0.61	0.82	0.96	0.65	0.67	0.97	0.80	0.91	0.52	0.71	0.67	0.60	0.62	0.64	0.59	0.65	0.00	0.61	0.59	0.58	0.52	0.64	0.61	0.65	0.51	0.56	0.65	0.66	0.71	0.61	0.66	0.73	1.05	0.76	1.34	1.35	2.95	4.61	4.61
207	989.80	4.89	4.89	2.86	1.46	1.52	1.07	0.95	0.78	0.66	0.92	0.79	0.62	0.60	0.53	0.60	0.63	0.58	0.49	0.59	0.67	0.72	0.60	0.00	0.58	0.54	0.61	0.50	0.62	0.67	0.61	0.69	0.57	0.72	0.68	0.61	0.77	0.64	0.72	0.86	0.85	1.52	1.14	1.75	4.42	4.42
208	993.04	4.72	4.72	2.47	1.15	1.06	1.35	0.69	0.84	0.88	0.66	0.65	0.84	0.73	0.68	0.65	0.68	0.68	0.69	0.65	0.79	0.73	0.69	0.00	0.68	0.59	0.65	0.62	0.52	0.67	0.73	0.69	0.54	0.84	0.81	0.63	0.78	0.70	0.85	1.02	1.02	1.27	1.54	1.09	3.19	3.19
209	996.28	5.24	5.24	2.09	1.79	1.34	1.01	0.83	1.01	0.85	0.61	0.75	0.68	0.58	0.61	0.56	0.61	0.72	0.66	0.67	0.64	0.70	0.64	0.00	0.48	0.63	0.66	0.66	0.54	0.55	0.70	0.69	0.66	0.58	0.51	0.57	0.74	0.71	0.76	1.32	1.07	1.39	1.78	3.46	5.47	5.47
210	999.51	6.52	6.52	3.06	2.29	1.78	1.60	1.47	1.37	1.47	0.91	0.95	1.13	1.04	0.80	0.88	0.85	1.20	0.78	0.91	0.93	0.82	0.92	0.01	0.93	0.81	1.13	0.79	0.92	0.89	0.84	0.80	0.93	0.85	0.89	0.99	1.07	1.24	1.53	0.94	1.39	1.31	2.32	2.65	7.81	7.81
211	1002.74	10.38	10.38	3.75	4.13	2.36	1.91	1.80	1.57	1.69	1.19	1.55	1.50	1.46	1.40	1.24	1.36	1.28	1.21	1.25	1.31	1.33	1.10	0.01	1.22	1.52	1.13	1.46	0.99	1.44	1.41	1.48	1.46	1.33	1.52	1.64	1.20	1.80	2.25	2.18	1.91	1.82	3.59	4.02	8.96	8.96
212	1005.98	11.36	11.36	6.98	3.72	3.18	2.66	2.33	1.92	2.09	2.36	1.72	1.57	1.62	1.55	1.60	1.75	1.56	1.73	1.59	1.61	1.85	1.86	0.01	1.52	1.44	1.64	1.37	1.53	1.43	1.79	1.42	1.40	1.67	1.70	1.96	1.69	2.21	2.63	1.77	2.91	1.90	4.06	5.77	8.46	8.46
213	1009.21	19.02	19.02	4.62	5.31	3.28	2.57	2.38	2.08	2.40	1.53	1.27	1.46	1.32	1.27	1.34	1.31	1.15	1.30	1.34	1.16	1.36	1.09	0.01	1.14	1.44	1.10	1.36	1.31	1.63	1.31	1.44	1.34	1.83	1.66	2.07	1.78	1.79	1.65	2.04	2.14	2.75	4.95	8.93	12.11	12.11
214	1012.43	15.33	15.33	7.24	2.88	4.23	2.78	2.89	1.81	1.92	2.39	1.85	1.84	1.84	1.64	1.80	1.73	1.75	1.91	1.91	1.87	1.91	1.97	0.02	2.04	1.66	1.76	2.15	1.72	1.98	1.85	1.93	2.12	1.80	2.14	2.00	2.11	1.87	2.33	2.50	2.27	2.58	3.63	6.20	12.53	12.53
215	1015.66	11.03	11.03	8.30	6.58	3.53	3.18	2.37	3.70	1.81	2.43	1.67	2.25	1.46	1.54	1.58	1.90	1.55	1.31	1.65	1.21	1.62	1.43	0.01	1.68	1.85	2.06	1.27	1.36	1.51	1.72	2.11	2.07	1.97	2.29	2.18	2.30	1.81	1.82	3.09	3.43	4.38	3.07	6.53	15.75	15.75
216	1018.88	19.83	19.83	10.47	5.52	4.66	3.89	4.81	4.17	2.85	2.50	4.11	3.03	3.11	2.85	2.62	2.70	3.22	2.52	2.70	3.26	3.10	2.85	0.02	2.97	2.70	3.44	2.67	2.81	2.65	2.51	2.66	2.53	3.53	3.55	2.57	3.00	3.32	3.69	3.49	4.09	4.36	6.76	11.35	24.67	24.67
217	1022.11	28.18	28.18	14.71	11.53	8.06	7.54	5.13	2.57	3.77	2.75	4.35	3.66	4.03	3.35	2.22	2.90	3.39	2.20	3.87	3.18	2.85	2.29	0.01	3.80	2.90	3.44	3.74	3.24	3.31	3.40	4.68	3.01	3.53	2.68	4.25	4.76	4.77	4.09	4.16	7.21	5.90	8.26	19.26	30.10	30.10
218	1025.33	35.83	35.83	26.61	16.53	10.04	8.24	6.98	7.82	6.26	6.26	6.38	5.64	4.29	3.59	3.65	4.09	3.73	3.96	3.56	5.88	3.34	3.85	0.03	3.34	4.08	4.22	3.92	3.79	4.45	4.86	5.41	5.34	4.73	3.93	5.18	5.71	4.40	7.02	6.34	8.48	12.19	11.95	16.84	37.06	37.06
219	1028.55	47.96	47.96	20.90	18.91	8.84	7.59	8.34	5.74	7.16	7.02	6.50	6.64	6.65	6.47	6.23	5.41	6.11	5.95	5.19	5.50	5.29	4.65	0.04	5.70	5.47	6.68	5.82	5.34	5.43	7.05	5.14	6.38	7.01	6.29	7.81	5.45	8.16	7.46	7.50	9.69	14.93	13.88	22.75	68.86	68.86
220	1031.77	37.90	37.90	23.03	18.87	12.87	13.85	13.00	11.14	7.07	8.31	7.99	8.36	7.07	6.41	8.27	8.21	8.20	7.63	7.47	6.92	6.45	7.52	0.05	6.88	8.00	6.64	8.17	6.43	7.56	6.16	6.91	7.59	7.72	8.82	8.70	8.61	8.05	8.77	10.70	14.89	12.83	18.09	21.56	51.48	51.48
221	1034.98	62.08	62.08	29.78	17.44	21.60	18.50	10.63	15.41	11.54	10.22	9.75	9.35	8.03	8.23	6.76	6.48	7.49	8.69	8.24	7.38	7.62	8.60	0.05	7.24	6.78	7.44	6.77	7.18	7.20	9.10	7.99	7.63	9.02	8.69	10.29	11.50	9.95	15.41	15.04	15.24	15.18	20.62	21.46	69.08	69.08
222	1038.20	74.77	74.77	31.90	29.18	14.11	14.71	19.38	14.04	14.33	7.54	11.98	9.98	8.93	8.44	9.33	10.10	9.12	9.87	9.43	8.69	10.92	6.59	0.03	10.43	8.05	8.41	8.67	9.49	9.19	6.55	7.32	9.08	8.14	8.40	10.23	11.03	16.85	17.22	13.41	18.58	18.92	25.48	27.50	64.27	64.27
223	1041.41	104.11	104.11	46.95	31.08	19.67	23.04	17.18	15.17	12.69	15.36	15.12	17.50	14.39	16.14	14.31	11.27	9.93	12.91	9.90	10.00	14.97	10.59	0.08	14.72	11.86	13.94	10.92	14.52	13.18	13.90	13.02	11.35	11.19	11.79	18.77	14.14	12.77	18.35	19.90	25.32	29.91	44.17	58.53	92.70	92.70
224	1044.62	83.74	83.74	70.69	27.46	19.44	27.87	19.09	15.39	18.45	13.18	13.98	14.02	13.05	14.08	15.46	11.04	13.56	9.82	11.12	11.67	10.44	10.26	0.06	10.63	10.19	13.45	9.24	12.55	12.33	14.12	9.57	13.64	13.25	11.54	15.15	13.01	9.99	16.62	26.50	26.52	49.81	31.75	59.76	162.98	162.98
225	1047.83	185.80	185.80	106.66	50.20	36.97	30.76	28.73	23.63	18.79	19.16	16.67	18.82	19.03	17.64	16.97	15.28	16.65	15.56	12.37	13.75	14.39	15.65	0.09	21.10	13.73	17.33	12.46	12.91	16.70	18.45	15.26	12.11	16.64	14.38	22.88	28.61	18.75	25.45	17.20	40.13	29.85	56.76	41.63	98.95	98.95
226	1051.04	96.45	96.45	92.71	53.33	34.32	38.37	23.71	30.02	21.61	22.92	20.84	25.29	18.38	14.98	18.91	16.95	19.40	21.45	24.59	15.72	19.59	17.77	0.12	17.34	19.12	17.98	18.38	21.60	21.75	21.74	18.70	21.56	21.01	19.72	22.63	24.12	24.51	26.87	44.72	27.50	27.75	77.96	91.30	118.90	118.90
227	1054.24	131.51	131.51	106.81	68.78	52.84	50.45	46.94	24.51	29.96	34.73	26.23	23.32	29.04	23.12	22.11	24.42	22.99	23.06	23.52	24.31	29.56	30.09	0.15	18.60	24.51	21.72	24.13	28.09	29.87	20.25	23.39	26.75	28.86	23.08	20.53	29.42	35.27	31.87	41.32	44.54	65.19	50.31	104.23	243.13	243.13
228	1057.44	210.37	210.37	105.57	47.55	72.66	39.84	36.64	36.58	33.50	32.96	35.91	33.09	36.74	32.16	29.73	24.90	30.71	26.88	34.60	23.53	26.17	34.46	0.15	21.10	28.01	29.87	36.94	30.46	35.62	27.67	31.80	31.23	27.01	28.65	36.67	35.70	34.26	35.06	51.75	54.30	55.48	74.29	111.28	206.57	206.57
229	1060.65	226.70	226.70	143.46	111.45	74.23	64.09	58.53	49.28	38.72	38.99	42.87	47.04	41.01	33.58	32.01	31.83	33.09	33.29	31.27	36.81	44.90	38.37	0.23	45.02	34.99	35.58	34.14	43.33	38.87	30.19	36.53	46.98	43.95	49.73	33.93	57.93	43.70	59.42	43.79	54.38	89.64	151.57	177.28	282.12	282.12
230	1063.85	526.93	526.93	165.25	175.24	125.39	96.02	86.18	61.45	92.92	80.83	56.55	49.58	62.27	67.43	67.24	46.44	54.05	54.75	71.79	59.47	53.00	58.71	0.39	53.47	61.69	59.01	70.89	51.99	53.21	48.50	60.00	58.36	53.28	55.82	63.26	55.20	63.45	82.28	85.15	69.31	102.87	158.85	159.10	449.53	449.53
231	1067.04	680.10	680.10	307.01	152.19	159.12	107.92	87.67	108.28	108.88	90.19	76.38	72.84	78.26	79.30	70.17	89.42	74.02	90.39	64.26	92.59	65.37	70.05	0.52	76.57	78.79	91.12	71.27	89.68	73.87	91.69	81.31	77.71	90.15	70.45	88.39	88.69	69.59	99.52	114.21	101.96	153.36	159.67	396.98	373.29	373.29
232	1070.24	893.19	893.19	267.80	183.44	153.57	143.88	156.93	124.12	112.40	114.31	98.91	110.26	97.34	91.88	100.23	106.72	96.67	85.66	96.30	94.70	88.81	96.60	0.57	86.30	96.86	104.61	90.10	93.53	107.70	96.37	118.51	93.30	85.07	88.17	99.73	114.10	114.66	101.53	100.85	152.37	191.42	235.23	232.24	763.24	763.24
233	1073.43	652.47	652.47	458.66	207.18	213.07	147.96	222.85	102.54	153.08	109.11	76.41	117.42	91.23	97.47	90.05	90.42	104.89	72.68	80.68	77.87	90.96	72.43	0.50	95.80	90.45	105.26	90.85	91.15	114.99	101.63	105.45	103.46	88.34	71.59	88.59	113.89	83.18	121.42	166.67	163.37	255.86	435.57	311.49	854.37	854.37
234	1076.63	1124.67	1124.67	421.58	391.38	287.83	220.70	200.45	171.38	152.40	164.47	154.43	126.75	122.17	165.99	148.19	106.63	132.11	139.56	135.70	119.37	150.25	161.31	0.77	153.21	145.78	142.06	186.60	104.07	85.99	155.67	88.06	120.56	133.89	144.53	118.94	174.32	173.16	174.05	270.51	200.50	308.12	328.33	419.12	615.91	615.91
235	1079.82	1027.78	1027.78	409.66	544.89	292.11	228.34	334.35	190.51	238.87	181.97	164.97	140.75	123.44	138.91	76.59	85.79	105.73	60.63	109.77	140.63	94.34	118.20	0.59	105.44	110.77	119.42	102.31	97.23	109.53	72.18	105.86	88.18	142.60	128.20	148.77	157.95	147.03	156.83	341.37	218.15	294.05	378.99	670.83	895.87	895.87
236	1083.01	934.98	934.98	1283.85	556.75	542.03	401.63	376.42	247.72	277.85	301.65	185.55	194.86	111.74	355.54	170.54	127.83	174.26	140.56	190.81	204.44	186.10	200.95	0.74	180.29	183.93	258.12	191.79	136.61	201.28	241.87	221.27	215.29	239.48	305.42	266.93	244.03	284.16	349.62	415.69	515.81	568.88	737.22	982.72	1773.37	1773.37
237	1086.19	33620.71	33620.71	34909.78	109631.49	3565.09	5888.55	1179.00	1362.07	1282.30	994.27	627.91	925.40	584.46	462.58	403.75	578.06	435.27	398.23	544.26	438.89	240.25	378.36	2.27	405.13	544.00	314.25	502.55	254.41	441.43	387.92	427.53	739.96	442.45	438.91	424.98	638.18	1009.44	983.87	840.01	1969.59	914.49	1789.11	9148.05	8806.55	8806.55
238	1089.38	3687.01	3687.01	4201.11	4786.30	2064.69	6473.73	6718.11	23678.22	5102.60	2393.69	1324.85	1716.47	1602.22	1697.78	4172.19	63332.69	1929.26	1262.44	447.72	785.16	658.26	715.04	2.90	838.79	869.39	883.31	721.23	1566.35	5847.09	14167.25	2718.58	2726.68	1699.22	670.73	929.00	1353.09	1404.10	985.54	1452.19	2062.64	1245.49	3345.93	8021.99	5529.85	5529.85
239	1092.56	5353638.25	5353638.25	26067.46	6252.01	6768.67	1330.90	1101.73	1103.17	995.99	951.22	509.29	584.47	538.97	353.24	501.16	637.15	472.01	500.13	384.53	288.40	443.34	469.24	2.60	377.79	598.95	548.02	474.96	876.70	1058.02	793.69	881.67	957.96	1704.45	2016.12	1639.94	1058.44	1006.77	5071.35	3386.50	9463.99	38598.09	117540.01	23960.17	21892.87	21892.87
240	1095.74	52861.37	52861.37	40515.55	6986.30	4857.46	8753.23	1865.63	4103.93	4268.03	1443.52	3107.89	2312.84	4223.54	3496.18	1025.77	1238.01	5488.87	6008.37	7646.05	2375.85	5515.18	2471.61	13.92	8293.30	1764.23	7182.48	6150.53	9423.27	4919.12	12829.97	9183.18	13757.25	5837.47	17251.49	12283.33	7299.46	23995.89	65111.50	15009.64	65919.07	115379.88	27903.06	967800.82	1228664.66	1228664.66
241	1098.92	34777.04	34777.04	12047.38	6899.42	10596.89	78932.06	33812.05	13541.18	4936.43	8663.40	18251.99	4626.58	4967.67	5518.26	3849.19	10545.69	84515.90	148710.00	52124.14	11509.76	15964.26	18381.44	18.84	4253.55	5753.49	40309.45	128942.14	41253.47	12158.24	1977.19	6567.70	7297.23	10064.93	6471.23	4684.96	4847.04	3348.70	5020.94	5183.52	2882.72	9772.26	3485.85	13486.88	37223.25	37223.25
242	1102.10	1895583.19	1895583.19	47373.15	10194.57	4538.52	4101.87	1713.12	1530.91	1737.36	1410.48	1335.73	2092.80	1104.98	3009.90	5771.01	8700.55	2694.92	3399.83	13956.33	3807.60	2027.76	1989.80	3.90	1141.64	1640.80	1782.94	3843.67	2577.63	20507.48	11951.70	3521.49	2690.45	3673.16	1384.73	2469.39	2833.74	4743.94	2005.42	6202.11	6599.19	5992.77	43101.18	144725.83	66173.39	66173.39
243	1105.27	18139.62	18139.62	6079.21	17562.71	2530.69	5692.08	4897.90	2980.65	2986.85	2931.48	3067.76	2930.99	743.84	8357.93	19331.43	3434.94	14355.05	5389.44	57868.70	15703.74	23289.73	3371.07	19.27	811.22	12144.00	3449.52	2055.20	1215.01	2670.10	2875.19	1787.54	3404.28	4309.42	3952.48	3302.96	1884.61	2803.95	3468.68	2628.71	6095.86	15911.52	25124.62	27098.77	408624.13	408624.13
244	1108.45	25891.93	25891.93	48102.74	13935.45	9458.35	7222.60	8517.88	20123.91	76384.69	6164.29	3048.99	2295.11	2000.55	1778.03	1887.01	939.47	1368.97	711.50	991.21	549.60	826.64	970.69	2.88	594.69	626.47	790.93	864.53	1336.15	1534.34	8384.30	4880.08	5258.01	2615.65	2402.98	2363.54	2138.16	15397.63	3311.94	5054.67	5581.14	16211.19	68332.90	202675.51	109838.38	109838.38
245	1111.62	19354.40	19354.40	49054.85	22934.66	59497.98	23522.52	31806.10	3835.61	10609.13	4304.21	16681.26	10190.77	29328.08	28819.22	65981.80	24155.65	25137.89	11854.90	3607.54	31421.79	4716.55	10124.85	12.44	2326.94	17344.19	9091.96	4508.48	2334.87	1898.57	2071.23	2642.32	1527.44	3137.92	1751.88	2285.02	660.96	1887.97	2859.01	3007.27	148129.82	10794.43	14667.33	7469.13	20078.18	20078.18
246	1114.78	11432.40	11432.40	4101.42	3753.16	2842.17	2160.36	1692.02	828.29	1620.47	2397.90	2189.72	1353.76	927.82	1319.79	1161.87	2076.93	1204.81	2669.65	1788.01	1192.18	1808.81	1934.96	7.04	1476.80	2621.02	1850.95	2382.71	4263.17	3006.77	6491.48	4028.96	12957.37	7804.34	3450.26	3021.19	2284.57	3482.82	2419.94	3218.69	3415.23	2205.80	4316.40	11231.05	11266.82	11266.82
247	1117.95	469452.78	469452.78	127926.06	99559.22	297982.58	138577.59	279751.96	54231.11	424085.39	82644.87	106029.47	39155.87	75147.00	14628.45	83023.01	42558.80	34508.25	51502.82	16411.28	32952.91	1874.51	28380.59	21.74	12607.66	5323.43	5516.88	10215.51	13798.27	3675.83	9153.71	9114.54	2711.55	3657.19	4611.82	14178.35	8674.93	3338.84	4302.27	8344.94	10523.15	74033.00	20728.29	100141.29	169239.11	169239.11
248	1121.12	48682.81	48682.81	26936.82	13467.74	52281.20	12189.47	39454.53	13514.31	9842.23	13770.20	4002.75	51690.06	43639.21	57074.88	32866.94	41571.05	3442.66	17896.30	37118.60	57008.19	94874.13	85154.12	71.68	279407.27	112438.67	3072401.53	826444.00	530414.34	639878.98	155459.34	586233.78	397511.50	191369.94	246069.69	24726.06	172424.09	84930.96	93450.91	324692.42	57424.82	79073.26	252366.46	148140.01	307910.64	307910.64
249	1124.28	70861.05	70861.05	22560.77	11162.20	68634.22	92104.94	17374.72	9342.78	3208.69	8835.49	3912.01	5016.16	2473.87	3338763.27	2674.12	5784.14	13105.70	10430.22	31243.54	1116657.55	29447.09	3510.40	14.15	7962.71	19517.33	38536.52	3511.19	57679.37	33470.83	48775.33	10981.42	91142795.83	18976.51	73908.50	74589.09	50773.55	39536.78	29336.30	17951.36	7147.29	85181.54	26755.38	89093.52	95765.21	95765.21
250	1127.44	17058.59	17058.59	4230.04	2341.35	3429.14	4553.64	5001.52	3266.22	962.45	4044.01	3151.36	8736.68	12601.76	6173.18	53028.82	25382.27	11626.68	12044.87	2680.06	6266.30	1010.58	2268.03	9.55	1746.28	508.42	2687.87	2541.02	6666.84	1975.87	9469.69	5198.28	8195.65	1374.88	4180.21	11336.65	4590.23	12718.63	2676.11	16098.56	3094.47	16714.40	7025.65	6961.12	50098.86	50098.86
251	1130.60	28565.11	28565.11	62811.68	11564.21	6486.56	6903.98	4780.33	2857.61	2021.22	2447.27	1633.20	1832.61	5513.94	3402.59	1249.28	4310.75	2196.62	2405.70	3753.64	6191.24	3801.58	4891.58	11.17	5115.79	14687.13	2815.27	4428.07	12553.15	74846.77	352159.14	52072.23	27893.24	13739.54	11124.02	23128.69	5892.35	8170.65	2565.31	5405.65	5719.64	5496.07	8331.32	157661.28	17114.63	17114.63
252	1133.76	73644.67	73644.67	18165.00	10140.94	5028.60	16296.85	9557.31	9688.51	10915.65	3598.09	3102.58	10088.15	5747.33	4245.36	50454.55	9590.63	14543.19	8596.28	4532.32	1654.39	1412.29	5585.10	9.54	2296.18	5476.28	958.85	4318.33	3627.51	3330.65	5763.73	3448.05	2098.01	3420.91	6247.12	6687.29	7042.30	4006.60	11010.58	14430.18	9555.35	30943.51	20126.39	9144.67	151470.22	151470.22
253	1136.91	25846.90	25846.90	10855.29	2852.58	10757.89	4656.93	5458.12	2341.56	3870.92	5893.76	5565.78	3074.62	3587.55	7633.22	5897.31	8094.80	16832.89	14261.09	11126.43	23703.99	18357.50	37200.43	28.13	135600.20	65955.96	32077.24	10850.17	9872.55	4985.29	4818.22	12750.95	5542.01	3364.92	7227.87	2468.74	1056.48	1431.35	4233.13	5100.08	2474.66	4596.50	5311.46	5592.50	34093.76	34093.76
254	1140.06	139636.33	139636.33	113598.79	18487.11	51352.27	20563.28	31013.83	4568.91	41948.42	21453.55	8339.00	31891.33	36076.71	23064.52	11576.94	49673.75	73623.10	69751.51	327462.12	1626897.68	381084.13	33294.26	32.22	46719.09	76209.61	34114.12	9791.77	1334.40	9998.42	13632.12	9631.67	5288.66	9107.22	1775.73	6256.36	5576.63	7553.37	4679.37	6735.30	5484.14	9468.71	15308.35	43471.44	702539.67	702539.67
255	1143.21	1589.06	1589.06	1187.83	886.01	375.94	442.83	461.26	290.68	322.00	307.89	212.18	266.45	254.80	186.69	244.96	193.70	234.37	218.60	192.61	225.68	212.98	228.62	1.38	196.72	177.97	216.27	206.65	240.55	244.28	196.72	229.88	258.05	296.20	274.85	211.67	361.42	228.28	386.85	278.70	417.59	501.55	747.94	1083.88	2223.51	2223.51
[END_OF_UNCERTAINTY]
